institution,year,status,total
Akershus universitetssykehus HF,2013,diamant,12
Akershus universitetssykehus HF,2013,gull,50
Akershus universitetssykehus HF,2013,hybrid,8
Akershus universitetssykehus HF,2013,grønn,15
Akershus universitetssykehus HF,2013,lukket,143
Akershus universitetssykehus HF,2014,diamant,5
Akershus universitetssykehus HF,2014,gull,60
Akershus universitetssykehus HF,2014,hybrid,24
Akershus universitetssykehus HF,2014,grønn,16
Akershus universitetssykehus HF,2014,lukket,132
Akershus universitetssykehus HF,2015,diamant,12
Akershus universitetssykehus HF,2015,gull,67
Akershus universitetssykehus HF,2015,hybrid,28
Akershus universitetssykehus HF,2015,grønn,25
Akershus universitetssykehus HF,2015,lukket,151
Akershus universitetssykehus HF,2016,diamant,7
Akershus universitetssykehus HF,2016,gull,102
Akershus universitetssykehus HF,2016,hybrid,28
Akershus universitetssykehus HF,2016,grønn,42
Akershus universitetssykehus HF,2016,lukket,178
Akershus universitetssykehus HF,2017,diamant,10
Akershus universitetssykehus HF,2017,gull,128
Akershus universitetssykehus HF,2017,hybrid,30
Akershus universitetssykehus HF,2017,grønn,89
Akershus universitetssykehus HF,2017,lukket,97
Akershus universitetssykehus HF,2018,diamant,13
Akershus universitetssykehus HF,2018,gull,93
Akershus universitetssykehus HF,2018,hybrid,42
Akershus universitetssykehus HF,2018,grønn,86
Akershus universitetssykehus HF,2018,lukket,86
Akershus universitetssykehus HF,2019,diamant,11
Akershus universitetssykehus HF,2019,gull,122
Akershus universitetssykehus HF,2019,hybrid,33
Akershus universitetssykehus HF,2019,hybrid_avtale,14
Akershus universitetssykehus HF,2019,grønn,76
Akershus universitetssykehus HF,2019,deponert,1
Akershus universitetssykehus HF,2019,lukket,63
Akershus universitetssykehus HF,2020,diamant,11
Akershus universitetssykehus HF,2020,gull,125
Akershus universitetssykehus HF,2020,hybrid,30
Akershus universitetssykehus HF,2020,hybrid_avtale,68
Akershus universitetssykehus HF,2020,grønn,56
Akershus universitetssykehus HF,2020,deponert,1
Akershus universitetssykehus HF,2020,lukket,40
Akershus universitetssykehus HF,2021,diamant,12
Akershus universitetssykehus HF,2021,gull,175
Akershus universitetssykehus HF,2021,hybrid,51
Akershus universitetssykehus HF,2021,hybrid_avtale,100
Akershus universitetssykehus HF,2021,grønn,41
Akershus universitetssykehus HF,2021,lukket,48
Akershus universitetssykehus HF,2022,diamant,3
Akershus universitetssykehus HF,2022,gull,208
Akershus universitetssykehus HF,2022,hybrid,48
Akershus universitetssykehus HF,2022,hybrid_avtale,87
Akershus universitetssykehus HF,2022,grønn,44
Akershus universitetssykehus HF,2022,lukket,38
Akershus universitetssykehus HF,2023,diamant,12
Akershus universitetssykehus HF,2023,gull,174
Akershus universitetssykehus HF,2023,hybrid,60
Akershus universitetssykehus HF,2023,hybrid_avtale,87
Akershus universitetssykehus HF,2023,grønn,28
Akershus universitetssykehus HF,2023,lukket,40
Akershus universitetssykehus HF,2024,diamant,17
Akershus universitetssykehus HF,2024,gull,183
Akershus universitetssykehus HF,2024,hybrid,55
Akershus universitetssykehus HF,2024,hybrid_avtale,91
Akershus universitetssykehus HF,2024,grønn,28
Akershus universitetssykehus HF,2024,deponert,2
Akershus universitetssykehus HF,2024,lukket,44
Akershus universitetssykehus HF,2025,diamant,13
Akershus universitetssykehus HF,2025,gull,224
Akershus universitetssykehus HF,2025,hybrid,79
Akershus universitetssykehus HF,2025,hybrid_avtale,92
Akershus universitetssykehus HF,2025,grønn,31
Akershus universitetssykehus HF,2025,deponert,18
Akershus universitetssykehus HF,2025,lukket,43
Akvaplan-niva AS,2022,diamant,1
Akvaplan-niva AS,2022,gull,20
Akvaplan-niva AS,2022,hybrid,8
Akvaplan-niva AS,2022,hybrid_avtale,8
Akvaplan-niva AS,2022,grønn,5
Akvaplan-niva AS,2022,lukket,6
Akvaplan-niva AS,2023,gull,27
Akvaplan-niva AS,2023,hybrid,5
Akvaplan-niva AS,2023,hybrid_avtale,20
Akvaplan-niva AS,2023,grønn,6
Akvaplan-niva AS,2023,lukket,3
Akvaplan-niva AS,2024,diamant,1
Akvaplan-niva AS,2024,gull,29
Akvaplan-niva AS,2024,hybrid,7
Akvaplan-niva AS,2024,hybrid_avtale,10
Akvaplan-niva AS,2024,grønn,2
Akvaplan-niva AS,2024,lukket,6
Akvaplan-niva AS,2025,diamant,1
Akvaplan-niva AS,2025,gull,33
Akvaplan-niva AS,2025,hybrid,8
Akvaplan-niva AS,2025,hybrid_avtale,11
Akvaplan-niva AS,2025,grønn,2
Akvaplan-niva AS,2025,deponert,2
Akvaplan-niva AS,2025,lukket,6
Ansgar høyskole,2013,diamant,1
Ansgar høyskole,2013,grønn,1
Ansgar høyskole,2013,lukket,3
Ansgar høyskole,2014,gull,1
Ansgar høyskole,2014,grønn,1
Ansgar høyskole,2014,lukket,6
Ansgar høyskole,2015,diamant,1
Ansgar høyskole,2015,grønn,1
Ansgar høyskole,2015,lukket,4
Ansgar høyskole,2016,diamant,2
Ansgar høyskole,2016,gull,1
Ansgar høyskole,2016,lukket,6
Ansgar høyskole,2017,diamant,2
Ansgar høyskole,2017,lukket,2
Ansgar høyskole,2018,gull,1
Ansgar høyskole,2018,lukket,5
Ansgar høyskole,2019,diamant,1
Ansgar høyskole,2019,gull,1
Ansgar høyskole,2019,lukket,6
Ansgar høyskole,2020,diamant,2
Ansgar høyskole,2020,gull,1
Ansgar høyskole,2020,lukket,7
Ansgar høyskole,2021,diamant,2
Ansgar høyskole,2021,grønn,1
Ansgar høyskole,2021,lukket,6
Ansgar høyskole,2022,diamant,3
Ansgar høyskole,2022,grønn,1
Ansgar høyskole,2022,lukket,6
Ansgar høyskole,2023,diamant,5
Ansgar høyskole,2023,gull,2
Ansgar høyskole,2023,hybrid_avtale,1
Ansgar høyskole,2023,grønn,1
Ansgar høyskole,2023,lukket,8
Ansgar høyskole,2024,hybrid,3
Ansgar høyskole,2024,grønn,2
Ansgar høyskole,2024,lukket,3
Ansgar høyskole,2025,diamant,3
Ansgar høyskole,2025,gull,4
Ansgar høyskole,2025,hybrid_avtale,2
Ansgar høyskole,2025,lukket,2
Arkitektur- og designhøgskolen i Oslo,2013,diamant,3
Arkitektur- og designhøgskolen i Oslo,2013,gull,3
Arkitektur- og designhøgskolen i Oslo,2013,grønn,4
Arkitektur- og designhøgskolen i Oslo,2013,lukket,14
Arkitektur- og designhøgskolen i Oslo,2014,diamant,3
Arkitektur- og designhøgskolen i Oslo,2014,gull,3
Arkitektur- og designhøgskolen i Oslo,2014,grønn,8
Arkitektur- og designhøgskolen i Oslo,2014,lukket,9
Arkitektur- og designhøgskolen i Oslo,2015,diamant,3
Arkitektur- og designhøgskolen i Oslo,2015,gull,2
Arkitektur- og designhøgskolen i Oslo,2015,grønn,2
Arkitektur- og designhøgskolen i Oslo,2015,lukket,18
Arkitektur- og designhøgskolen i Oslo,2016,diamant,2
Arkitektur- og designhøgskolen i Oslo,2016,gull,3
Arkitektur- og designhøgskolen i Oslo,2016,grønn,7
Arkitektur- og designhøgskolen i Oslo,2016,lukket,7
Arkitektur- og designhøgskolen i Oslo,2017,diamant,4
Arkitektur- og designhøgskolen i Oslo,2017,gull,1
Arkitektur- og designhøgskolen i Oslo,2017,hybrid,5
Arkitektur- og designhøgskolen i Oslo,2017,grønn,7
Arkitektur- og designhøgskolen i Oslo,2017,lukket,3
Arkitektur- og designhøgskolen i Oslo,2018,diamant,1
Arkitektur- og designhøgskolen i Oslo,2018,gull,2
Arkitektur- og designhøgskolen i Oslo,2018,grønn,9
Arkitektur- og designhøgskolen i Oslo,2018,lukket,5
Arkitektur- og designhøgskolen i Oslo,2019,diamant,5
Arkitektur- og designhøgskolen i Oslo,2019,gull,3
Arkitektur- og designhøgskolen i Oslo,2019,hybrid_avtale,1
Arkitektur- og designhøgskolen i Oslo,2019,grønn,11
Arkitektur- og designhøgskolen i Oslo,2019,lukket,3
Arkitektur- og designhøgskolen i Oslo,2020,diamant,8
Arkitektur- og designhøgskolen i Oslo,2020,gull,4
Arkitektur- og designhøgskolen i Oslo,2020,hybrid,2
Arkitektur- og designhøgskolen i Oslo,2020,grønn,5
Arkitektur- og designhøgskolen i Oslo,2020,lukket,8
Arkitektur- og designhøgskolen i Oslo,2021,diamant,1
Arkitektur- og designhøgskolen i Oslo,2021,gull,7
Arkitektur- og designhøgskolen i Oslo,2021,hybrid,5
Arkitektur- og designhøgskolen i Oslo,2021,hybrid_avtale,2
Arkitektur- og designhøgskolen i Oslo,2021,grønn,2
Arkitektur- og designhøgskolen i Oslo,2021,lukket,11
Arkitektur- og designhøgskolen i Oslo,2022,diamant,8
Arkitektur- og designhøgskolen i Oslo,2022,gull,6
Arkitektur- og designhøgskolen i Oslo,2022,hybrid,6
Arkitektur- og designhøgskolen i Oslo,2022,hybrid_avtale,2
Arkitektur- og designhøgskolen i Oslo,2022,grønn,2
Arkitektur- og designhøgskolen i Oslo,2022,lukket,7
Arkitektur- og designhøgskolen i Oslo,2023,diamant,4
Arkitektur- og designhøgskolen i Oslo,2023,gull,6
Arkitektur- og designhøgskolen i Oslo,2023,hybrid,8
Arkitektur- og designhøgskolen i Oslo,2023,hybrid_avtale,3
Arkitektur- og designhøgskolen i Oslo,2023,grønn,6
Arkitektur- og designhøgskolen i Oslo,2023,lukket,8
Arkitektur- og designhøgskolen i Oslo,2024,diamant,1
Arkitektur- og designhøgskolen i Oslo,2024,gull,7
Arkitektur- og designhøgskolen i Oslo,2024,hybrid,4
Arkitektur- og designhøgskolen i Oslo,2024,grønn,1
Arkitektur- og designhøgskolen i Oslo,2024,lukket,3
Arkitektur- og designhøgskolen i Oslo,2025,diamant,4
Arkitektur- og designhøgskolen i Oslo,2025,gull,6
Arkitektur- og designhøgskolen i Oslo,2025,hybrid,3
Arkitektur- og designhøgskolen i Oslo,2025,hybrid_avtale,5
Arkitektur- og designhøgskolen i Oslo,2025,grønn,4
Arkitektur- og designhøgskolen i Oslo,2025,deponert,1
Arkitektur- og designhøgskolen i Oslo,2025,lukket,12
Arkivverket - Riksarkivet og statsarkivene,2019,diamant,1
Arkivverket - Riksarkivet og statsarkivene,2020,diamant,1
Arkivverket - Riksarkivet og statsarkivene,2021,diamant,2
Arkivverket - Riksarkivet og statsarkivene,2022,diamant,1
Arkivverket - Riksarkivet og statsarkivene,2023,diamant,1
Arkivverket - Riksarkivet og statsarkivene,2023,hybrid_avtale,1
Arkivverket - Riksarkivet og statsarkivene,2023,lukket,1
Arkivverket - Riksarkivet og statsarkivene,2024,hybrid_avtale,1
Arkivverket - Riksarkivet og statsarkivene,2024,lukket,1
Arkivverket - Riksarkivet og statsarkivene,2025,grønn,1
Barratt Due musikkinstitutt,2018,grønn,1
"Betanien Hospital, Skien",2013,lukket,1
"Betanien Hospital, Skien",2014,gull,1
"Betanien Hospital, Skien",2014,lukket,2
"Betanien Hospital, Skien",2015,gull,2
"Betanien Hospital, Skien",2015,lukket,1
"Betanien Hospital, Skien",2016,lukket,2
"Betanien Hospital, Skien",2017,gull,4
"Betanien Hospital, Skien",2017,lukket,3
"Betanien Hospital, Skien",2018,gull,3
"Betanien Hospital, Skien",2018,lukket,4
"Betanien Hospital, Skien",2019,hybrid,1
"Betanien Hospital, Skien",2019,lukket,1
"Betanien Hospital, Skien",2020,gull,2
"Betanien Hospital, Skien",2020,lukket,1
"Betanien Hospital, Skien",2021,hybrid,1
"Betanien Hospital, Skien",2021,grønn,1
"Betanien Hospital, Skien",2021,lukket,2
"Betanien Hospital, Skien",2022,gull,1
"Betanien Hospital, Skien",2023,gull,3
"Betanien Hospital, Skien",2023,hybrid,1
"Betanien Hospital, Skien",2023,hybrid_avtale,2
"Betanien Hospital, Skien",2024,gull,2
"Betanien Hospital, Skien",2024,lukket,1
"Betanien Hospital, Skien",2025,gull,1
"Betanien Hospital, Skien",2025,hybrid,1
"Betanien Hospital, Skien",2025,lukket,1
"Betanien sykehus, Bergen",2025,diamant,1
"Betanien sykehus, Bergen",2025,gull,4
"Betanien sykehus, Bergen",2025,hybrid_avtale,1
CICERO Senter for klimaforskning,2013,gull,36
CICERO Senter for klimaforskning,2013,hybrid,3
CICERO Senter for klimaforskning,2013,grønn,17
CICERO Senter for klimaforskning,2013,lukket,33
CICERO Senter for klimaforskning,2014,gull,14
CICERO Senter for klimaforskning,2014,hybrid,4
CICERO Senter for klimaforskning,2014,grønn,23
CICERO Senter for klimaforskning,2014,lukket,22
CICERO Senter for klimaforskning,2015,gull,19
CICERO Senter for klimaforskning,2015,hybrid,2
CICERO Senter for klimaforskning,2015,grønn,16
CICERO Senter for klimaforskning,2015,lukket,20
CICERO Senter for klimaforskning,2016,diamant,1
CICERO Senter for klimaforskning,2016,gull,22
CICERO Senter for klimaforskning,2016,hybrid,7
CICERO Senter for klimaforskning,2016,grønn,20
CICERO Senter for klimaforskning,2016,lukket,16
CICERO Senter for klimaforskning,2017,gull,25
CICERO Senter for klimaforskning,2017,hybrid,9
CICERO Senter for klimaforskning,2017,grønn,19
CICERO Senter for klimaforskning,2017,lukket,22
CICERO Senter for klimaforskning,2018,diamant,1
CICERO Senter for klimaforskning,2018,gull,24
CICERO Senter for klimaforskning,2018,hybrid,18
CICERO Senter for klimaforskning,2018,grønn,6
CICERO Senter for klimaforskning,2018,lukket,23
CICERO Senter for klimaforskning,2019,diamant,1
CICERO Senter for klimaforskning,2019,gull,31
CICERO Senter for klimaforskning,2019,hybrid,6
CICERO Senter for klimaforskning,2019,hybrid_avtale,1
CICERO Senter for klimaforskning,2019,grønn,8
CICERO Senter for klimaforskning,2019,lukket,12
CICERO Senter for klimaforskning,2020,diamant,2
CICERO Senter for klimaforskning,2020,gull,42
CICERO Senter for klimaforskning,2020,hybrid,6
CICERO Senter for klimaforskning,2020,hybrid_avtale,8
CICERO Senter for klimaforskning,2020,grønn,21
CICERO Senter for klimaforskning,2020,lukket,7
CICERO Senter for klimaforskning,2021,gull,42
CICERO Senter for klimaforskning,2021,hybrid,13
CICERO Senter for klimaforskning,2021,hybrid_avtale,6
CICERO Senter for klimaforskning,2021,grønn,18
CICERO Senter for klimaforskning,2021,lukket,6
CICERO Senter for klimaforskning,2022,diamant,2
CICERO Senter for klimaforskning,2022,gull,44
CICERO Senter for klimaforskning,2022,hybrid,18
CICERO Senter for klimaforskning,2022,hybrid_avtale,4
CICERO Senter for klimaforskning,2022,grønn,15
CICERO Senter for klimaforskning,2022,lukket,6
CICERO Senter for klimaforskning,2023,diamant,2
CICERO Senter for klimaforskning,2023,gull,48
CICERO Senter for klimaforskning,2023,hybrid,19
CICERO Senter for klimaforskning,2023,hybrid_avtale,5
CICERO Senter for klimaforskning,2023,grønn,8
CICERO Senter for klimaforskning,2023,lukket,13
CICERO Senter for klimaforskning,2024,diamant,1
CICERO Senter for klimaforskning,2024,gull,60
CICERO Senter for klimaforskning,2024,hybrid,18
CICERO Senter for klimaforskning,2024,hybrid_avtale,17
CICERO Senter for klimaforskning,2024,grønn,9
CICERO Senter for klimaforskning,2024,lukket,3
CICERO Senter for klimaforskning,2025,diamant,2
CICERO Senter for klimaforskning,2025,gull,83
CICERO Senter for klimaforskning,2025,hybrid,30
CICERO Senter for klimaforskning,2025,hybrid_avtale,3
CICERO Senter for klimaforskning,2025,grønn,6
CICERO Senter for klimaforskning,2025,lukket,9
Chr. Michelsen Institute,2013,diamant,1
Chr. Michelsen Institute,2013,gull,2
Chr. Michelsen Institute,2013,grønn,4
Chr. Michelsen Institute,2013,lukket,29
Chr. Michelsen Institute,2014,gull,4
Chr. Michelsen Institute,2014,hybrid,1
Chr. Michelsen Institute,2014,grønn,7
Chr. Michelsen Institute,2014,lukket,16
Chr. Michelsen Institute,2015,diamant,2
Chr. Michelsen Institute,2015,gull,2
Chr. Michelsen Institute,2015,hybrid,1
Chr. Michelsen Institute,2015,grønn,1
Chr. Michelsen Institute,2015,lukket,14
Chr. Michelsen Institute,2016,diamant,1
Chr. Michelsen Institute,2016,gull,3
Chr. Michelsen Institute,2016,grønn,1
Chr. Michelsen Institute,2016,lukket,19
Chr. Michelsen Institute,2017,diamant,1
Chr. Michelsen Institute,2017,gull,4
Chr. Michelsen Institute,2017,hybrid,3
Chr. Michelsen Institute,2017,grønn,4
Chr. Michelsen Institute,2017,lukket,9
Chr. Michelsen Institute,2018,diamant,3
Chr. Michelsen Institute,2018,gull,5
Chr. Michelsen Institute,2018,hybrid,4
Chr. Michelsen Institute,2018,grønn,7
Chr. Michelsen Institute,2018,lukket,12
Chr. Michelsen Institute,2019,diamant,4
Chr. Michelsen Institute,2019,gull,6
Chr. Michelsen Institute,2019,hybrid,7
Chr. Michelsen Institute,2019,grønn,9
Chr. Michelsen Institute,2019,lukket,12
Chr. Michelsen Institute,2020,diamant,5
Chr. Michelsen Institute,2020,gull,7
Chr. Michelsen Institute,2020,hybrid,3
Chr. Michelsen Institute,2020,hybrid_avtale,3
Chr. Michelsen Institute,2020,grønn,6
Chr. Michelsen Institute,2020,lukket,6
Chr. Michelsen Institute,2021,diamant,7
Chr. Michelsen Institute,2021,gull,22
Chr. Michelsen Institute,2021,hybrid,3
Chr. Michelsen Institute,2021,hybrid_avtale,9
Chr. Michelsen Institute,2021,grønn,8
Chr. Michelsen Institute,2021,lukket,14
Chr. Michelsen Institute,2022,diamant,5
Chr. Michelsen Institute,2022,gull,8
Chr. Michelsen Institute,2022,hybrid,3
Chr. Michelsen Institute,2022,hybrid_avtale,7
Chr. Michelsen Institute,2022,grønn,2
Chr. Michelsen Institute,2022,lukket,5
Chr. Michelsen Institute,2023,gull,5
Chr. Michelsen Institute,2023,hybrid,8
Chr. Michelsen Institute,2023,hybrid_avtale,15
Chr. Michelsen Institute,2023,grønn,6
Chr. Michelsen Institute,2023,lukket,4
Chr. Michelsen Institute,2024,diamant,5
Chr. Michelsen Institute,2024,gull,10
Chr. Michelsen Institute,2024,hybrid,10
Chr. Michelsen Institute,2024,hybrid_avtale,12
Chr. Michelsen Institute,2024,grønn,3
Chr. Michelsen Institute,2024,lukket,12
Chr. Michelsen Institute,2025,diamant,3
Chr. Michelsen Institute,2025,gull,6
Chr. Michelsen Institute,2025,hybrid,8
Chr. Michelsen Institute,2025,hybrid_avtale,20
Chr. Michelsen Institute,2025,grønn,4
Chr. Michelsen Institute,2025,lukket,8
Diakonhjemmet sykehus,2013,diamant,4
Diakonhjemmet sykehus,2013,gull,13
Diakonhjemmet sykehus,2013,hybrid,12
Diakonhjemmet sykehus,2013,grønn,13
Diakonhjemmet sykehus,2013,lukket,66
Diakonhjemmet sykehus,2014,diamant,3
Diakonhjemmet sykehus,2014,gull,18
Diakonhjemmet sykehus,2014,hybrid,12
Diakonhjemmet sykehus,2014,grønn,13
Diakonhjemmet sykehus,2014,lukket,79
Diakonhjemmet sykehus,2015,diamant,3
Diakonhjemmet sykehus,2015,gull,23
Diakonhjemmet sykehus,2015,hybrid,14
Diakonhjemmet sykehus,2015,grønn,10
Diakonhjemmet sykehus,2015,lukket,86
Diakonhjemmet sykehus,2016,diamant,4
Diakonhjemmet sykehus,2016,gull,29
Diakonhjemmet sykehus,2016,hybrid,10
Diakonhjemmet sykehus,2016,grønn,13
Diakonhjemmet sykehus,2016,lukket,79
Diakonhjemmet sykehus,2017,diamant,5
Diakonhjemmet sykehus,2017,gull,31
Diakonhjemmet sykehus,2017,hybrid,6
Diakonhjemmet sykehus,2017,grønn,27
Diakonhjemmet sykehus,2017,lukket,71
Diakonhjemmet sykehus,2018,diamant,5
Diakonhjemmet sykehus,2018,gull,40
Diakonhjemmet sykehus,2018,hybrid,14
Diakonhjemmet sykehus,2018,grønn,27
Diakonhjemmet sykehus,2018,deponert,1
Diakonhjemmet sykehus,2018,lukket,67
Diakonhjemmet sykehus,2019,diamant,5
Diakonhjemmet sykehus,2019,gull,43
Diakonhjemmet sykehus,2019,hybrid,13
Diakonhjemmet sykehus,2019,hybrid_avtale,6
Diakonhjemmet sykehus,2019,grønn,36
Diakonhjemmet sykehus,2019,lukket,50
Diakonhjemmet sykehus,2020,diamant,3
Diakonhjemmet sykehus,2020,gull,60
Diakonhjemmet sykehus,2020,hybrid,14
Diakonhjemmet sykehus,2020,hybrid_avtale,28
Diakonhjemmet sykehus,2020,grønn,25
Diakonhjemmet sykehus,2020,lukket,24
Diakonhjemmet sykehus,2021,diamant,3
Diakonhjemmet sykehus,2021,gull,64
Diakonhjemmet sykehus,2021,hybrid,27
Diakonhjemmet sykehus,2021,hybrid_avtale,37
Diakonhjemmet sykehus,2021,grønn,22
Diakonhjemmet sykehus,2021,lukket,41
Diakonhjemmet sykehus,2022,diamant,2
Diakonhjemmet sykehus,2022,gull,80
Diakonhjemmet sykehus,2022,hybrid,23
Diakonhjemmet sykehus,2022,hybrid_avtale,36
Diakonhjemmet sykehus,2022,grønn,22
Diakonhjemmet sykehus,2022,lukket,36
Diakonhjemmet sykehus,2023,gull,59
Diakonhjemmet sykehus,2023,hybrid,21
Diakonhjemmet sykehus,2023,hybrid_avtale,49
Diakonhjemmet sykehus,2023,grønn,20
Diakonhjemmet sykehus,2023,lukket,18
Diakonhjemmet sykehus,2024,diamant,2
Diakonhjemmet sykehus,2024,gull,85
Diakonhjemmet sykehus,2024,hybrid,33
Diakonhjemmet sykehus,2024,hybrid_avtale,52
Diakonhjemmet sykehus,2024,grønn,17
Diakonhjemmet sykehus,2024,lukket,31
Diakonhjemmet sykehus,2025,diamant,2
Diakonhjemmet sykehus,2025,gull,90
Diakonhjemmet sykehus,2025,hybrid,38
Diakonhjemmet sykehus,2025,hybrid_avtale,36
Diakonhjemmet sykehus,2025,grønn,11
Diakonhjemmet sykehus,2025,deponert,3
Diakonhjemmet sykehus,2025,lukket,21
Dronning Mauds Minne Høgskole for barnehagelærerutdanning,2013,diamant,4
Dronning Mauds Minne Høgskole for barnehagelærerutdanning,2013,gull,1
Dronning Mauds Minne Høgskole for barnehagelærerutdanning,2013,grønn,1
Dronning Mauds Minne Høgskole for barnehagelærerutdanning,2013,lukket,13
Dronning Mauds Minne Høgskole for barnehagelærerutdanning,2014,gull,1
Dronning Mauds Minne Høgskole for barnehagelærerutdanning,2014,hybrid,1
Dronning Mauds Minne Høgskole for barnehagelærerutdanning,2014,lukket,12
Dronning Mauds Minne Høgskole for barnehagelærerutdanning,2015,diamant,5
Dronning Mauds Minne Høgskole for barnehagelærerutdanning,2015,gull,5
Dronning Mauds Minne Høgskole for barnehagelærerutdanning,2015,grønn,2
Dronning Mauds Minne Høgskole for barnehagelærerutdanning,2015,lukket,13
Dronning Mauds Minne Høgskole for barnehagelærerutdanning,2016,diamant,10
Dronning Mauds Minne Høgskole for barnehagelærerutdanning,2016,gull,2
Dronning Mauds Minne Høgskole for barnehagelærerutdanning,2016,grønn,6
Dronning Mauds Minne Høgskole for barnehagelærerutdanning,2016,lukket,5
Dronning Mauds Minne Høgskole for barnehagelærerutdanning,2017,diamant,8
Dronning Mauds Minne Høgskole for barnehagelærerutdanning,2017,gull,7
Dronning Mauds Minne Høgskole for barnehagelærerutdanning,2017,hybrid,1
Dronning Mauds Minne Høgskole for barnehagelærerutdanning,2017,grønn,8
Dronning Mauds Minne Høgskole for barnehagelærerutdanning,2017,lukket,7
Dronning Mauds Minne Høgskole for barnehagelærerutdanning,2018,diamant,6
Dronning Mauds Minne Høgskole for barnehagelærerutdanning,2018,gull,5
Dronning Mauds Minne Høgskole for barnehagelærerutdanning,2018,grønn,1
Dronning Mauds Minne Høgskole for barnehagelærerutdanning,2018,lukket,11
Dronning Mauds Minne Høgskole for barnehagelærerutdanning,2019,diamant,5
Dronning Mauds Minne Høgskole for barnehagelærerutdanning,2019,gull,3
Dronning Mauds Minne Høgskole for barnehagelærerutdanning,2019,hybrid,6
Dronning Mauds Minne Høgskole for barnehagelærerutdanning,2019,grønn,5
Dronning Mauds Minne Høgskole for barnehagelærerutdanning,2019,lukket,6
Dronning Mauds Minne Høgskole for barnehagelærerutdanning,2020,diamant,5
Dronning Mauds Minne Høgskole for barnehagelærerutdanning,2020,gull,18
Dronning Mauds Minne Høgskole for barnehagelærerutdanning,2020,hybrid,2
Dronning Mauds Minne Høgskole for barnehagelærerutdanning,2020,hybrid_avtale,6
Dronning Mauds Minne Høgskole for barnehagelærerutdanning,2020,lukket,7
Dronning Mauds Minne Høgskole for barnehagelærerutdanning,2021,diamant,2
Dronning Mauds Minne Høgskole for barnehagelærerutdanning,2021,gull,11
Dronning Mauds Minne Høgskole for barnehagelærerutdanning,2021,hybrid,2
Dronning Mauds Minne Høgskole for barnehagelærerutdanning,2021,hybrid_avtale,9
Dronning Mauds Minne Høgskole for barnehagelærerutdanning,2021,grønn,2
Dronning Mauds Minne Høgskole for barnehagelærerutdanning,2021,lukket,4
Dronning Mauds Minne Høgskole for barnehagelærerutdanning,2022,diamant,6
Dronning Mauds Minne Høgskole for barnehagelærerutdanning,2022,gull,10
Dronning Mauds Minne Høgskole for barnehagelærerutdanning,2022,hybrid,2
Dronning Mauds Minne Høgskole for barnehagelærerutdanning,2022,hybrid_avtale,5
Dronning Mauds Minne Høgskole for barnehagelærerutdanning,2022,grønn,3
Dronning Mauds Minne Høgskole for barnehagelærerutdanning,2022,lukket,3
Dronning Mauds Minne Høgskole for barnehagelærerutdanning,2023,diamant,11
Dronning Mauds Minne Høgskole for barnehagelærerutdanning,2023,gull,10
Dronning Mauds Minne Høgskole for barnehagelærerutdanning,2023,hybrid,1
Dronning Mauds Minne Høgskole for barnehagelærerutdanning,2023,hybrid_avtale,2
Dronning Mauds Minne Høgskole for barnehagelærerutdanning,2023,grønn,5
Dronning Mauds Minne Høgskole for barnehagelærerutdanning,2023,lukket,1
Dronning Mauds Minne Høgskole for barnehagelærerutdanning,2024,diamant,7
Dronning Mauds Minne Høgskole for barnehagelærerutdanning,2024,gull,8
Dronning Mauds Minne Høgskole for barnehagelærerutdanning,2024,hybrid,1
Dronning Mauds Minne Høgskole for barnehagelærerutdanning,2024,hybrid_avtale,7
Dronning Mauds Minne Høgskole for barnehagelærerutdanning,2024,grønn,2
Dronning Mauds Minne Høgskole for barnehagelærerutdanning,2025,diamant,15
Dronning Mauds Minne Høgskole for barnehagelærerutdanning,2025,gull,21
Dronning Mauds Minne Høgskole for barnehagelærerutdanning,2025,hybrid,7
Dronning Mauds Minne Høgskole for barnehagelærerutdanning,2025,hybrid_avtale,15
Dronning Mauds Minne Høgskole for barnehagelærerutdanning,2025,grønn,3
Dronning Mauds Minne Høgskole for barnehagelærerutdanning,2025,lukket,1
Fafo Institutt for arbeidslivs- og velferdsforskning,2013,gull,2
Fafo Institutt for arbeidslivs- og velferdsforskning,2013,hybrid,2
Fafo Institutt for arbeidslivs- og velferdsforskning,2013,grønn,1
Fafo Institutt for arbeidslivs- og velferdsforskning,2013,lukket,23
Fafo Institutt for arbeidslivs- og velferdsforskning,2014,diamant,1
Fafo Institutt for arbeidslivs- og velferdsforskning,2014,gull,7
Fafo Institutt for arbeidslivs- og velferdsforskning,2014,hybrid,1
Fafo Institutt for arbeidslivs- og velferdsforskning,2014,grønn,3
Fafo Institutt for arbeidslivs- og velferdsforskning,2014,lukket,15
Fafo Institutt for arbeidslivs- og velferdsforskning,2015,diamant,4
Fafo Institutt for arbeidslivs- og velferdsforskning,2015,gull,5
Fafo Institutt for arbeidslivs- og velferdsforskning,2015,hybrid,2
Fafo Institutt for arbeidslivs- og velferdsforskning,2015,grønn,3
Fafo Institutt for arbeidslivs- og velferdsforskning,2015,lukket,22
Fafo Institutt for arbeidslivs- og velferdsforskning,2016,diamant,4
Fafo Institutt for arbeidslivs- og velferdsforskning,2016,gull,2
Fafo Institutt for arbeidslivs- og velferdsforskning,2016,hybrid,2
Fafo Institutt for arbeidslivs- og velferdsforskning,2016,grønn,3
Fafo Institutt for arbeidslivs- og velferdsforskning,2016,lukket,14
Fafo Institutt for arbeidslivs- og velferdsforskning,2017,diamant,9
Fafo Institutt for arbeidslivs- og velferdsforskning,2017,gull,3
Fafo Institutt for arbeidslivs- og velferdsforskning,2017,hybrid,1
Fafo Institutt for arbeidslivs- og velferdsforskning,2017,grønn,4
Fafo Institutt for arbeidslivs- og velferdsforskning,2017,lukket,6
Fafo Institutt for arbeidslivs- og velferdsforskning,2018,diamant,4
Fafo Institutt for arbeidslivs- og velferdsforskning,2018,gull,8
Fafo Institutt for arbeidslivs- og velferdsforskning,2018,hybrid,2
Fafo Institutt for arbeidslivs- og velferdsforskning,2018,grønn,9
Fafo Institutt for arbeidslivs- og velferdsforskning,2018,lukket,14
Fafo Institutt for arbeidslivs- og velferdsforskning,2019,diamant,8
Fafo Institutt for arbeidslivs- og velferdsforskning,2019,gull,5
Fafo Institutt for arbeidslivs- og velferdsforskning,2019,hybrid,8
Fafo Institutt for arbeidslivs- og velferdsforskning,2019,grønn,6
Fafo Institutt for arbeidslivs- og velferdsforskning,2019,lukket,7
Fafo Institutt for arbeidslivs- og velferdsforskning,2020,diamant,10
Fafo Institutt for arbeidslivs- og velferdsforskning,2020,gull,4
Fafo Institutt for arbeidslivs- og velferdsforskning,2020,hybrid,3
Fafo Institutt for arbeidslivs- og velferdsforskning,2020,hybrid_avtale,5
Fafo Institutt for arbeidslivs- og velferdsforskning,2020,grønn,10
Fafo Institutt for arbeidslivs- og velferdsforskning,2020,lukket,10
Fafo Institutt for arbeidslivs- og velferdsforskning,2021,diamant,7
Fafo Institutt for arbeidslivs- og velferdsforskning,2021,gull,6
Fafo Institutt for arbeidslivs- og velferdsforskning,2021,hybrid,2
Fafo Institutt for arbeidslivs- og velferdsforskning,2021,hybrid_avtale,6
Fafo Institutt for arbeidslivs- og velferdsforskning,2021,grønn,4
Fafo Institutt for arbeidslivs- og velferdsforskning,2021,lukket,12
Fafo Institutt for arbeidslivs- og velferdsforskning,2022,diamant,7
Fafo Institutt for arbeidslivs- og velferdsforskning,2022,gull,5
Fafo Institutt for arbeidslivs- og velferdsforskning,2022,hybrid,2
Fafo Institutt for arbeidslivs- og velferdsforskning,2022,hybrid_avtale,7
Fafo Institutt for arbeidslivs- og velferdsforskning,2022,grønn,1
Fafo Institutt for arbeidslivs- og velferdsforskning,2022,lukket,5
Fafo Institutt for arbeidslivs- og velferdsforskning,2023,diamant,6
Fafo Institutt for arbeidslivs- og velferdsforskning,2023,gull,5
Fafo Institutt for arbeidslivs- og velferdsforskning,2023,hybrid,7
Fafo Institutt for arbeidslivs- og velferdsforskning,2023,hybrid_avtale,9
Fafo Institutt for arbeidslivs- og velferdsforskning,2023,lukket,2
Fafo Institutt for arbeidslivs- og velferdsforskning,2024,diamant,10
Fafo Institutt for arbeidslivs- og velferdsforskning,2024,gull,6
Fafo Institutt for arbeidslivs- og velferdsforskning,2024,hybrid,8
Fafo Institutt for arbeidslivs- og velferdsforskning,2024,hybrid_avtale,10
Fafo Institutt for arbeidslivs- og velferdsforskning,2024,grønn,4
Fafo Institutt for arbeidslivs- og velferdsforskning,2024,deponert,1
Fafo Institutt for arbeidslivs- og velferdsforskning,2024,lukket,6
Fafo Institutt for arbeidslivs- og velferdsforskning,2025,diamant,8
Fafo Institutt for arbeidslivs- og velferdsforskning,2025,gull,10
Fafo Institutt for arbeidslivs- og velferdsforskning,2025,hybrid,3
Fafo Institutt for arbeidslivs- og velferdsforskning,2025,hybrid_avtale,8
Fafo Institutt for arbeidslivs- og velferdsforskning,2025,deponert,1
Fafo Institutt for arbeidslivs- og velferdsforskning,2025,lukket,6
Finnmarkssykehuset,2013,gull,4
Finnmarkssykehuset,2013,hybrid,2
Finnmarkssykehuset,2013,grønn,1
Finnmarkssykehuset,2013,lukket,3
Finnmarkssykehuset,2014,gull,3
Finnmarkssykehuset,2014,hybrid,2
Finnmarkssykehuset,2014,grønn,2
Finnmarkssykehuset,2014,lukket,3
Finnmarkssykehuset,2015,diamant,3
Finnmarkssykehuset,2015,gull,8
Finnmarkssykehuset,2015,hybrid,2
Finnmarkssykehuset,2015,lukket,6
Finnmarkssykehuset,2016,gull,5
Finnmarkssykehuset,2016,hybrid,5
Finnmarkssykehuset,2016,grønn,2
Finnmarkssykehuset,2016,lukket,8
Finnmarkssykehuset,2017,diamant,3
Finnmarkssykehuset,2017,gull,7
Finnmarkssykehuset,2017,hybrid,2
Finnmarkssykehuset,2017,grønn,2
Finnmarkssykehuset,2017,lukket,4
Finnmarkssykehuset,2018,gull,10
Finnmarkssykehuset,2018,hybrid,3
Finnmarkssykehuset,2018,grønn,3
Finnmarkssykehuset,2018,lukket,2
Finnmarkssykehuset,2019,diamant,4
Finnmarkssykehuset,2019,gull,8
Finnmarkssykehuset,2019,hybrid,2
Finnmarkssykehuset,2019,hybrid_avtale,1
Finnmarkssykehuset,2019,grønn,4
Finnmarkssykehuset,2019,lukket,3
Finnmarkssykehuset,2020,gull,6
Finnmarkssykehuset,2020,hybrid_avtale,8
Finnmarkssykehuset,2020,grønn,1
Finnmarkssykehuset,2020,lukket,1
Finnmarkssykehuset,2021,gull,8
Finnmarkssykehuset,2021,hybrid_avtale,6
Finnmarkssykehuset,2021,grønn,1
Finnmarkssykehuset,2022,gull,11
Finnmarkssykehuset,2022,hybrid,2
Finnmarkssykehuset,2022,hybrid_avtale,4
Finnmarkssykehuset,2022,grønn,2
Finnmarkssykehuset,2022,lukket,1
Finnmarkssykehuset,2023,gull,9
Finnmarkssykehuset,2023,hybrid,1
Finnmarkssykehuset,2023,hybrid_avtale,5
Finnmarkssykehuset,2023,grønn,1
Finnmarkssykehuset,2024,gull,7
Finnmarkssykehuset,2024,hybrid,2
Finnmarkssykehuset,2024,hybrid_avtale,3
Finnmarkssykehuset,2024,grønn,1
Finnmarkssykehuset,2025,diamant,1
Finnmarkssykehuset,2025,gull,10
Finnmarkssykehuset,2025,hybrid,2
Finnmarkssykehuset,2025,hybrid_avtale,2
Finnmarkssykehuset,2025,grønn,1
Fjellhaug Internasjonale Høgskole,2013,gull,1
Fjellhaug Internasjonale Høgskole,2013,lukket,9
Fjellhaug Internasjonale Høgskole,2014,lukket,19
Fjellhaug Internasjonale Høgskole,2015,diamant,1
Fjellhaug Internasjonale Høgskole,2015,lukket,11
Fjellhaug Internasjonale Høgskole,2016,diamant,1
Fjellhaug Internasjonale Høgskole,2016,lukket,13
Fjellhaug Internasjonale Høgskole,2017,diamant,2
Fjellhaug Internasjonale Høgskole,2017,gull,1
Fjellhaug Internasjonale Høgskole,2017,lukket,13
Fjellhaug Internasjonale Høgskole,2018,diamant,3
Fjellhaug Internasjonale Høgskole,2018,lukket,5
Fjellhaug Internasjonale Høgskole,2019,gull,1
Fjellhaug Internasjonale Høgskole,2019,lukket,7
Fjellhaug Internasjonale Høgskole,2020,diamant,7
Fjellhaug Internasjonale Høgskole,2020,gull,1
Fjellhaug Internasjonale Høgskole,2020,grønn,4
Fjellhaug Internasjonale Høgskole,2020,lukket,2
Fjellhaug Internasjonale Høgskole,2021,grønn,1
Fjellhaug Internasjonale Høgskole,2021,lukket,7
Fjellhaug Internasjonale Høgskole,2022,diamant,5
Fjellhaug Internasjonale Høgskole,2022,gull,1
Fjellhaug Internasjonale Høgskole,2022,grønn,2
Fjellhaug Internasjonale Høgskole,2022,deponert,1
Fjellhaug Internasjonale Høgskole,2022,lukket,5
Fjellhaug Internasjonale Høgskole,2023,diamant,7
Fjellhaug Internasjonale Høgskole,2023,gull,1
Fjellhaug Internasjonale Høgskole,2023,grønn,4
Fjellhaug Internasjonale Høgskole,2023,lukket,1
Fjellhaug Internasjonale Høgskole,2024,diamant,8
Fjellhaug Internasjonale Høgskole,2024,hybrid,1
Fjellhaug Internasjonale Høgskole,2024,grønn,2
Fjellhaug Internasjonale Høgskole,2024,deponert,2
Fjellhaug Internasjonale Høgskole,2024,lukket,3
Fjellhaug Internasjonale Høgskole,2025,diamant,4
Fjellhaug Internasjonale Høgskole,2025,gull,2
Fjellhaug Internasjonale Høgskole,2025,hybrid,1
Fjellhaug Internasjonale Høgskole,2025,grønn,5
Fjellhaug Internasjonale Høgskole,2025,deponert,1
Fjellhaug Internasjonale Høgskole,2025,lukket,12
Folkehelseinstituttet,2013,diamant,31
Folkehelseinstituttet,2013,gull,123
Folkehelseinstituttet,2013,hybrid,39
Folkehelseinstituttet,2013,grønn,66
Folkehelseinstituttet,2013,lukket,391
Folkehelseinstituttet,2014,diamant,30
Folkehelseinstituttet,2014,gull,196
Folkehelseinstituttet,2014,hybrid,67
Folkehelseinstituttet,2014,grønn,104
Folkehelseinstituttet,2014,lukket,346
Folkehelseinstituttet,2015,diamant,30
Folkehelseinstituttet,2015,gull,172
Folkehelseinstituttet,2015,hybrid,77
Folkehelseinstituttet,2015,grønn,104
Folkehelseinstituttet,2015,lukket,316
Folkehelseinstituttet,2016,diamant,33
Folkehelseinstituttet,2016,gull,224
Folkehelseinstituttet,2016,hybrid,98
Folkehelseinstituttet,2016,grønn,112
Folkehelseinstituttet,2016,lukket,319
Folkehelseinstituttet,2017,diamant,53
Folkehelseinstituttet,2017,gull,208
Folkehelseinstituttet,2017,hybrid,116
Folkehelseinstituttet,2017,grønn,180
Folkehelseinstituttet,2017,lukket,259
Folkehelseinstituttet,2018,diamant,48
Folkehelseinstituttet,2018,gull,225
Folkehelseinstituttet,2018,hybrid,113
Folkehelseinstituttet,2018,grønn,195
Folkehelseinstituttet,2018,deponert,1
Folkehelseinstituttet,2018,lukket,197
Folkehelseinstituttet,2019,diamant,30
Folkehelseinstituttet,2019,gull,289
Folkehelseinstituttet,2019,hybrid,103
Folkehelseinstituttet,2019,hybrid_avtale,34
Folkehelseinstituttet,2019,grønn,225
Folkehelseinstituttet,2019,deponert,1
Folkehelseinstituttet,2019,lukket,120
Folkehelseinstituttet,2020,diamant,64
Folkehelseinstituttet,2020,gull,303
Folkehelseinstituttet,2020,hybrid,99
Folkehelseinstituttet,2020,hybrid_avtale,106
Folkehelseinstituttet,2020,grønn,154
Folkehelseinstituttet,2020,lukket,90
Folkehelseinstituttet,2021,diamant,68
Folkehelseinstituttet,2021,gull,416
Folkehelseinstituttet,2021,hybrid,119
Folkehelseinstituttet,2021,hybrid_avtale,168
Folkehelseinstituttet,2021,grønn,135
Folkehelseinstituttet,2021,deponert,3
Folkehelseinstituttet,2021,lukket,95
Folkehelseinstituttet,2022,diamant,41
Folkehelseinstituttet,2022,gull,495
Folkehelseinstituttet,2022,hybrid,151
Folkehelseinstituttet,2022,hybrid_avtale,170
Folkehelseinstituttet,2022,grønn,119
Folkehelseinstituttet,2022,lukket,73
Folkehelseinstituttet,2023,diamant,61
Folkehelseinstituttet,2023,gull,390
Folkehelseinstituttet,2023,hybrid,158
Folkehelseinstituttet,2023,hybrid_avtale,186
Folkehelseinstituttet,2023,grønn,82
Folkehelseinstituttet,2023,lukket,51
Folkehelseinstituttet,2024,diamant,52
Folkehelseinstituttet,2024,gull,446
Folkehelseinstituttet,2024,hybrid,162
Folkehelseinstituttet,2024,hybrid_avtale,160
Folkehelseinstituttet,2024,grønn,69
Folkehelseinstituttet,2024,deponert,1
Folkehelseinstituttet,2024,lukket,40
Folkehelseinstituttet,2025,diamant,51
Folkehelseinstituttet,2025,gull,420
Folkehelseinstituttet,2025,hybrid,176
Folkehelseinstituttet,2025,hybrid_avtale,160
Folkehelseinstituttet,2025,grønn,107
Folkehelseinstituttet,2025,deponert,10
Folkehelseinstituttet,2025,lukket,62
Forsvarets forskningsinstitutt,2013,gull,16
Forsvarets forskningsinstitutt,2013,hybrid,2
Forsvarets forskningsinstitutt,2013,grønn,42
Forsvarets forskningsinstitutt,2013,lukket,24
Forsvarets forskningsinstitutt,2014,diamant,1
Forsvarets forskningsinstitutt,2014,gull,15
Forsvarets forskningsinstitutt,2014,hybrid,5
Forsvarets forskningsinstitutt,2014,grønn,27
Forsvarets forskningsinstitutt,2014,lukket,14
Forsvarets forskningsinstitutt,2015,diamant,6
Forsvarets forskningsinstitutt,2015,gull,8
Forsvarets forskningsinstitutt,2015,hybrid,5
Forsvarets forskningsinstitutt,2015,grønn,40
Forsvarets forskningsinstitutt,2015,lukket,22
Forsvarets forskningsinstitutt,2016,diamant,5
Forsvarets forskningsinstitutt,2016,gull,14
Forsvarets forskningsinstitutt,2016,hybrid,6
Forsvarets forskningsinstitutt,2016,grønn,52
Forsvarets forskningsinstitutt,2016,lukket,9
Forsvarets forskningsinstitutt,2017,diamant,4
Forsvarets forskningsinstitutt,2017,gull,7
Forsvarets forskningsinstitutt,2017,hybrid,11
Forsvarets forskningsinstitutt,2017,grønn,53
Forsvarets forskningsinstitutt,2017,lukket,20
Forsvarets forskningsinstitutt,2018,diamant,3
Forsvarets forskningsinstitutt,2018,gull,9
Forsvarets forskningsinstitutt,2018,hybrid,1
Forsvarets forskningsinstitutt,2018,grønn,51
Forsvarets forskningsinstitutt,2018,deponert,1
Forsvarets forskningsinstitutt,2018,lukket,14
Forsvarets forskningsinstitutt,2019,diamant,3
Forsvarets forskningsinstitutt,2019,gull,6
Forsvarets forskningsinstitutt,2019,hybrid,4
Forsvarets forskningsinstitutt,2019,hybrid_avtale,8
Forsvarets forskningsinstitutt,2019,grønn,47
Forsvarets forskningsinstitutt,2019,lukket,14
Forsvarets forskningsinstitutt,2020,diamant,1
Forsvarets forskningsinstitutt,2020,gull,8
Forsvarets forskningsinstitutt,2020,hybrid,6
Forsvarets forskningsinstitutt,2020,hybrid_avtale,5
Forsvarets forskningsinstitutt,2020,grønn,38
Forsvarets forskningsinstitutt,2020,lukket,4
Forsvarets forskningsinstitutt,2021,diamant,3
Forsvarets forskningsinstitutt,2021,gull,14
Forsvarets forskningsinstitutt,2021,hybrid,11
Forsvarets forskningsinstitutt,2021,hybrid_avtale,7
Forsvarets forskningsinstitutt,2021,grønn,33
Forsvarets forskningsinstitutt,2021,lukket,6
Forsvarets forskningsinstitutt,2022,diamant,9
Forsvarets forskningsinstitutt,2022,gull,21
Forsvarets forskningsinstitutt,2022,hybrid,7
Forsvarets forskningsinstitutt,2022,hybrid_avtale,6
Forsvarets forskningsinstitutt,2022,grønn,13
Forsvarets forskningsinstitutt,2022,lukket,13
Forsvarets forskningsinstitutt,2023,diamant,3
Forsvarets forskningsinstitutt,2023,gull,15
Forsvarets forskningsinstitutt,2023,hybrid,3
Forsvarets forskningsinstitutt,2023,hybrid_avtale,11
Forsvarets forskningsinstitutt,2023,grønn,19
Forsvarets forskningsinstitutt,2023,lukket,12
Forsvarets forskningsinstitutt,2024,diamant,3
Forsvarets forskningsinstitutt,2024,gull,18
Forsvarets forskningsinstitutt,2024,hybrid,11
Forsvarets forskningsinstitutt,2024,hybrid_avtale,6
Forsvarets forskningsinstitutt,2024,grønn,9
Forsvarets forskningsinstitutt,2024,deponert,1
Forsvarets forskningsinstitutt,2024,lukket,8
Forsvarets forskningsinstitutt,2025,diamant,7
Forsvarets forskningsinstitutt,2025,gull,11
Forsvarets forskningsinstitutt,2025,hybrid,9
Forsvarets forskningsinstitutt,2025,hybrid_avtale,17
Forsvarets forskningsinstitutt,2025,grønn,11
Forsvarets forskningsinstitutt,2025,deponert,2
Forsvarets forskningsinstitutt,2025,lukket,8
Forsvarets høgskole,2013,diamant,3
Forsvarets høgskole,2013,gull,1
Forsvarets høgskole,2013,lukket,24
Forsvarets høgskole,2014,grønn,1
Forsvarets høgskole,2014,lukket,21
Forsvarets høgskole,2015,diamant,2
Forsvarets høgskole,2015,gull,23
Forsvarets høgskole,2015,hybrid,4
Forsvarets høgskole,2015,grønn,4
Forsvarets høgskole,2015,lukket,30
Forsvarets høgskole,2016,diamant,1
Forsvarets høgskole,2016,gull,7
Forsvarets høgskole,2016,hybrid,5
Forsvarets høgskole,2016,grønn,5
Forsvarets høgskole,2016,lukket,30
Forsvarets høgskole,2017,diamant,9
Forsvarets høgskole,2017,gull,9
Forsvarets høgskole,2017,hybrid,6
Forsvarets høgskole,2017,grønn,4
Forsvarets høgskole,2017,lukket,35
Forsvarets høgskole,2018,diamant,1
Forsvarets høgskole,2018,gull,6
Forsvarets høgskole,2018,hybrid,5
Forsvarets høgskole,2018,grønn,14
Forsvarets høgskole,2018,lukket,35
Forsvarets høgskole,2019,diamant,9
Forsvarets høgskole,2019,gull,9
Forsvarets høgskole,2019,hybrid_avtale,1
Forsvarets høgskole,2019,grønn,12
Forsvarets høgskole,2019,lukket,21
Forsvarets høgskole,2020,diamant,6
Forsvarets høgskole,2020,gull,2
Forsvarets høgskole,2020,hybrid,2
Forsvarets høgskole,2020,hybrid_avtale,6
Forsvarets høgskole,2020,grønn,6
Forsvarets høgskole,2020,lukket,15
Forsvarets høgskole,2021,diamant,11
Forsvarets høgskole,2021,gull,6
Forsvarets høgskole,2021,hybrid,3
Forsvarets høgskole,2021,hybrid_avtale,3
Forsvarets høgskole,2021,grønn,4
Forsvarets høgskole,2021,lukket,14
Forsvarets høgskole,2022,diamant,15
Forsvarets høgskole,2022,gull,5
Forsvarets høgskole,2022,hybrid,4
Forsvarets høgskole,2022,hybrid_avtale,6
Forsvarets høgskole,2022,grønn,7
Forsvarets høgskole,2022,lukket,7
Forsvarets høgskole,2023,diamant,6
Forsvarets høgskole,2023,gull,5
Forsvarets høgskole,2023,hybrid,4
Forsvarets høgskole,2023,hybrid_avtale,5
Forsvarets høgskole,2023,grønn,4
Forsvarets høgskole,2023,lukket,11
Forsvarets høgskole,2024,diamant,2
Forsvarets høgskole,2024,gull,4
Forsvarets høgskole,2024,hybrid,5
Forsvarets høgskole,2024,hybrid_avtale,12
Forsvarets høgskole,2024,grønn,6
Forsvarets høgskole,2024,lukket,15
Forsvarets høgskole,2025,diamant,7
Forsvarets høgskole,2025,gull,9
Forsvarets høgskole,2025,hybrid,6
Forsvarets høgskole,2025,hybrid_avtale,11
Forsvarets høgskole,2025,grønn,8
Forsvarets høgskole,2025,lukket,9
Fridtjof Nansens institutt,2013,diamant,1
Fridtjof Nansens institutt,2013,hybrid,1
Fridtjof Nansens institutt,2013,grønn,6
Fridtjof Nansens institutt,2013,lukket,10
Fridtjof Nansens institutt,2014,diamant,1
Fridtjof Nansens institutt,2014,hybrid,1
Fridtjof Nansens institutt,2014,grønn,14
Fridtjof Nansens institutt,2014,lukket,11
Fridtjof Nansens institutt,2015,diamant,3
Fridtjof Nansens institutt,2015,grønn,11
Fridtjof Nansens institutt,2015,lukket,10
Fridtjof Nansens institutt,2016,diamant,1
Fridtjof Nansens institutt,2016,gull,9
Fridtjof Nansens institutt,2016,hybrid,1
Fridtjof Nansens institutt,2016,grønn,17
Fridtjof Nansens institutt,2016,lukket,3
Fridtjof Nansens institutt,2017,gull,2
Fridtjof Nansens institutt,2017,hybrid,3
Fridtjof Nansens institutt,2017,grønn,17
Fridtjof Nansens institutt,2017,lukket,3
Fridtjof Nansens institutt,2018,diamant,1
Fridtjof Nansens institutt,2018,gull,3
Fridtjof Nansens institutt,2018,hybrid,2
Fridtjof Nansens institutt,2018,grønn,17
Fridtjof Nansens institutt,2018,lukket,1
Fridtjof Nansens institutt,2019,gull,4
Fridtjof Nansens institutt,2019,hybrid,1
Fridtjof Nansens institutt,2019,grønn,16
Fridtjof Nansens institutt,2019,lukket,3
Fridtjof Nansens institutt,2020,diamant,9
Fridtjof Nansens institutt,2020,gull,4
Fridtjof Nansens institutt,2020,hybrid,4
Fridtjof Nansens institutt,2020,hybrid_avtale,4
Fridtjof Nansens institutt,2020,grønn,16
Fridtjof Nansens institutt,2020,lukket,2
Fridtjof Nansens institutt,2021,diamant,2
Fridtjof Nansens institutt,2021,gull,6
Fridtjof Nansens institutt,2021,hybrid,5
Fridtjof Nansens institutt,2021,hybrid_avtale,3
Fridtjof Nansens institutt,2021,grønn,12
Fridtjof Nansens institutt,2022,diamant,3
Fridtjof Nansens institutt,2022,gull,7
Fridtjof Nansens institutt,2022,hybrid,2
Fridtjof Nansens institutt,2022,hybrid_avtale,2
Fridtjof Nansens institutt,2022,grønn,17
Fridtjof Nansens institutt,2022,lukket,4
Fridtjof Nansens institutt,2023,diamant,3
Fridtjof Nansens institutt,2023,gull,2
Fridtjof Nansens institutt,2023,hybrid,6
Fridtjof Nansens institutt,2023,hybrid_avtale,2
Fridtjof Nansens institutt,2023,grønn,13
Fridtjof Nansens institutt,2023,lukket,3
Fridtjof Nansens institutt,2024,diamant,3
Fridtjof Nansens institutt,2024,gull,7
Fridtjof Nansens institutt,2024,hybrid,3
Fridtjof Nansens institutt,2024,hybrid_avtale,10
Fridtjof Nansens institutt,2024,grønn,12
Fridtjof Nansens institutt,2024,lukket,2
Fridtjof Nansens institutt,2025,diamant,3
Fridtjof Nansens institutt,2025,gull,6
Fridtjof Nansens institutt,2025,hybrid,6
Fridtjof Nansens institutt,2025,hybrid_avtale,4
Fridtjof Nansens institutt,2025,grønn,19
Fridtjof Nansens institutt,2025,deponert,2
Fridtjof Nansens institutt,2025,lukket,3
Handelshøyskolen BI,2013,diamant,2
Handelshøyskolen BI,2013,gull,8
Handelshøyskolen BI,2013,hybrid,3
Handelshøyskolen BI,2013,grønn,68
Handelshøyskolen BI,2013,lukket,98
Handelshøyskolen BI,2014,diamant,2
Handelshøyskolen BI,2014,gull,6
Handelshøyskolen BI,2014,hybrid,3
Handelshøyskolen BI,2014,grønn,90
Handelshøyskolen BI,2014,lukket,110
Handelshøyskolen BI,2015,gull,12
Handelshøyskolen BI,2015,hybrid,7
Handelshøyskolen BI,2015,grønn,73
Handelshøyskolen BI,2015,lukket,89
Handelshøyskolen BI,2016,diamant,6
Handelshøyskolen BI,2016,gull,12
Handelshøyskolen BI,2016,hybrid,2
Handelshøyskolen BI,2016,grønn,117
Handelshøyskolen BI,2016,lukket,105
Handelshøyskolen BI,2017,diamant,8
Handelshøyskolen BI,2017,gull,15
Handelshøyskolen BI,2017,hybrid,6
Handelshøyskolen BI,2017,grønn,141
Handelshøyskolen BI,2017,lukket,86
Handelshøyskolen BI,2018,diamant,12
Handelshøyskolen BI,2018,gull,15
Handelshøyskolen BI,2018,hybrid,10
Handelshøyskolen BI,2018,grønn,140
Handelshøyskolen BI,2018,lukket,133
Handelshøyskolen BI,2019,diamant,11
Handelshøyskolen BI,2019,gull,9
Handelshøyskolen BI,2019,hybrid,11
Handelshøyskolen BI,2019,hybrid_avtale,15
Handelshøyskolen BI,2019,grønn,192
Handelshøyskolen BI,2019,lukket,18
Handelshøyskolen BI,2020,diamant,4
Handelshøyskolen BI,2020,gull,33
Handelshøyskolen BI,2020,hybrid,15
Handelshøyskolen BI,2020,hybrid_avtale,44
Handelshøyskolen BI,2020,grønn,137
Handelshøyskolen BI,2020,lukket,26
Handelshøyskolen BI,2021,diamant,4
Handelshøyskolen BI,2021,gull,40
Handelshøyskolen BI,2021,hybrid,24
Handelshøyskolen BI,2021,hybrid_avtale,62
Handelshøyskolen BI,2021,grønn,169
Handelshøyskolen BI,2021,lukket,11
Handelshøyskolen BI,2022,diamant,10
Handelshøyskolen BI,2022,gull,36
Handelshøyskolen BI,2022,hybrid,48
Handelshøyskolen BI,2022,hybrid_avtale,63
Handelshøyskolen BI,2022,grønn,131
Handelshøyskolen BI,2022,lukket,23
Handelshøyskolen BI,2023,diamant,13
Handelshøyskolen BI,2023,gull,39
Handelshøyskolen BI,2023,hybrid,54
Handelshøyskolen BI,2023,hybrid_avtale,106
Handelshøyskolen BI,2023,grønn,96
Handelshøyskolen BI,2023,lukket,31
Handelshøyskolen BI,2024,diamant,16
Handelshøyskolen BI,2024,gull,39
Handelshøyskolen BI,2024,hybrid,55
Handelshøyskolen BI,2024,hybrid_avtale,91
Handelshøyskolen BI,2024,grønn,80
Handelshøyskolen BI,2024,deponert,1
Handelshøyskolen BI,2024,lukket,21
Handelshøyskolen BI,2025,diamant,23
Handelshøyskolen BI,2025,gull,41
Handelshøyskolen BI,2025,hybrid,63
Handelshøyskolen BI,2025,hybrid_avtale,68
Handelshøyskolen BI,2025,grønn,67
Handelshøyskolen BI,2025,deponert,11
Handelshøyskolen BI,2025,lukket,44
Haraldsplass diakonale sykehus,2025,diamant,3
Haraldsplass diakonale sykehus,2025,gull,27
Haraldsplass diakonale sykehus,2025,hybrid,16
Haraldsplass diakonale sykehus,2025,hybrid_avtale,8
Haraldsplass diakonale sykehus,2025,grønn,8
Haraldsplass diakonale sykehus,2025,deponert,2
Haraldsplass diakonale sykehus,2025,lukket,13
Havforskningsinstituttet,2013,diamant,1
Havforskningsinstituttet,2013,gull,50
Havforskningsinstituttet,2013,hybrid,18
Havforskningsinstituttet,2013,grønn,50
Havforskningsinstituttet,2013,deponert,1
Havforskningsinstituttet,2013,lukket,188
Havforskningsinstituttet,2014,diamant,2
Havforskningsinstituttet,2014,gull,53
Havforskningsinstituttet,2014,hybrid,33
Havforskningsinstituttet,2014,grønn,40
Havforskningsinstituttet,2014,lukket,157
Havforskningsinstituttet,2015,diamant,2
Havforskningsinstituttet,2015,gull,60
Havforskningsinstituttet,2015,hybrid,31
Havforskningsinstituttet,2015,grønn,35
Havforskningsinstituttet,2015,lukket,157
Havforskningsinstituttet,2016,diamant,2
Havforskningsinstituttet,2016,gull,76
Havforskningsinstituttet,2016,hybrid,36
Havforskningsinstituttet,2016,grønn,41
Havforskningsinstituttet,2016,lukket,150
Havforskningsinstituttet,2017,diamant,3
Havforskningsinstituttet,2017,gull,77
Havforskningsinstituttet,2017,hybrid,54
Havforskningsinstituttet,2017,grønn,62
Havforskningsinstituttet,2017,lukket,115
Havforskningsinstituttet,2018,diamant,2
Havforskningsinstituttet,2018,gull,100
Havforskningsinstituttet,2018,hybrid,59
Havforskningsinstituttet,2018,grønn,53
Havforskningsinstituttet,2018,lukket,96
Havforskningsinstituttet,2019,diamant,3
Havforskningsinstituttet,2019,gull,124
Havforskningsinstituttet,2019,hybrid,45
Havforskningsinstituttet,2019,hybrid_avtale,36
Havforskningsinstituttet,2019,grønn,74
Havforskningsinstituttet,2019,lukket,73
Havforskningsinstituttet,2020,diamant,7
Havforskningsinstituttet,2020,gull,151
Havforskningsinstituttet,2020,hybrid,47
Havforskningsinstituttet,2020,hybrid_avtale,112
Havforskningsinstituttet,2020,grønn,62
Havforskningsinstituttet,2020,lukket,70
Havforskningsinstituttet,2021,diamant,4
Havforskningsinstituttet,2021,gull,138
Havforskningsinstituttet,2021,hybrid,60
Havforskningsinstituttet,2021,hybrid_avtale,115
Havforskningsinstituttet,2021,grønn,50
Havforskningsinstituttet,2021,lukket,62
Havforskningsinstituttet,2022,diamant,5
Havforskningsinstituttet,2022,gull,132
Havforskningsinstituttet,2022,hybrid,67
Havforskningsinstituttet,2022,hybrid_avtale,90
Havforskningsinstituttet,2022,grønn,47
Havforskningsinstituttet,2022,lukket,34
Havforskningsinstituttet,2023,diamant,5
Havforskningsinstituttet,2023,gull,142
Havforskningsinstituttet,2023,hybrid,62
Havforskningsinstituttet,2023,hybrid_avtale,103
Havforskningsinstituttet,2023,grønn,25
Havforskningsinstituttet,2023,lukket,28
Havforskningsinstituttet,2024,diamant,5
Havforskningsinstituttet,2024,gull,133
Havforskningsinstituttet,2024,hybrid,64
Havforskningsinstituttet,2024,hybrid_avtale,107
Havforskningsinstituttet,2024,grønn,19
Havforskningsinstituttet,2024,lukket,15
Havforskningsinstituttet,2025,diamant,7
Havforskningsinstituttet,2025,gull,168
Havforskningsinstituttet,2025,hybrid,99
Havforskningsinstituttet,2025,hybrid_avtale,104
Havforskningsinstituttet,2025,grønn,24
Havforskningsinstituttet,2025,deponert,4
Havforskningsinstituttet,2025,lukket,24
Helgelandssykehuset HF,2013,gull,4
Helgelandssykehuset HF,2013,hybrid,1
Helgelandssykehuset HF,2013,lukket,3
Helgelandssykehuset HF,2014,gull,3
Helgelandssykehuset HF,2014,hybrid,2
Helgelandssykehuset HF,2014,grønn,1
Helgelandssykehuset HF,2015,gull,3
Helgelandssykehuset HF,2015,hybrid,5
Helgelandssykehuset HF,2015,lukket,2
Helgelandssykehuset HF,2016,gull,2
Helgelandssykehuset HF,2016,hybrid,4
Helgelandssykehuset HF,2016,grønn,1
Helgelandssykehuset HF,2016,lukket,6
Helgelandssykehuset HF,2017,diamant,1
Helgelandssykehuset HF,2017,gull,8
Helgelandssykehuset HF,2017,hybrid,2
Helgelandssykehuset HF,2017,grønn,2
Helgelandssykehuset HF,2017,lukket,3
Helgelandssykehuset HF,2018,diamant,1
Helgelandssykehuset HF,2018,gull,1
Helgelandssykehuset HF,2018,hybrid,1
Helgelandssykehuset HF,2018,grønn,4
Helgelandssykehuset HF,2018,lukket,4
Helgelandssykehuset HF,2019,gull,1
Helgelandssykehuset HF,2019,hybrid,2
Helgelandssykehuset HF,2019,grønn,1
Helgelandssykehuset HF,2019,lukket,3
Helgelandssykehuset HF,2020,diamant,1
Helgelandssykehuset HF,2020,gull,12
Helgelandssykehuset HF,2020,hybrid_avtale,5
Helgelandssykehuset HF,2020,grønn,3
Helgelandssykehuset HF,2020,lukket,4
Helgelandssykehuset HF,2021,gull,8
Helgelandssykehuset HF,2021,hybrid,2
Helgelandssykehuset HF,2021,hybrid_avtale,1
Helgelandssykehuset HF,2021,grønn,1
Helgelandssykehuset HF,2021,lukket,7
Helgelandssykehuset HF,2022,diamant,1
Helgelandssykehuset HF,2022,gull,6
Helgelandssykehuset HF,2022,hybrid,5
Helgelandssykehuset HF,2022,hybrid_avtale,3
Helgelandssykehuset HF,2022,grønn,6
Helgelandssykehuset HF,2022,lukket,1
Helgelandssykehuset HF,2023,gull,8
Helgelandssykehuset HF,2023,hybrid,5
Helgelandssykehuset HF,2023,hybrid_avtale,1
Helgelandssykehuset HF,2023,grønn,4
Helgelandssykehuset HF,2023,lukket,3
Helgelandssykehuset HF,2024,gull,5
Helgelandssykehuset HF,2024,hybrid_avtale,4
Helgelandssykehuset HF,2024,grønn,3
Helgelandssykehuset HF,2024,lukket,3
Helgelandssykehuset HF,2025,gull,13
Helgelandssykehuset HF,2025,hybrid,4
Helgelandssykehuset HF,2025,hybrid_avtale,4
Helgelandssykehuset HF,2025,grønn,1
Helgelandssykehuset HF,2025,deponert,1
Helgelandssykehuset HF,2025,lukket,7
Helse Bergen HF - Haukeland universitetssykehus,2013,diamant,13
Helse Bergen HF - Haukeland universitetssykehus,2013,gull,148
Helse Bergen HF - Haukeland universitetssykehus,2013,hybrid,36
Helse Bergen HF - Haukeland universitetssykehus,2013,grønn,64
Helse Bergen HF - Haukeland universitetssykehus,2013,lukket,443
Helse Bergen HF - Haukeland universitetssykehus,2014,diamant,15
Helse Bergen HF - Haukeland universitetssykehus,2014,gull,158
Helse Bergen HF - Haukeland universitetssykehus,2014,hybrid,87
Helse Bergen HF - Haukeland universitetssykehus,2014,grønn,68
Helse Bergen HF - Haukeland universitetssykehus,2014,lukket,352
Helse Bergen HF - Haukeland universitetssykehus,2015,diamant,14
Helse Bergen HF - Haukeland universitetssykehus,2015,gull,169
Helse Bergen HF - Haukeland universitetssykehus,2015,hybrid,91
Helse Bergen HF - Haukeland universitetssykehus,2015,grønn,47
Helse Bergen HF - Haukeland universitetssykehus,2015,lukket,342
Helse Bergen HF - Haukeland universitetssykehus,2016,diamant,15
Helse Bergen HF - Haukeland universitetssykehus,2016,gull,181
Helse Bergen HF - Haukeland universitetssykehus,2016,hybrid,105
Helse Bergen HF - Haukeland universitetssykehus,2016,grønn,71
Helse Bergen HF - Haukeland universitetssykehus,2016,lukket,335
Helse Bergen HF - Haukeland universitetssykehus,2017,diamant,16
Helse Bergen HF - Haukeland universitetssykehus,2017,gull,230
Helse Bergen HF - Haukeland universitetssykehus,2017,hybrid,108
Helse Bergen HF - Haukeland universitetssykehus,2017,grønn,89
Helse Bergen HF - Haukeland universitetssykehus,2017,lukket,304
Helse Bergen HF - Haukeland universitetssykehus,2018,diamant,11
Helse Bergen HF - Haukeland universitetssykehus,2018,gull,247
Helse Bergen HF - Haukeland universitetssykehus,2018,hybrid,111
Helse Bergen HF - Haukeland universitetssykehus,2018,grønn,106
Helse Bergen HF - Haukeland universitetssykehus,2018,lukket,307
Helse Bergen HF - Haukeland universitetssykehus,2019,diamant,24
Helse Bergen HF - Haukeland universitetssykehus,2019,gull,265
Helse Bergen HF - Haukeland universitetssykehus,2019,hybrid,87
Helse Bergen HF - Haukeland universitetssykehus,2019,hybrid_avtale,51
Helse Bergen HF - Haukeland universitetssykehus,2019,grønn,167
Helse Bergen HF - Haukeland universitetssykehus,2019,lukket,206
Helse Bergen HF - Haukeland universitetssykehus,2020,diamant,14
Helse Bergen HF - Haukeland universitetssykehus,2020,gull,345
Helse Bergen HF - Haukeland universitetssykehus,2020,hybrid,68
Helse Bergen HF - Haukeland universitetssykehus,2020,hybrid_avtale,128
Helse Bergen HF - Haukeland universitetssykehus,2020,grønn,110
Helse Bergen HF - Haukeland universitetssykehus,2020,lukket,149
Helse Bergen HF - Haukeland universitetssykehus,2021,diamant,14
Helse Bergen HF - Haukeland universitetssykehus,2021,gull,384
Helse Bergen HF - Haukeland universitetssykehus,2021,hybrid,103
Helse Bergen HF - Haukeland universitetssykehus,2021,hybrid_avtale,179
Helse Bergen HF - Haukeland universitetssykehus,2021,grønn,92
Helse Bergen HF - Haukeland universitetssykehus,2021,lukket,152
Helse Bergen HF - Haukeland universitetssykehus,2022,diamant,12
Helse Bergen HF - Haukeland universitetssykehus,2022,gull,386
Helse Bergen HF - Haukeland universitetssykehus,2022,hybrid,106
Helse Bergen HF - Haukeland universitetssykehus,2022,hybrid_avtale,174
Helse Bergen HF - Haukeland universitetssykehus,2022,grønn,78
Helse Bergen HF - Haukeland universitetssykehus,2022,lukket,93
Helse Bergen HF - Haukeland universitetssykehus,2023,diamant,22
Helse Bergen HF - Haukeland universitetssykehus,2023,gull,386
Helse Bergen HF - Haukeland universitetssykehus,2023,hybrid,125
Helse Bergen HF - Haukeland universitetssykehus,2023,hybrid_avtale,194
Helse Bergen HF - Haukeland universitetssykehus,2023,grønn,57
Helse Bergen HF - Haukeland universitetssykehus,2023,lukket,80
Helse Bergen HF - Haukeland universitetssykehus,2024,diamant,23
Helse Bergen HF - Haukeland universitetssykehus,2024,gull,394
Helse Bergen HF - Haukeland universitetssykehus,2024,hybrid,128
Helse Bergen HF - Haukeland universitetssykehus,2024,hybrid_avtale,192
Helse Bergen HF - Haukeland universitetssykehus,2024,grønn,48
Helse Bergen HF - Haukeland universitetssykehus,2024,deponert,1
Helse Bergen HF - Haukeland universitetssykehus,2024,lukket,90
Helse Bergen HF - Haukeland universitetssykehus,2025,diamant,14
Helse Bergen HF - Haukeland universitetssykehus,2025,gull,432
Helse Bergen HF - Haukeland universitetssykehus,2025,hybrid,129
Helse Bergen HF - Haukeland universitetssykehus,2025,hybrid_avtale,147
Helse Bergen HF - Haukeland universitetssykehus,2025,grønn,67
Helse Bergen HF - Haukeland universitetssykehus,2025,deponert,20
Helse Bergen HF - Haukeland universitetssykehus,2025,lukket,103
Helse Fonna HF,2013,diamant,3
Helse Fonna HF,2013,gull,15
Helse Fonna HF,2013,hybrid,3
Helse Fonna HF,2013,grønn,4
Helse Fonna HF,2013,lukket,31
Helse Fonna HF,2014,gull,12
Helse Fonna HF,2014,hybrid,13
Helse Fonna HF,2014,grønn,4
Helse Fonna HF,2014,lukket,18
Helse Fonna HF,2015,gull,8
Helse Fonna HF,2015,hybrid,13
Helse Fonna HF,2015,grønn,2
Helse Fonna HF,2015,lukket,25
Helse Fonna HF,2016,gull,14
Helse Fonna HF,2016,hybrid,11
Helse Fonna HF,2016,grønn,2
Helse Fonna HF,2016,lukket,28
Helse Fonna HF,2017,diamant,1
Helse Fonna HF,2017,gull,15
Helse Fonna HF,2017,hybrid,14
Helse Fonna HF,2017,grønn,6
Helse Fonna HF,2017,lukket,31
Helse Fonna HF,2018,gull,17
Helse Fonna HF,2018,hybrid,1
Helse Fonna HF,2018,grønn,5
Helse Fonna HF,2018,lukket,15
Helse Fonna HF,2019,gull,25
Helse Fonna HF,2019,hybrid,8
Helse Fonna HF,2019,hybrid_avtale,1
Helse Fonna HF,2019,grønn,16
Helse Fonna HF,2019,deponert,1
Helse Fonna HF,2019,lukket,11
Helse Fonna HF,2020,gull,22
Helse Fonna HF,2020,hybrid,9
Helse Fonna HF,2020,hybrid_avtale,12
Helse Fonna HF,2020,grønn,13
Helse Fonna HF,2020,lukket,9
Helse Fonna HF,2021,diamant,1
Helse Fonna HF,2021,gull,30
Helse Fonna HF,2021,hybrid,5
Helse Fonna HF,2021,hybrid_avtale,20
Helse Fonna HF,2021,grønn,5
Helse Fonna HF,2021,deponert,1
Helse Fonna HF,2021,lukket,9
Helse Fonna HF,2022,diamant,1
Helse Fonna HF,2022,gull,29
Helse Fonna HF,2022,hybrid,12
Helse Fonna HF,2022,hybrid_avtale,13
Helse Fonna HF,2022,grønn,8
Helse Fonna HF,2022,lukket,6
Helse Fonna HF,2023,diamant,4
Helse Fonna HF,2023,gull,21
Helse Fonna HF,2023,hybrid,5
Helse Fonna HF,2023,hybrid_avtale,24
Helse Fonna HF,2023,grønn,1
Helse Fonna HF,2023,lukket,6
Helse Fonna HF,2024,diamant,2
Helse Fonna HF,2024,gull,25
Helse Fonna HF,2024,hybrid,3
Helse Fonna HF,2024,hybrid_avtale,17
Helse Fonna HF,2024,grønn,2
Helse Fonna HF,2024,lukket,5
Helse Fonna HF,2025,diamant,3
Helse Fonna HF,2025,gull,31
Helse Fonna HF,2025,hybrid,11
Helse Fonna HF,2025,hybrid_avtale,15
Helse Fonna HF,2025,grønn,4
Helse Fonna HF,2025,lukket,4
Helse Førde HF,2013,diamant,2
Helse Førde HF,2013,gull,10
Helse Førde HF,2013,hybrid,1
Helse Førde HF,2013,grønn,1
Helse Førde HF,2013,lukket,14
Helse Førde HF,2014,diamant,1
Helse Førde HF,2014,gull,10
Helse Førde HF,2014,hybrid,2
Helse Førde HF,2014,grønn,5
Helse Førde HF,2014,lukket,12
Helse Førde HF,2015,gull,9
Helse Førde HF,2015,hybrid,3
Helse Førde HF,2015,grønn,1
Helse Førde HF,2015,lukket,6
Helse Førde HF,2016,gull,7
Helse Førde HF,2016,hybrid,6
Helse Førde HF,2016,grønn,5
Helse Førde HF,2016,lukket,11
Helse Førde HF,2017,gull,8
Helse Førde HF,2017,hybrid,4
Helse Førde HF,2017,grønn,3
Helse Førde HF,2017,lukket,16
Helse Førde HF,2018,diamant,1
Helse Førde HF,2018,gull,12
Helse Førde HF,2018,grønn,7
Helse Førde HF,2018,lukket,12
Helse Førde HF,2019,diamant,1
Helse Førde HF,2019,gull,12
Helse Førde HF,2019,hybrid,6
Helse Førde HF,2019,hybrid_avtale,2
Helse Førde HF,2019,grønn,7
Helse Førde HF,2019,lukket,8
Helse Førde HF,2020,gull,11
Helse Førde HF,2020,hybrid,2
Helse Førde HF,2020,hybrid_avtale,8
Helse Førde HF,2020,grønn,4
Helse Førde HF,2020,lukket,8
Helse Førde HF,2021,gull,14
Helse Førde HF,2021,hybrid,6
Helse Førde HF,2021,hybrid_avtale,7
Helse Førde HF,2021,grønn,4
Helse Førde HF,2021,lukket,7
Helse Førde HF,2022,diamant,1
Helse Førde HF,2022,gull,12
Helse Førde HF,2022,hybrid,7
Helse Førde HF,2022,hybrid_avtale,3
Helse Førde HF,2022,grønn,4
Helse Førde HF,2022,lukket,3
Helse Førde HF,2023,diamant,2
Helse Førde HF,2023,gull,22
Helse Førde HF,2023,hybrid,7
Helse Førde HF,2023,hybrid_avtale,6
Helse Førde HF,2023,grønn,3
Helse Førde HF,2023,lukket,4
Helse Førde HF,2024,diamant,4
Helse Førde HF,2024,gull,18
Helse Førde HF,2024,hybrid,8
Helse Førde HF,2024,hybrid_avtale,17
Helse Førde HF,2024,grønn,1
Helse Førde HF,2024,lukket,7
Helse Førde HF,2025,diamant,2
Helse Førde HF,2025,gull,21
Helse Førde HF,2025,hybrid,12
Helse Førde HF,2025,hybrid_avtale,8
Helse Førde HF,2025,grønn,2
Helse Førde HF,2025,deponert,1
Helse Førde HF,2025,lukket,7
Helse Møre og Romsdal HF,2013,diamant,2
Helse Møre og Romsdal HF,2013,gull,5
Helse Møre og Romsdal HF,2013,hybrid,4
Helse Møre og Romsdal HF,2013,grønn,1
Helse Møre og Romsdal HF,2013,lukket,26
Helse Møre og Romsdal HF,2014,diamant,2
Helse Møre og Romsdal HF,2014,gull,11
Helse Møre og Romsdal HF,2014,hybrid,1
Helse Møre og Romsdal HF,2014,grønn,3
Helse Møre og Romsdal HF,2014,lukket,16
Helse Møre og Romsdal HF,2015,diamant,1
Helse Møre og Romsdal HF,2015,gull,4
Helse Møre og Romsdal HF,2015,hybrid,3
Helse Møre og Romsdal HF,2015,grønn,1
Helse Møre og Romsdal HF,2015,lukket,19
Helse Møre og Romsdal HF,2016,diamant,4
Helse Møre og Romsdal HF,2016,gull,9
Helse Møre og Romsdal HF,2016,hybrid,5
Helse Møre og Romsdal HF,2016,grønn,5
Helse Møre og Romsdal HF,2016,lukket,28
Helse Møre og Romsdal HF,2017,diamant,5
Helse Møre og Romsdal HF,2017,gull,11
Helse Møre og Romsdal HF,2017,hybrid,6
Helse Møre og Romsdal HF,2017,grønn,10
Helse Møre og Romsdal HF,2017,lukket,12
Helse Møre og Romsdal HF,2018,diamant,1
Helse Møre og Romsdal HF,2018,gull,14
Helse Møre og Romsdal HF,2018,hybrid,14
Helse Møre og Romsdal HF,2018,grønn,10
Helse Møre og Romsdal HF,2018,deponert,1
Helse Møre og Romsdal HF,2018,lukket,21
Helse Møre og Romsdal HF,2019,diamant,7
Helse Møre og Romsdal HF,2019,gull,37
Helse Møre og Romsdal HF,2019,hybrid,8
Helse Møre og Romsdal HF,2019,hybrid_avtale,7
Helse Møre og Romsdal HF,2019,grønn,19
Helse Møre og Romsdal HF,2019,lukket,10
Helse Møre og Romsdal HF,2020,diamant,3
Helse Møre og Romsdal HF,2020,gull,31
Helse Møre og Romsdal HF,2020,hybrid,10
Helse Møre og Romsdal HF,2020,hybrid_avtale,25
Helse Møre og Romsdal HF,2020,grønn,12
Helse Møre og Romsdal HF,2020,lukket,12
Helse Møre og Romsdal HF,2021,diamant,7
Helse Møre og Romsdal HF,2021,gull,50
Helse Møre og Romsdal HF,2021,hybrid,11
Helse Møre og Romsdal HF,2021,hybrid_avtale,23
Helse Møre og Romsdal HF,2021,grønn,13
Helse Møre og Romsdal HF,2021,lukket,9
Helse Møre og Romsdal HF,2022,diamant,2
Helse Møre og Romsdal HF,2022,gull,43
Helse Møre og Romsdal HF,2022,hybrid,13
Helse Møre og Romsdal HF,2022,hybrid_avtale,26
Helse Møre og Romsdal HF,2022,grønn,7
Helse Møre og Romsdal HF,2022,lukket,5
Helse Møre og Romsdal HF,2023,diamant,1
Helse Møre og Romsdal HF,2023,gull,45
Helse Møre og Romsdal HF,2023,hybrid,11
Helse Møre og Romsdal HF,2023,hybrid_avtale,26
Helse Møre og Romsdal HF,2023,grønn,7
Helse Møre og Romsdal HF,2023,lukket,8
Helse Møre og Romsdal HF,2024,diamant,3
Helse Møre og Romsdal HF,2024,gull,44
Helse Møre og Romsdal HF,2024,hybrid,17
Helse Møre og Romsdal HF,2024,hybrid_avtale,25
Helse Møre og Romsdal HF,2024,grønn,10
Helse Møre og Romsdal HF,2024,lukket,4
Helse Møre og Romsdal HF,2025,diamant,3
Helse Møre og Romsdal HF,2025,gull,66
Helse Møre og Romsdal HF,2025,hybrid,14
Helse Møre og Romsdal HF,2025,hybrid_avtale,20
Helse Møre og Romsdal HF,2025,grønn,5
Helse Møre og Romsdal HF,2025,deponert,2
Helse Møre og Romsdal HF,2025,lukket,7
Helse Nord RHF,2013,diamant,1
Helse Nord RHF,2013,gull,10
Helse Nord RHF,2013,grønn,1
Helse Nord RHF,2013,lukket,3
Helse Nord RHF,2014,gull,2
Helse Nord RHF,2014,hybrid,3
Helse Nord RHF,2014,grønn,1
Helse Nord RHF,2014,lukket,3
Helse Nord RHF,2015,gull,6
Helse Nord RHF,2015,hybrid,2
Helse Nord RHF,2015,grønn,2
Helse Nord RHF,2015,lukket,5
Helse Nord RHF,2016,diamant,1
Helse Nord RHF,2016,gull,4
Helse Nord RHF,2016,grønn,1
Helse Nord RHF,2016,lukket,2
Helse Nord RHF,2017,diamant,2
Helse Nord RHF,2017,gull,5
Helse Nord RHF,2017,hybrid,2
Helse Nord RHF,2017,grønn,2
Helse Nord RHF,2017,lukket,3
Helse Nord RHF,2018,gull,4
Helse Nord RHF,2018,hybrid,1
Helse Nord RHF,2018,grønn,3
Helse Nord RHF,2018,lukket,6
Helse Nord RHF,2019,gull,4
Helse Nord RHF,2019,hybrid,1
Helse Nord RHF,2019,hybrid_avtale,3
Helse Nord RHF,2019,grønn,2
Helse Nord RHF,2020,diamant,1
Helse Nord RHF,2020,gull,2
Helse Nord RHF,2020,hybrid,2
Helse Nord RHF,2020,hybrid_avtale,3
Helse Nord RHF,2020,grønn,1
Helse Nord RHF,2021,gull,4
Helse Nord RHF,2021,hybrid,1
Helse Nord RHF,2021,hybrid_avtale,2
Helse Nord RHF,2021,grønn,1
Helse Nord RHF,2021,lukket,1
Helse Nord RHF,2022,diamant,2
Helse Nord RHF,2022,gull,3
Helse Nord RHF,2022,hybrid,1
Helse Nord RHF,2022,hybrid_avtale,3
Helse Nord RHF,2022,grønn,2
Helse Nord RHF,2023,hybrid_avtale,2
Helse Nord RHF,2023,grønn,1
Helse Nord RHF,2024,gull,5
Helse Nord RHF,2024,hybrid,1
Helse Nord RHF,2024,grønn,2
Helse Nord RHF,2024,lukket,1
Helse Nord RHF,2025,gull,10
Helse Nord RHF,2025,hybrid,1
Helse Nord-Trøndelag HF,2013,diamant,1
Helse Nord-Trøndelag HF,2013,gull,13
Helse Nord-Trøndelag HF,2013,hybrid,3
Helse Nord-Trøndelag HF,2013,grønn,8
Helse Nord-Trøndelag HF,2013,lukket,31
Helse Nord-Trøndelag HF,2014,diamant,1
Helse Nord-Trøndelag HF,2014,gull,7
Helse Nord-Trøndelag HF,2014,hybrid,7
Helse Nord-Trøndelag HF,2014,grønn,4
Helse Nord-Trøndelag HF,2014,lukket,25
Helse Nord-Trøndelag HF,2015,diamant,3
Helse Nord-Trøndelag HF,2015,gull,14
Helse Nord-Trøndelag HF,2015,hybrid,6
Helse Nord-Trøndelag HF,2015,grønn,7
Helse Nord-Trøndelag HF,2015,lukket,30
Helse Nord-Trøndelag HF,2016,diamant,1
Helse Nord-Trøndelag HF,2016,gull,18
Helse Nord-Trøndelag HF,2016,hybrid,7
Helse Nord-Trøndelag HF,2016,grønn,3
Helse Nord-Trøndelag HF,2016,lukket,24
Helse Nord-Trøndelag HF,2017,diamant,1
Helse Nord-Trøndelag HF,2017,gull,14
Helse Nord-Trøndelag HF,2017,hybrid,3
Helse Nord-Trøndelag HF,2017,grønn,16
Helse Nord-Trøndelag HF,2017,lukket,10
Helse Nord-Trøndelag HF,2018,diamant,1
Helse Nord-Trøndelag HF,2018,gull,16
Helse Nord-Trøndelag HF,2018,hybrid,10
Helse Nord-Trøndelag HF,2018,grønn,18
Helse Nord-Trøndelag HF,2018,lukket,17
Helse Nord-Trøndelag HF,2019,diamant,2
Helse Nord-Trøndelag HF,2019,gull,31
Helse Nord-Trøndelag HF,2019,hybrid,11
Helse Nord-Trøndelag HF,2019,hybrid_avtale,5
Helse Nord-Trøndelag HF,2019,grønn,21
Helse Nord-Trøndelag HF,2019,lukket,7
Helse Nord-Trøndelag HF,2020,diamant,4
Helse Nord-Trøndelag HF,2020,gull,27
Helse Nord-Trøndelag HF,2020,hybrid,16
Helse Nord-Trøndelag HF,2020,hybrid_avtale,18
Helse Nord-Trøndelag HF,2020,grønn,20
Helse Nord-Trøndelag HF,2020,lukket,6
Helse Nord-Trøndelag HF,2021,diamant,4
Helse Nord-Trøndelag HF,2021,gull,38
Helse Nord-Trøndelag HF,2021,hybrid,20
Helse Nord-Trøndelag HF,2021,hybrid_avtale,16
Helse Nord-Trøndelag HF,2021,grønn,13
Helse Nord-Trøndelag HF,2021,deponert,1
Helse Nord-Trøndelag HF,2021,lukket,6
Helse Nord-Trøndelag HF,2022,gull,54
Helse Nord-Trøndelag HF,2022,hybrid,16
Helse Nord-Trøndelag HF,2022,hybrid_avtale,29
Helse Nord-Trøndelag HF,2022,grønn,13
Helse Nord-Trøndelag HF,2022,lukket,4
Helse Nord-Trøndelag HF,2023,diamant,6
Helse Nord-Trøndelag HF,2023,gull,44
Helse Nord-Trøndelag HF,2023,hybrid,28
Helse Nord-Trøndelag HF,2023,hybrid_avtale,26
Helse Nord-Trøndelag HF,2023,grønn,9
Helse Nord-Trøndelag HF,2023,lukket,3
Helse Nord-Trøndelag HF,2024,diamant,7
Helse Nord-Trøndelag HF,2024,gull,70
Helse Nord-Trøndelag HF,2024,hybrid,13
Helse Nord-Trøndelag HF,2024,hybrid_avtale,35
Helse Nord-Trøndelag HF,2024,grønn,5
Helse Nord-Trøndelag HF,2024,deponert,1
Helse Nord-Trøndelag HF,2024,lukket,4
Helse Nord-Trøndelag HF,2025,diamant,3
Helse Nord-Trøndelag HF,2025,gull,79
Helse Nord-Trøndelag HF,2025,hybrid,23
Helse Nord-Trøndelag HF,2025,hybrid_avtale,25
Helse Nord-Trøndelag HF,2025,grønn,13
Helse Nord-Trøndelag HF,2025,lukket,8
Helse Stavanger HF - Stavanger universitetssjukehus,2013,diamant,5
Helse Stavanger HF - Stavanger universitetssjukehus,2013,gull,45
Helse Stavanger HF - Stavanger universitetssjukehus,2013,hybrid,13
Helse Stavanger HF - Stavanger universitetssjukehus,2013,grønn,16
Helse Stavanger HF - Stavanger universitetssjukehus,2013,lukket,115
Helse Stavanger HF - Stavanger universitetssjukehus,2014,diamant,4
Helse Stavanger HF - Stavanger universitetssjukehus,2014,gull,48
Helse Stavanger HF - Stavanger universitetssjukehus,2014,hybrid,16
Helse Stavanger HF - Stavanger universitetssjukehus,2014,grønn,11
Helse Stavanger HF - Stavanger universitetssjukehus,2014,lukket,125
Helse Stavanger HF - Stavanger universitetssjukehus,2015,diamant,2
Helse Stavanger HF - Stavanger universitetssjukehus,2015,gull,48
Helse Stavanger HF - Stavanger universitetssjukehus,2015,hybrid,21
Helse Stavanger HF - Stavanger universitetssjukehus,2015,grønn,26
Helse Stavanger HF - Stavanger universitetssjukehus,2015,lukket,115
Helse Stavanger HF - Stavanger universitetssjukehus,2016,diamant,5
Helse Stavanger HF - Stavanger universitetssjukehus,2016,gull,39
Helse Stavanger HF - Stavanger universitetssjukehus,2016,hybrid,29
Helse Stavanger HF - Stavanger universitetssjukehus,2016,grønn,26
Helse Stavanger HF - Stavanger universitetssjukehus,2016,lukket,120
Helse Stavanger HF - Stavanger universitetssjukehus,2017,diamant,7
Helse Stavanger HF - Stavanger universitetssjukehus,2017,gull,76
Helse Stavanger HF - Stavanger universitetssjukehus,2017,hybrid,24
Helse Stavanger HF - Stavanger universitetssjukehus,2017,grønn,28
Helse Stavanger HF - Stavanger universitetssjukehus,2017,lukket,121
Helse Stavanger HF - Stavanger universitetssjukehus,2018,diamant,10
Helse Stavanger HF - Stavanger universitetssjukehus,2018,gull,93
Helse Stavanger HF - Stavanger universitetssjukehus,2018,hybrid,32
Helse Stavanger HF - Stavanger universitetssjukehus,2018,grønn,36
Helse Stavanger HF - Stavanger universitetssjukehus,2018,lukket,117
Helse Stavanger HF - Stavanger universitetssjukehus,2019,diamant,4
Helse Stavanger HF - Stavanger universitetssjukehus,2019,gull,85
Helse Stavanger HF - Stavanger universitetssjukehus,2019,hybrid,40
Helse Stavanger HF - Stavanger universitetssjukehus,2019,hybrid_avtale,16
Helse Stavanger HF - Stavanger universitetssjukehus,2019,grønn,60
Helse Stavanger HF - Stavanger universitetssjukehus,2019,deponert,1
Helse Stavanger HF - Stavanger universitetssjukehus,2019,lukket,84
Helse Stavanger HF - Stavanger universitetssjukehus,2020,diamant,3
Helse Stavanger HF - Stavanger universitetssjukehus,2020,gull,112
Helse Stavanger HF - Stavanger universitetssjukehus,2020,hybrid,35
Helse Stavanger HF - Stavanger universitetssjukehus,2020,hybrid_avtale,51
Helse Stavanger HF - Stavanger universitetssjukehus,2020,grønn,41
Helse Stavanger HF - Stavanger universitetssjukehus,2020,lukket,91
Helse Stavanger HF - Stavanger universitetssjukehus,2021,diamant,7
Helse Stavanger HF - Stavanger universitetssjukehus,2021,gull,132
Helse Stavanger HF - Stavanger universitetssjukehus,2021,hybrid,39
Helse Stavanger HF - Stavanger universitetssjukehus,2021,hybrid_avtale,73
Helse Stavanger HF - Stavanger universitetssjukehus,2021,grønn,32
Helse Stavanger HF - Stavanger universitetssjukehus,2021,deponert,1
Helse Stavanger HF - Stavanger universitetssjukehus,2021,lukket,63
Helse Stavanger HF - Stavanger universitetssjukehus,2022,diamant,5
Helse Stavanger HF - Stavanger universitetssjukehus,2022,gull,148
Helse Stavanger HF - Stavanger universitetssjukehus,2022,hybrid,55
Helse Stavanger HF - Stavanger universitetssjukehus,2022,hybrid_avtale,66
Helse Stavanger HF - Stavanger universitetssjukehus,2022,grønn,38
Helse Stavanger HF - Stavanger universitetssjukehus,2022,lukket,41
Helse Stavanger HF - Stavanger universitetssjukehus,2023,diamant,10
Helse Stavanger HF - Stavanger universitetssjukehus,2023,gull,157
Helse Stavanger HF - Stavanger universitetssjukehus,2023,hybrid,69
Helse Stavanger HF - Stavanger universitetssjukehus,2023,hybrid_avtale,63
Helse Stavanger HF - Stavanger universitetssjukehus,2023,grønn,24
Helse Stavanger HF - Stavanger universitetssjukehus,2023,lukket,30
Helse Stavanger HF - Stavanger universitetssjukehus,2024,diamant,13
Helse Stavanger HF - Stavanger universitetssjukehus,2024,gull,158
Helse Stavanger HF - Stavanger universitetssjukehus,2024,hybrid,67
Helse Stavanger HF - Stavanger universitetssjukehus,2024,hybrid_avtale,69
Helse Stavanger HF - Stavanger universitetssjukehus,2024,grønn,18
Helse Stavanger HF - Stavanger universitetssjukehus,2024,lukket,29
Helse Stavanger HF - Stavanger universitetssjukehus,2025,diamant,8
Helse Stavanger HF - Stavanger universitetssjukehus,2025,gull,172
Helse Stavanger HF - Stavanger universitetssjukehus,2025,hybrid,75
Helse Stavanger HF - Stavanger universitetssjukehus,2025,hybrid_avtale,43
Helse Stavanger HF - Stavanger universitetssjukehus,2025,grønn,23
Helse Stavanger HF - Stavanger universitetssjukehus,2025,deponert,1
Helse Stavanger HF - Stavanger universitetssjukehus,2025,lukket,39
Helse Vest IKT,2017,hybrid,1
Helse Vest IKT,2018,gull,1
Helse Vest IKT,2021,hybrid,1
Helse Vest IKT,2021,hybrid_avtale,1
Helse Vest IKT,2022,gull,1
Helse Vest IKT,2022,lukket,2
Helse Vest IKT,2023,gull,1
Helse Vest IKT,2023,hybrid,1
Helse Vest IKT,2023,grønn,1
Helse Vest IKT,2024,gull,1
Helse Vest IKT,2024,hybrid,3
Helse Vest IKT,2024,lukket,1
Helse Vest IKT,2025,hybrid_avtale,1
Høgskolen i Molde - Vitenskapelig høgskole i logistikk,2013,diamant,4
Høgskolen i Molde - Vitenskapelig høgskole i logistikk,2013,gull,4
Høgskolen i Molde - Vitenskapelig høgskole i logistikk,2013,grønn,5
Høgskolen i Molde - Vitenskapelig høgskole i logistikk,2013,lukket,45
Høgskolen i Molde - Vitenskapelig høgskole i logistikk,2014,diamant,2
Høgskolen i Molde - Vitenskapelig høgskole i logistikk,2014,gull,11
Høgskolen i Molde - Vitenskapelig høgskole i logistikk,2014,hybrid,5
Høgskolen i Molde - Vitenskapelig høgskole i logistikk,2014,grønn,4
Høgskolen i Molde - Vitenskapelig høgskole i logistikk,2014,lukket,40
Høgskolen i Molde - Vitenskapelig høgskole i logistikk,2015,diamant,6
Høgskolen i Molde - Vitenskapelig høgskole i logistikk,2015,gull,13
Høgskolen i Molde - Vitenskapelig høgskole i logistikk,2015,hybrid,3
Høgskolen i Molde - Vitenskapelig høgskole i logistikk,2015,grønn,14
Høgskolen i Molde - Vitenskapelig høgskole i logistikk,2015,lukket,58
Høgskolen i Molde - Vitenskapelig høgskole i logistikk,2016,diamant,5
Høgskolen i Molde - Vitenskapelig høgskole i logistikk,2016,gull,18
Høgskolen i Molde - Vitenskapelig høgskole i logistikk,2016,hybrid,3
Høgskolen i Molde - Vitenskapelig høgskole i logistikk,2016,grønn,29
Høgskolen i Molde - Vitenskapelig høgskole i logistikk,2016,lukket,34
Høgskolen i Molde - Vitenskapelig høgskole i logistikk,2017,diamant,4
Høgskolen i Molde - Vitenskapelig høgskole i logistikk,2017,gull,18
Høgskolen i Molde - Vitenskapelig høgskole i logistikk,2017,hybrid,1
Høgskolen i Molde - Vitenskapelig høgskole i logistikk,2017,grønn,28
Høgskolen i Molde - Vitenskapelig høgskole i logistikk,2017,lukket,59
Høgskolen i Molde - Vitenskapelig høgskole i logistikk,2018,diamant,2
Høgskolen i Molde - Vitenskapelig høgskole i logistikk,2018,gull,20
Høgskolen i Molde - Vitenskapelig høgskole i logistikk,2018,hybrid,5
Høgskolen i Molde - Vitenskapelig høgskole i logistikk,2018,grønn,31
Høgskolen i Molde - Vitenskapelig høgskole i logistikk,2018,lukket,51
Høgskolen i Molde - Vitenskapelig høgskole i logistikk,2019,diamant,2
Høgskolen i Molde - Vitenskapelig høgskole i logistikk,2019,gull,20
Høgskolen i Molde - Vitenskapelig høgskole i logistikk,2019,hybrid,1
Høgskolen i Molde - Vitenskapelig høgskole i logistikk,2019,hybrid_avtale,9
Høgskolen i Molde - Vitenskapelig høgskole i logistikk,2019,grønn,22
Høgskolen i Molde - Vitenskapelig høgskole i logistikk,2019,lukket,34
Høgskolen i Molde - Vitenskapelig høgskole i logistikk,2020,diamant,7
Høgskolen i Molde - Vitenskapelig høgskole i logistikk,2020,gull,32
Høgskolen i Molde - Vitenskapelig høgskole i logistikk,2020,hybrid,7
Høgskolen i Molde - Vitenskapelig høgskole i logistikk,2020,hybrid_avtale,20
Høgskolen i Molde - Vitenskapelig høgskole i logistikk,2020,grønn,35
Høgskolen i Molde - Vitenskapelig høgskole i logistikk,2020,lukket,46
Høgskolen i Molde - Vitenskapelig høgskole i logistikk,2021,diamant,8
Høgskolen i Molde - Vitenskapelig høgskole i logistikk,2021,gull,48
Høgskolen i Molde - Vitenskapelig høgskole i logistikk,2021,hybrid,7
Høgskolen i Molde - Vitenskapelig høgskole i logistikk,2021,hybrid_avtale,43
Høgskolen i Molde - Vitenskapelig høgskole i logistikk,2021,grønn,15
Høgskolen i Molde - Vitenskapelig høgskole i logistikk,2021,lukket,27
Høgskolen i Molde - Vitenskapelig høgskole i logistikk,2022,diamant,8
Høgskolen i Molde - Vitenskapelig høgskole i logistikk,2022,gull,51
Høgskolen i Molde - Vitenskapelig høgskole i logistikk,2022,hybrid,13
Høgskolen i Molde - Vitenskapelig høgskole i logistikk,2022,hybrid_avtale,29
Høgskolen i Molde - Vitenskapelig høgskole i logistikk,2022,grønn,16
Høgskolen i Molde - Vitenskapelig høgskole i logistikk,2022,lukket,14
Høgskolen i Molde - Vitenskapelig høgskole i logistikk,2023,diamant,2
Høgskolen i Molde - Vitenskapelig høgskole i logistikk,2023,gull,37
Høgskolen i Molde - Vitenskapelig høgskole i logistikk,2023,hybrid,16
Høgskolen i Molde - Vitenskapelig høgskole i logistikk,2023,hybrid_avtale,38
Høgskolen i Molde - Vitenskapelig høgskole i logistikk,2023,grønn,19
Høgskolen i Molde - Vitenskapelig høgskole i logistikk,2023,lukket,20
Høgskolen i Molde - Vitenskapelig høgskole i logistikk,2024,diamant,7
Høgskolen i Molde - Vitenskapelig høgskole i logistikk,2024,gull,41
Høgskolen i Molde - Vitenskapelig høgskole i logistikk,2024,hybrid,9
Høgskolen i Molde - Vitenskapelig høgskole i logistikk,2024,hybrid_avtale,38
Høgskolen i Molde - Vitenskapelig høgskole i logistikk,2024,grønn,15
Høgskolen i Molde - Vitenskapelig høgskole i logistikk,2024,lukket,15
Høgskolen i Molde - Vitenskapelig høgskole i logistikk,2025,diamant,5
Høgskolen i Molde - Vitenskapelig høgskole i logistikk,2025,gull,66
Høgskolen i Molde - Vitenskapelig høgskole i logistikk,2025,hybrid,15
Høgskolen i Molde - Vitenskapelig høgskole i logistikk,2025,hybrid_avtale,46
Høgskolen i Molde - Vitenskapelig høgskole i logistikk,2025,grønn,10
Høgskolen i Molde - Vitenskapelig høgskole i logistikk,2025,deponert,1
Høgskolen i Molde - Vitenskapelig høgskole i logistikk,2025,lukket,20
Høgskolen i Østfold,2013,diamant,8
Høgskolen i Østfold,2013,gull,2
Høgskolen i Østfold,2013,hybrid,2
Høgskolen i Østfold,2013,grønn,2
Høgskolen i Østfold,2013,lukket,57
Høgskolen i Østfold,2014,diamant,12
Høgskolen i Østfold,2014,gull,9
Høgskolen i Østfold,2014,hybrid,4
Høgskolen i Østfold,2014,grønn,8
Høgskolen i Østfold,2014,lukket,53
Høgskolen i Østfold,2015,diamant,10
Høgskolen i Østfold,2015,gull,11
Høgskolen i Østfold,2015,hybrid,5
Høgskolen i Østfold,2015,grønn,2
Høgskolen i Østfold,2015,lukket,58
Høgskolen i Østfold,2016,diamant,12
Høgskolen i Østfold,2016,gull,17
Høgskolen i Østfold,2016,hybrid,3
Høgskolen i Østfold,2016,grønn,14
Høgskolen i Østfold,2016,lukket,82
Høgskolen i Østfold,2017,diamant,13
Høgskolen i Østfold,2017,gull,27
Høgskolen i Østfold,2017,hybrid,9
Høgskolen i Østfold,2017,grønn,37
Høgskolen i Østfold,2017,lukket,49
Høgskolen i Østfold,2018,diamant,17
Høgskolen i Østfold,2018,gull,30
Høgskolen i Østfold,2018,hybrid,22
Høgskolen i Østfold,2018,grønn,28
Høgskolen i Østfold,2018,lukket,54
Høgskolen i Østfold,2019,diamant,9
Høgskolen i Østfold,2019,gull,40
Høgskolen i Østfold,2019,hybrid,11
Høgskolen i Østfold,2019,hybrid_avtale,10
Høgskolen i Østfold,2019,grønn,40
Høgskolen i Østfold,2019,lukket,58
Høgskolen i Østfold,2020,diamant,12
Høgskolen i Østfold,2020,gull,67
Høgskolen i Østfold,2020,hybrid,13
Høgskolen i Østfold,2020,hybrid_avtale,38
Høgskolen i Østfold,2020,grønn,33
Høgskolen i Østfold,2020,lukket,69
Høgskolen i Østfold,2021,diamant,24
Høgskolen i Østfold,2021,gull,103
Høgskolen i Østfold,2021,hybrid,29
Høgskolen i Østfold,2021,hybrid_avtale,40
Høgskolen i Østfold,2021,grønn,25
Høgskolen i Østfold,2021,lukket,95
Høgskolen i Østfold,2022,diamant,27
Høgskolen i Østfold,2022,gull,119
Høgskolen i Østfold,2022,hybrid,30
Høgskolen i Østfold,2022,hybrid_avtale,44
Høgskolen i Østfold,2022,grønn,13
Høgskolen i Østfold,2022,lukket,69
Høgskolen i Østfold,2023,diamant,29
Høgskolen i Østfold,2023,gull,109
Høgskolen i Østfold,2023,hybrid,40
Høgskolen i Østfold,2023,hybrid_avtale,39
Høgskolen i Østfold,2023,grønn,25
Høgskolen i Østfold,2023,deponert,1
Høgskolen i Østfold,2023,lukket,68
Høgskolen i Østfold,2024,diamant,38
Høgskolen i Østfold,2024,gull,80
Høgskolen i Østfold,2024,hybrid,34
Høgskolen i Østfold,2024,hybrid_avtale,53
Høgskolen i Østfold,2024,grønn,16
Høgskolen i Østfold,2024,deponert,1
Høgskolen i Østfold,2024,lukket,52
Høgskolen i Østfold,2025,diamant,30
Høgskolen i Østfold,2025,gull,88
Høgskolen i Østfold,2025,hybrid,43
Høgskolen i Østfold,2025,hybrid_avtale,57
Høgskolen i Østfold,2025,grønn,31
Høgskolen i Østfold,2025,deponert,16
Høgskolen i Østfold,2025,lukket,19
Høgskulen for grøn utvikling,2015,lukket,3
Høgskulen for grøn utvikling,2018,lukket,1
Høgskulen for grøn utvikling,2021,gull,1
Høgskulen for grøn utvikling,2021,hybrid,1
Høgskulen for grøn utvikling,2022,lukket,1
Høgskulen i Volda,2013,diamant,5
Høgskulen i Volda,2013,gull,1
Høgskulen i Volda,2013,hybrid,1
Høgskulen i Volda,2013,lukket,40
Høgskulen i Volda,2014,diamant,4
Høgskulen i Volda,2014,gull,2
Høgskulen i Volda,2014,grønn,1
Høgskulen i Volda,2014,lukket,34
Høgskulen i Volda,2015,diamant,7
Høgskulen i Volda,2015,grønn,3
Høgskulen i Volda,2015,lukket,38
Høgskulen i Volda,2016,diamant,14
Høgskulen i Volda,2016,gull,6
Høgskulen i Volda,2016,hybrid,1
Høgskulen i Volda,2016,grønn,1
Høgskulen i Volda,2016,deponert,1
Høgskulen i Volda,2016,lukket,22
Høgskulen i Volda,2017,diamant,8
Høgskulen i Volda,2017,gull,7
Høgskulen i Volda,2017,grønn,4
Høgskulen i Volda,2017,lukket,35
Høgskulen i Volda,2018,diamant,12
Høgskulen i Volda,2018,gull,8
Høgskulen i Volda,2018,hybrid,1
Høgskulen i Volda,2018,grønn,3
Høgskulen i Volda,2018,lukket,28
Høgskulen i Volda,2019,diamant,14
Høgskulen i Volda,2019,gull,21
Høgskulen i Volda,2019,hybrid,2
Høgskulen i Volda,2019,grønn,9
Høgskulen i Volda,2019,lukket,28
Høgskulen i Volda,2020,diamant,17
Høgskulen i Volda,2020,gull,31
Høgskulen i Volda,2020,hybrid,2
Høgskulen i Volda,2020,hybrid_avtale,7
Høgskulen i Volda,2020,grønn,1
Høgskulen i Volda,2020,lukket,35
Høgskulen i Volda,2021,diamant,17
Høgskulen i Volda,2021,gull,12
Høgskulen i Volda,2021,hybrid,2
Høgskulen i Volda,2021,hybrid_avtale,11
Høgskulen i Volda,2021,grønn,4
Høgskulen i Volda,2021,deponert,1
Høgskulen i Volda,2021,lukket,20
Høgskulen i Volda,2022,diamant,13
Høgskulen i Volda,2022,gull,43
Høgskulen i Volda,2022,hybrid,3
Høgskulen i Volda,2022,hybrid_avtale,8
Høgskulen i Volda,2022,grønn,3
Høgskulen i Volda,2022,lukket,9
Høgskulen i Volda,2023,diamant,20
Høgskulen i Volda,2023,gull,20
Høgskulen i Volda,2023,hybrid,8
Høgskulen i Volda,2023,hybrid_avtale,12
Høgskulen i Volda,2023,grønn,9
Høgskulen i Volda,2023,lukket,19
Høgskulen i Volda,2024,diamant,20
Høgskulen i Volda,2024,gull,12
Høgskulen i Volda,2024,hybrid,7
Høgskulen i Volda,2024,hybrid_avtale,31
Høgskulen i Volda,2024,grønn,10
Høgskulen i Volda,2024,lukket,6
Høgskulen i Volda,2025,diamant,25
Høgskulen i Volda,2025,gull,26
Høgskulen i Volda,2025,hybrid,6
Høgskulen i Volda,2025,hybrid_avtale,21
Høgskulen i Volda,2025,grønn,11
Høgskulen i Volda,2025,deponert,1
Høgskulen i Volda,2025,lukket,6
Høgskulen på Vestlandet,2013,diamant,22
Høgskulen på Vestlandet,2013,gull,37
Høgskulen på Vestlandet,2013,hybrid,59
Høgskulen på Vestlandet,2013,grønn,40
Høgskulen på Vestlandet,2013,lukket,179
Høgskulen på Vestlandet,2014,diamant,41
Høgskulen på Vestlandet,2014,gull,41
Høgskulen på Vestlandet,2014,hybrid,22
Høgskulen på Vestlandet,2014,grønn,54
Høgskulen på Vestlandet,2014,lukket,170
Høgskulen på Vestlandet,2015,diamant,36
Høgskulen på Vestlandet,2015,gull,68
Høgskulen på Vestlandet,2015,hybrid,32
Høgskulen på Vestlandet,2015,grønn,37
Høgskulen på Vestlandet,2015,lukket,189
Høgskulen på Vestlandet,2016,diamant,59
Høgskulen på Vestlandet,2016,gull,78
Høgskulen på Vestlandet,2016,hybrid,48
Høgskulen på Vestlandet,2016,grønn,77
Høgskulen på Vestlandet,2016,lukket,210
Høgskulen på Vestlandet,2017,diamant,59
Høgskulen på Vestlandet,2017,gull,109
Høgskulen på Vestlandet,2017,hybrid,70
Høgskulen på Vestlandet,2017,grønn,60
Høgskulen på Vestlandet,2017,lukket,226
Høgskulen på Vestlandet,2018,diamant,69
Høgskulen på Vestlandet,2018,gull,118
Høgskulen på Vestlandet,2018,hybrid,57
Høgskulen på Vestlandet,2018,grønn,75
Høgskulen på Vestlandet,2018,lukket,260
Høgskulen på Vestlandet,2019,diamant,74
Høgskulen på Vestlandet,2019,gull,180
Høgskulen på Vestlandet,2019,hybrid,84
Høgskulen på Vestlandet,2019,hybrid_avtale,19
Høgskulen på Vestlandet,2019,grønn,94
Høgskulen på Vestlandet,2019,lukket,246
Høgskulen på Vestlandet,2020,diamant,77
Høgskulen på Vestlandet,2020,gull,206
Høgskulen på Vestlandet,2020,hybrid,54
Høgskulen på Vestlandet,2020,hybrid_avtale,101
Høgskulen på Vestlandet,2020,grønn,104
Høgskulen på Vestlandet,2020,lukket,216
Høgskulen på Vestlandet,2021,diamant,102
Høgskulen på Vestlandet,2021,gull,225
Høgskulen på Vestlandet,2021,hybrid,60
Høgskulen på Vestlandet,2021,hybrid_avtale,131
Høgskulen på Vestlandet,2021,grønn,118
Høgskulen på Vestlandet,2021,lukket,243
Høgskulen på Vestlandet,2022,diamant,101
Høgskulen på Vestlandet,2022,gull,273
Høgskulen på Vestlandet,2022,hybrid,72
Høgskulen på Vestlandet,2022,hybrid_avtale,156
Høgskulen på Vestlandet,2022,grønn,62
Høgskulen på Vestlandet,2022,deponert,1
Høgskulen på Vestlandet,2022,lukket,215
Høgskulen på Vestlandet,2023,diamant,124
Høgskulen på Vestlandet,2023,gull,275
Høgskulen på Vestlandet,2023,hybrid,107
Høgskulen på Vestlandet,2023,hybrid_avtale,138
Høgskulen på Vestlandet,2023,grønn,51
Høgskulen på Vestlandet,2023,deponert,1
Høgskulen på Vestlandet,2023,lukket,119
Høgskulen på Vestlandet,2024,diamant,99
Høgskulen på Vestlandet,2024,gull,253
Høgskulen på Vestlandet,2024,hybrid,88
Høgskulen på Vestlandet,2024,hybrid_avtale,152
Høgskulen på Vestlandet,2024,grønn,42
Høgskulen på Vestlandet,2024,deponert,2
Høgskulen på Vestlandet,2024,lukket,103
Høgskulen på Vestlandet,2025,diamant,118
Høgskulen på Vestlandet,2025,gull,286
Høgskulen på Vestlandet,2025,hybrid,93
Høgskulen på Vestlandet,2025,hybrid_avtale,125
Høgskulen på Vestlandet,2025,grønn,44
Høgskulen på Vestlandet,2025,deponert,24
Høgskulen på Vestlandet,2025,lukket,95
Høyskolen Kristiania,2013,gull,1
Høyskolen Kristiania,2013,grønn,1
Høyskolen Kristiania,2013,lukket,50
Høyskolen Kristiania,2014,gull,7
Høyskolen Kristiania,2014,grønn,3
Høyskolen Kristiania,2014,lukket,33
Høyskolen Kristiania,2015,diamant,2
Høyskolen Kristiania,2015,gull,8
Høyskolen Kristiania,2015,hybrid,10
Høyskolen Kristiania,2015,grønn,4
Høyskolen Kristiania,2015,lukket,53
Høyskolen Kristiania,2016,diamant,3
Høyskolen Kristiania,2016,gull,21
Høyskolen Kristiania,2016,hybrid,6
Høyskolen Kristiania,2016,grønn,31
Høyskolen Kristiania,2016,lukket,60
Høyskolen Kristiania,2017,gull,13
Høyskolen Kristiania,2017,hybrid,4
Høyskolen Kristiania,2017,grønn,21
Høyskolen Kristiania,2017,lukket,60
Høyskolen Kristiania,2018,diamant,4
Høyskolen Kristiania,2018,gull,21
Høyskolen Kristiania,2018,hybrid,7
Høyskolen Kristiania,2018,grønn,37
Høyskolen Kristiania,2018,lukket,75
Høyskolen Kristiania,2019,diamant,6
Høyskolen Kristiania,2019,gull,30
Høyskolen Kristiania,2019,hybrid,19
Høyskolen Kristiania,2019,hybrid_avtale,3
Høyskolen Kristiania,2019,grønn,34
Høyskolen Kristiania,2019,lukket,53
Høyskolen Kristiania,2020,diamant,8
Høyskolen Kristiania,2020,gull,25
Høyskolen Kristiania,2020,hybrid,24
Høyskolen Kristiania,2020,hybrid_avtale,17
Høyskolen Kristiania,2020,grønn,39
Høyskolen Kristiania,2020,lukket,49
Høyskolen Kristiania,2021,diamant,13
Høyskolen Kristiania,2021,gull,56
Høyskolen Kristiania,2021,hybrid,24
Høyskolen Kristiania,2021,hybrid_avtale,31
Høyskolen Kristiania,2021,grønn,41
Høyskolen Kristiania,2021,lukket,38
Høyskolen Kristiania,2022,diamant,7
Høyskolen Kristiania,2022,gull,67
Høyskolen Kristiania,2022,hybrid,21
Høyskolen Kristiania,2022,hybrid_avtale,34
Høyskolen Kristiania,2022,grønn,27
Høyskolen Kristiania,2022,lukket,32
Høyskolen Kristiania,2023,diamant,12
Høyskolen Kristiania,2023,gull,68
Høyskolen Kristiania,2023,hybrid,11
Høyskolen Kristiania,2023,hybrid_avtale,36
Høyskolen Kristiania,2023,grønn,19
Høyskolen Kristiania,2023,lukket,41
Høyskolen Kristiania,2024,diamant,14
Høyskolen Kristiania,2024,gull,59
Høyskolen Kristiania,2024,hybrid,38
Høyskolen Kristiania,2024,hybrid_avtale,25
Høyskolen Kristiania,2024,grønn,22
Høyskolen Kristiania,2024,lukket,48
Høyskolen Kristiania,2025,diamant,20
Høyskolen Kristiania,2025,gull,85
Høyskolen Kristiania,2025,hybrid,33
Høyskolen Kristiania,2025,hybrid_avtale,33
Høyskolen Kristiania,2025,grønn,30
Høyskolen Kristiania,2025,deponert,7
Høyskolen Kristiania,2025,lukket,47
Høyskolen for Ledelse og Teologi,2013,lukket,2
Høyskolen for Ledelse og Teologi,2014,lukket,2
Høyskolen for Ledelse og Teologi,2015,lukket,5
Høyskolen for Ledelse og Teologi,2016,diamant,1
Høyskolen for Ledelse og Teologi,2016,lukket,4
Høyskolen for Ledelse og Teologi,2017,diamant,3
Høyskolen for Ledelse og Teologi,2017,lukket,1
Høyskolen for Ledelse og Teologi,2018,diamant,2
Høyskolen for Ledelse og Teologi,2018,lukket,4
Høyskolen for Ledelse og Teologi,2019,diamant,4
Høyskolen for Ledelse og Teologi,2019,hybrid,1
Høyskolen for Ledelse og Teologi,2019,lukket,2
Høyskolen for Ledelse og Teologi,2020,diamant,4
Høyskolen for Ledelse og Teologi,2020,lukket,5
Høyskolen for Ledelse og Teologi,2021,diamant,4
Høyskolen for Ledelse og Teologi,2021,gull,2
Høyskolen for Ledelse og Teologi,2021,grønn,1
Høyskolen for Ledelse og Teologi,2021,lukket,5
Høyskolen for Ledelse og Teologi,2022,diamant,2
Høyskolen for Ledelse og Teologi,2022,hybrid_avtale,1
Høyskolen for Ledelse og Teologi,2022,lukket,3
Høyskolen for Ledelse og Teologi,2023,diamant,6
Høyskolen for Ledelse og Teologi,2023,gull,1
Høyskolen for Ledelse og Teologi,2023,hybrid_avtale,2
Høyskolen for Ledelse og Teologi,2023,lukket,5
Høyskolen for Ledelse og Teologi,2024,diamant,1
Høyskolen for Ledelse og Teologi,2024,lukket,4
Høyskolen for Ledelse og Teologi,2025,diamant,7
Høyskolen for Ledelse og Teologi,2025,gull,1
Høyskolen for Ledelse og Teologi,2025,grønn,1
Høyskolen for Ledelse og Teologi,2025,lukket,3
Institutt for energiteknikk,2013,gull,12
Institutt for energiteknikk,2013,hybrid,2
Institutt for energiteknikk,2013,grønn,24
Institutt for energiteknikk,2013,lukket,60
Institutt for energiteknikk,2014,gull,11
Institutt for energiteknikk,2014,hybrid,5
Institutt for energiteknikk,2014,grønn,20
Institutt for energiteknikk,2014,lukket,57
Institutt for energiteknikk,2015,gull,14
Institutt for energiteknikk,2015,hybrid,2
Institutt for energiteknikk,2015,grønn,27
Institutt for energiteknikk,2015,lukket,52
Institutt for energiteknikk,2016,gull,18
Institutt for energiteknikk,2016,hybrid,3
Institutt for energiteknikk,2016,grønn,23
Institutt for energiteknikk,2016,lukket,65
Institutt for energiteknikk,2017,diamant,1
Institutt for energiteknikk,2017,gull,21
Institutt for energiteknikk,2017,hybrid,5
Institutt for energiteknikk,2017,grønn,44
Institutt for energiteknikk,2017,lukket,23
Institutt for energiteknikk,2018,diamant,2
Institutt for energiteknikk,2018,gull,17
Institutt for energiteknikk,2018,hybrid,12
Institutt for energiteknikk,2018,grønn,56
Institutt for energiteknikk,2018,lukket,43
Institutt for energiteknikk,2019,diamant,2
Institutt for energiteknikk,2019,gull,12
Institutt for energiteknikk,2019,hybrid,5
Institutt for energiteknikk,2019,hybrid_avtale,7
Institutt for energiteknikk,2019,grønn,57
Institutt for energiteknikk,2019,lukket,26
Institutt for energiteknikk,2020,gull,23
Institutt for energiteknikk,2020,hybrid,12
Institutt for energiteknikk,2020,hybrid_avtale,24
Institutt for energiteknikk,2020,grønn,21
Institutt for energiteknikk,2020,lukket,52
Institutt for energiteknikk,2021,diamant,1
Institutt for energiteknikk,2021,gull,20
Institutt for energiteknikk,2021,hybrid,25
Institutt for energiteknikk,2021,hybrid_avtale,33
Institutt for energiteknikk,2021,grønn,13
Institutt for energiteknikk,2021,lukket,50
Institutt for energiteknikk,2022,gull,24
Institutt for energiteknikk,2022,hybrid,18
Institutt for energiteknikk,2022,hybrid_avtale,25
Institutt for energiteknikk,2022,grønn,19
Institutt for energiteknikk,2022,lukket,37
Institutt for energiteknikk,2023,diamant,4
Institutt for energiteknikk,2023,gull,46
Institutt for energiteknikk,2023,hybrid,22
Institutt for energiteknikk,2023,hybrid_avtale,45
Institutt for energiteknikk,2023,grønn,12
Institutt for energiteknikk,2023,lukket,35
Institutt for energiteknikk,2024,diamant,5
Institutt for energiteknikk,2024,gull,40
Institutt for energiteknikk,2024,hybrid,18
Institutt for energiteknikk,2024,hybrid_avtale,51
Institutt for energiteknikk,2024,grønn,18
Institutt for energiteknikk,2024,deponert,2
Institutt for energiteknikk,2024,lukket,45
Institutt for energiteknikk,2025,diamant,2
Institutt for energiteknikk,2025,gull,44
Institutt for energiteknikk,2025,hybrid,28
Institutt for energiteknikk,2025,hybrid_avtale,44
Institutt for energiteknikk,2025,grønn,8
Institutt for energiteknikk,2025,deponert,3
Institutt for energiteknikk,2025,lukket,45
Institutt for samfunnsforskning,2013,diamant,1
Institutt for samfunnsforskning,2013,gull,1
Institutt for samfunnsforskning,2013,hybrid,1
Institutt for samfunnsforskning,2013,grønn,26
Institutt for samfunnsforskning,2013,lukket,18
Institutt for samfunnsforskning,2014,diamant,4
Institutt for samfunnsforskning,2014,gull,1
Institutt for samfunnsforskning,2014,hybrid,1
Institutt for samfunnsforskning,2014,grønn,12
Institutt for samfunnsforskning,2014,lukket,20
Institutt for samfunnsforskning,2015,diamant,4
Institutt for samfunnsforskning,2015,gull,3
Institutt for samfunnsforskning,2015,grønn,9
Institutt for samfunnsforskning,2015,lukket,21
Institutt for samfunnsforskning,2016,diamant,8
Institutt for samfunnsforskning,2016,hybrid,3
Institutt for samfunnsforskning,2016,grønn,20
Institutt for samfunnsforskning,2016,lukket,12
Institutt for samfunnsforskning,2017,diamant,12
Institutt for samfunnsforskning,2017,hybrid,8
Institutt for samfunnsforskning,2017,grønn,16
Institutt for samfunnsforskning,2017,lukket,3
Institutt for samfunnsforskning,2018,diamant,4
Institutt for samfunnsforskning,2018,gull,3
Institutt for samfunnsforskning,2018,hybrid,12
Institutt for samfunnsforskning,2018,grønn,18
Institutt for samfunnsforskning,2018,lukket,2
Institutt for samfunnsforskning,2019,diamant,15
Institutt for samfunnsforskning,2019,gull,4
Institutt for samfunnsforskning,2019,hybrid,14
Institutt for samfunnsforskning,2019,hybrid_avtale,1
Institutt for samfunnsforskning,2019,grønn,19
Institutt for samfunnsforskning,2019,lukket,3
Institutt for samfunnsforskning,2020,diamant,8
Institutt for samfunnsforskning,2020,gull,1
Institutt for samfunnsforskning,2020,hybrid,14
Institutt for samfunnsforskning,2020,hybrid_avtale,7
Institutt for samfunnsforskning,2020,grønn,13
Institutt for samfunnsforskning,2020,lukket,2
Institutt for samfunnsforskning,2021,diamant,8
Institutt for samfunnsforskning,2021,gull,4
Institutt for samfunnsforskning,2021,hybrid,11
Institutt for samfunnsforskning,2021,hybrid_avtale,12
Institutt for samfunnsforskning,2021,grønn,6
Institutt for samfunnsforskning,2021,lukket,1
Institutt for samfunnsforskning,2022,diamant,8
Institutt for samfunnsforskning,2022,hybrid,6
Institutt for samfunnsforskning,2022,hybrid_avtale,16
Institutt for samfunnsforskning,2022,grønn,9
Institutt for samfunnsforskning,2022,lukket,2
Institutt for samfunnsforskning,2023,diamant,12
Institutt for samfunnsforskning,2023,gull,2
Institutt for samfunnsforskning,2023,hybrid,9
Institutt for samfunnsforskning,2023,hybrid_avtale,22
Institutt for samfunnsforskning,2023,grønn,2
Institutt for samfunnsforskning,2023,lukket,1
Institutt for samfunnsforskning,2024,diamant,9
Institutt for samfunnsforskning,2024,gull,3
Institutt for samfunnsforskning,2024,hybrid,9
Institutt for samfunnsforskning,2024,hybrid_avtale,22
Institutt for samfunnsforskning,2024,grønn,4
Institutt for samfunnsforskning,2025,diamant,15
Institutt for samfunnsforskning,2025,gull,5
Institutt for samfunnsforskning,2025,hybrid,18
Institutt for samfunnsforskning,2025,hybrid_avtale,20
Institutt for samfunnsforskning,2025,grønn,3
Institutt for samfunnsforskning,2025,lukket,1
Kompetansesenteret Tannhelse Midt,2025,gull,19
Kompetansesenteret Tannhelse Midt,2025,hybrid,5
Kompetansesenteret Tannhelse Midt,2025,hybrid_avtale,1
Kompetansesenteret Tannhelse Midt,2025,grønn,1
Kompetansesenteret Tannhelse Midt,2025,lukket,1
Kriminalomsorgens høgskole og utdanningssenter KRUS,2013,grønn,3
Kriminalomsorgens høgskole og utdanningssenter KRUS,2013,lukket,2
Kriminalomsorgens høgskole og utdanningssenter KRUS,2014,grønn,1
Kriminalomsorgens høgskole og utdanningssenter KRUS,2015,diamant,1
Kriminalomsorgens høgskole og utdanningssenter KRUS,2015,gull,2
Kriminalomsorgens høgskole og utdanningssenter KRUS,2015,hybrid,2
Kriminalomsorgens høgskole og utdanningssenter KRUS,2015,lukket,3
Kriminalomsorgens høgskole og utdanningssenter KRUS,2016,lukket,3
Kriminalomsorgens høgskole og utdanningssenter KRUS,2017,diamant,1
Kriminalomsorgens høgskole og utdanningssenter KRUS,2017,grønn,2
Kriminalomsorgens høgskole og utdanningssenter KRUS,2018,grønn,1
Kriminalomsorgens høgskole og utdanningssenter KRUS,2018,lukket,5
Kriminalomsorgens høgskole og utdanningssenter KRUS,2019,diamant,2
Kriminalomsorgens høgskole og utdanningssenter KRUS,2019,lukket,3
Kriminalomsorgens høgskole og utdanningssenter KRUS,2020,gull,1
Kriminalomsorgens høgskole og utdanningssenter KRUS,2020,hybrid,1
Kriminalomsorgens høgskole og utdanningssenter KRUS,2020,hybrid_avtale,3
Kriminalomsorgens høgskole og utdanningssenter KRUS,2020,grønn,2
Kriminalomsorgens høgskole og utdanningssenter KRUS,2020,lukket,2
Kriminalomsorgens høgskole og utdanningssenter KRUS,2021,diamant,1
Kriminalomsorgens høgskole og utdanningssenter KRUS,2021,gull,3
Kriminalomsorgens høgskole og utdanningssenter KRUS,2021,hybrid_avtale,3
Kriminalomsorgens høgskole og utdanningssenter KRUS,2021,grønn,2
Kriminalomsorgens høgskole og utdanningssenter KRUS,2021,lukket,1
Kriminalomsorgens høgskole og utdanningssenter KRUS,2022,diamant,1
Kriminalomsorgens høgskole og utdanningssenter KRUS,2022,gull,1
Kriminalomsorgens høgskole og utdanningssenter KRUS,2022,hybrid_avtale,3
Kriminalomsorgens høgskole og utdanningssenter KRUS,2022,grønn,1
Kriminalomsorgens høgskole og utdanningssenter KRUS,2022,lukket,1
Kriminalomsorgens høgskole og utdanningssenter KRUS,2023,diamant,1
Kriminalomsorgens høgskole og utdanningssenter KRUS,2023,gull,2
Kriminalomsorgens høgskole og utdanningssenter KRUS,2023,hybrid,2
Kriminalomsorgens høgskole og utdanningssenter KRUS,2023,hybrid_avtale,3
Kriminalomsorgens høgskole og utdanningssenter KRUS,2023,lukket,1
Kriminalomsorgens høgskole og utdanningssenter KRUS,2024,diamant,3
Kriminalomsorgens høgskole og utdanningssenter KRUS,2024,gull,2
Kriminalomsorgens høgskole og utdanningssenter KRUS,2024,hybrid,1
Kriminalomsorgens høgskole og utdanningssenter KRUS,2024,hybrid_avtale,2
Kriminalomsorgens høgskole og utdanningssenter KRUS,2024,lukket,3
Kriminalomsorgens høgskole og utdanningssenter KRUS,2025,diamant,2
Kriminalomsorgens høgskole og utdanningssenter KRUS,2025,gull,3
Kriminalomsorgens høgskole og utdanningssenter KRUS,2025,hybrid_avtale,9
Kriminalomsorgens høgskole og utdanningssenter KRUS,2025,lukket,1
Kunsthøgskolen i Oslo,2013,grønn,1
Kunsthøgskolen i Oslo,2014,lukket,1
Kunsthøgskolen i Oslo,2016,gull,1
Kunsthøgskolen i Oslo,2016,lukket,1
Kunsthøgskolen i Oslo,2017,gull,1
Kunsthøgskolen i Oslo,2018,diamant,2
Kunsthøgskolen i Oslo,2018,lukket,1
Kunsthøgskolen i Oslo,2019,lukket,2
Kunsthøgskolen i Oslo,2020,hybrid_avtale,1
Kunsthøgskolen i Oslo,2021,gull,1
Kunsthøgskolen i Oslo,2021,hybrid_avtale,1
Kunsthøgskolen i Oslo,2021,lukket,2
Kunsthøgskolen i Oslo,2022,diamant,1
Kunsthøgskolen i Oslo,2022,gull,2
Kunsthøgskolen i Oslo,2022,grønn,1
Kunsthøgskolen i Oslo,2022,lukket,1
Kunsthøgskolen i Oslo,2023,diamant,2
Kunsthøgskolen i Oslo,2023,gull,2
Kunsthøgskolen i Oslo,2023,grønn,1
Kunsthøgskolen i Oslo,2024,gull,1
Kunsthøgskolen i Oslo,2024,lukket,1
Kunsthøgskolen i Oslo,2025,diamant,3
Kunsthøgskolen i Oslo,2025,grønn,2
Kunsthøgskolen i Oslo,2025,deponert,1
Lovisenberg Diakonale Sykehus,2013,diamant,3
Lovisenberg Diakonale Sykehus,2013,gull,9
Lovisenberg Diakonale Sykehus,2013,hybrid,3
Lovisenberg Diakonale Sykehus,2013,grønn,7
Lovisenberg Diakonale Sykehus,2013,lukket,31
Lovisenberg Diakonale Sykehus,2014,diamant,1
Lovisenberg Diakonale Sykehus,2014,gull,14
Lovisenberg Diakonale Sykehus,2014,hybrid,2
Lovisenberg Diakonale Sykehus,2014,grønn,8
Lovisenberg Diakonale Sykehus,2014,lukket,34
Lovisenberg Diakonale Sykehus,2015,diamant,2
Lovisenberg Diakonale Sykehus,2015,gull,8
Lovisenberg Diakonale Sykehus,2015,hybrid,4
Lovisenberg Diakonale Sykehus,2015,grønn,6
Lovisenberg Diakonale Sykehus,2015,lukket,26
Lovisenberg Diakonale Sykehus,2016,diamant,1
Lovisenberg Diakonale Sykehus,2016,gull,23
Lovisenberg Diakonale Sykehus,2016,hybrid,6
Lovisenberg Diakonale Sykehus,2016,grønn,7
Lovisenberg Diakonale Sykehus,2016,lukket,28
Lovisenberg Diakonale Sykehus,2017,diamant,3
Lovisenberg Diakonale Sykehus,2017,gull,14
Lovisenberg Diakonale Sykehus,2017,hybrid,6
Lovisenberg Diakonale Sykehus,2017,grønn,8
Lovisenberg Diakonale Sykehus,2017,lukket,14
Lovisenberg Diakonale Sykehus,2018,diamant,2
Lovisenberg Diakonale Sykehus,2018,gull,15
Lovisenberg Diakonale Sykehus,2018,hybrid,8
Lovisenberg Diakonale Sykehus,2018,grønn,18
Lovisenberg Diakonale Sykehus,2018,lukket,15
Lovisenberg Diakonale Sykehus,2019,diamant,2
Lovisenberg Diakonale Sykehus,2019,gull,21
Lovisenberg Diakonale Sykehus,2019,hybrid,4
Lovisenberg Diakonale Sykehus,2019,hybrid_avtale,3
Lovisenberg Diakonale Sykehus,2019,grønn,12
Lovisenberg Diakonale Sykehus,2019,lukket,25
Lovisenberg Diakonale Sykehus,2020,gull,30
Lovisenberg Diakonale Sykehus,2020,hybrid,8
Lovisenberg Diakonale Sykehus,2020,hybrid_avtale,10
Lovisenberg Diakonale Sykehus,2020,grønn,11
Lovisenberg Diakonale Sykehus,2020,lukket,8
Lovisenberg Diakonale Sykehus,2021,diamant,4
Lovisenberg Diakonale Sykehus,2021,gull,24
Lovisenberg Diakonale Sykehus,2021,hybrid,13
Lovisenberg Diakonale Sykehus,2021,hybrid_avtale,17
Lovisenberg Diakonale Sykehus,2021,grønn,9
Lovisenberg Diakonale Sykehus,2021,lukket,13
Lovisenberg Diakonale Sykehus,2022,gull,36
Lovisenberg Diakonale Sykehus,2022,hybrid,16
Lovisenberg Diakonale Sykehus,2022,hybrid_avtale,26
Lovisenberg Diakonale Sykehus,2022,grønn,11
Lovisenberg Diakonale Sykehus,2022,lukket,9
Lovisenberg Diakonale Sykehus,2023,diamant,2
Lovisenberg Diakonale Sykehus,2023,gull,44
Lovisenberg Diakonale Sykehus,2023,hybrid,17
Lovisenberg Diakonale Sykehus,2023,hybrid_avtale,33
Lovisenberg Diakonale Sykehus,2023,grønn,2
Lovisenberg Diakonale Sykehus,2023,lukket,9
Lovisenberg Diakonale Sykehus,2024,diamant,7
Lovisenberg Diakonale Sykehus,2024,gull,54
Lovisenberg Diakonale Sykehus,2024,hybrid,14
Lovisenberg Diakonale Sykehus,2024,hybrid_avtale,29
Lovisenberg Diakonale Sykehus,2024,grønn,9
Lovisenberg Diakonale Sykehus,2024,deponert,1
Lovisenberg Diakonale Sykehus,2024,lukket,10
Lovisenberg Diakonale Sykehus,2025,diamant,4
Lovisenberg Diakonale Sykehus,2025,gull,48
Lovisenberg Diakonale Sykehus,2025,hybrid,39
Lovisenberg Diakonale Sykehus,2025,hybrid_avtale,22
Lovisenberg Diakonale Sykehus,2025,grønn,8
Lovisenberg Diakonale Sykehus,2025,deponert,1
Lovisenberg Diakonale Sykehus,2025,lukket,13
"Lovisenberg Rehabilitering, Cathinka Guldbergs sykehus",2013,grønn,1
"Lovisenberg Rehabilitering, Cathinka Guldbergs sykehus",2013,lukket,10
"Lovisenberg Rehabilitering, Cathinka Guldbergs sykehus",2014,diamant,1
"Lovisenberg Rehabilitering, Cathinka Guldbergs sykehus",2014,gull,4
"Lovisenberg Rehabilitering, Cathinka Guldbergs sykehus",2014,hybrid,1
"Lovisenberg Rehabilitering, Cathinka Guldbergs sykehus",2014,lukket,5
"Lovisenberg Rehabilitering, Cathinka Guldbergs sykehus",2015,grønn,1
"Lovisenberg Rehabilitering, Cathinka Guldbergs sykehus",2015,lukket,4
"Lovisenberg Rehabilitering, Cathinka Guldbergs sykehus",2016,gull,4
"Lovisenberg Rehabilitering, Cathinka Guldbergs sykehus",2016,grønn,3
"Lovisenberg Rehabilitering, Cathinka Guldbergs sykehus",2016,lukket,4
"Lovisenberg Rehabilitering, Cathinka Guldbergs sykehus",2017,gull,5
"Lovisenberg Rehabilitering, Cathinka Guldbergs sykehus",2017,hybrid,2
"Lovisenberg Rehabilitering, Cathinka Guldbergs sykehus",2017,grønn,1
"Lovisenberg Rehabilitering, Cathinka Guldbergs sykehus",2017,lukket,2
"Lovisenberg Rehabilitering, Cathinka Guldbergs sykehus",2018,gull,7
"Lovisenberg Rehabilitering, Cathinka Guldbergs sykehus",2018,grønn,1
"Lovisenberg Rehabilitering, Cathinka Guldbergs sykehus",2018,lukket,3
"Lovisenberg Rehabilitering, Cathinka Guldbergs sykehus",2019,diamant,1
"Lovisenberg Rehabilitering, Cathinka Guldbergs sykehus",2019,gull,6
"Lovisenberg Rehabilitering, Cathinka Guldbergs sykehus",2019,hybrid_avtale,1
"Lovisenberg Rehabilitering, Cathinka Guldbergs sykehus",2019,grønn,1
"Lovisenberg Rehabilitering, Cathinka Guldbergs sykehus",2019,lukket,5
"Lovisenberg Rehabilitering, Cathinka Guldbergs sykehus",2020,gull,3
"Lovisenberg Rehabilitering, Cathinka Guldbergs sykehus",2020,hybrid,2
"Lovisenberg Rehabilitering, Cathinka Guldbergs sykehus",2020,hybrid_avtale,3
"Lovisenberg Rehabilitering, Cathinka Guldbergs sykehus",2020,grønn,1
"Lovisenberg Rehabilitering, Cathinka Guldbergs sykehus",2020,lukket,1
"Lovisenberg Rehabilitering, Cathinka Guldbergs sykehus",2021,gull,3
"Lovisenberg Rehabilitering, Cathinka Guldbergs sykehus",2021,hybrid,1
"Lovisenberg Rehabilitering, Cathinka Guldbergs sykehus",2021,hybrid_avtale,1
"Lovisenberg Rehabilitering, Cathinka Guldbergs sykehus",2021,grønn,2
"Lovisenberg Rehabilitering, Cathinka Guldbergs sykehus",2021,lukket,2
"Lovisenberg Rehabilitering, Cathinka Guldbergs sykehus",2022,gull,5
"Lovisenberg Rehabilitering, Cathinka Guldbergs sykehus",2022,hybrid,1
"Lovisenberg Rehabilitering, Cathinka Guldbergs sykehus",2022,hybrid_avtale,1
"Lovisenberg Rehabilitering, Cathinka Guldbergs sykehus",2022,lukket,1
"Lovisenberg Rehabilitering, Cathinka Guldbergs sykehus",2023,gull,2
"Lovisenberg Rehabilitering, Cathinka Guldbergs sykehus",2023,hybrid,1
"Lovisenberg Rehabilitering, Cathinka Guldbergs sykehus",2024,gull,5
"Lovisenberg Rehabilitering, Cathinka Guldbergs sykehus",2024,grønn,1
"Lovisenberg Rehabilitering, Cathinka Guldbergs sykehus",2025,gull,2
"Lovisenberg Rehabilitering, Cathinka Guldbergs sykehus",2025,hybrid_avtale,1
Lovisenberg diakonale høgskole,2013,gull,4
Lovisenberg diakonale høgskole,2013,hybrid,2
Lovisenberg diakonale høgskole,2013,grønn,2
Lovisenberg diakonale høgskole,2013,lukket,18
Lovisenberg diakonale høgskole,2014,gull,8
Lovisenberg diakonale høgskole,2014,hybrid,3
Lovisenberg diakonale høgskole,2014,grønn,3
Lovisenberg diakonale høgskole,2014,lukket,11
Lovisenberg diakonale høgskole,2015,gull,5
Lovisenberg diakonale høgskole,2015,grønn,4
Lovisenberg diakonale høgskole,2015,lukket,8
Lovisenberg diakonale høgskole,2016,diamant,4
Lovisenberg diakonale høgskole,2016,gull,4
Lovisenberg diakonale høgskole,2016,hybrid,3
Lovisenberg diakonale høgskole,2016,grønn,4
Lovisenberg diakonale høgskole,2016,lukket,15
Lovisenberg diakonale høgskole,2017,gull,4
Lovisenberg diakonale høgskole,2017,hybrid,6
Lovisenberg diakonale høgskole,2017,grønn,5
Lovisenberg diakonale høgskole,2017,lukket,11
Lovisenberg diakonale høgskole,2018,diamant,1
Lovisenberg diakonale høgskole,2018,gull,6
Lovisenberg diakonale høgskole,2018,hybrid,1
Lovisenberg diakonale høgskole,2018,grønn,7
Lovisenberg diakonale høgskole,2018,lukket,17
Lovisenberg diakonale høgskole,2019,diamant,1
Lovisenberg diakonale høgskole,2019,gull,16
Lovisenberg diakonale høgskole,2019,hybrid,3
Lovisenberg diakonale høgskole,2019,hybrid_avtale,1
Lovisenberg diakonale høgskole,2019,grønn,7
Lovisenberg diakonale høgskole,2019,lukket,9
Lovisenberg diakonale høgskole,2020,gull,20
Lovisenberg diakonale høgskole,2020,hybrid,3
Lovisenberg diakonale høgskole,2020,hybrid_avtale,6
Lovisenberg diakonale høgskole,2020,grønn,8
Lovisenberg diakonale høgskole,2020,lukket,10
Lovisenberg diakonale høgskole,2021,diamant,5
Lovisenberg diakonale høgskole,2021,gull,22
Lovisenberg diakonale høgskole,2021,hybrid,3
Lovisenberg diakonale høgskole,2021,hybrid_avtale,16
Lovisenberg diakonale høgskole,2021,grønn,4
Lovisenberg diakonale høgskole,2021,lukket,8
Lovisenberg diakonale høgskole,2022,diamant,8
Lovisenberg diakonale høgskole,2022,gull,29
Lovisenberg diakonale høgskole,2022,hybrid,5
Lovisenberg diakonale høgskole,2022,hybrid_avtale,16
Lovisenberg diakonale høgskole,2022,grønn,6
Lovisenberg diakonale høgskole,2022,lukket,8
Lovisenberg diakonale høgskole,2023,diamant,4
Lovisenberg diakonale høgskole,2023,gull,32
Lovisenberg diakonale høgskole,2023,hybrid,5
Lovisenberg diakonale høgskole,2023,hybrid_avtale,16
Lovisenberg diakonale høgskole,2023,lukket,5
Lovisenberg diakonale høgskole,2024,diamant,7
Lovisenberg diakonale høgskole,2024,gull,29
Lovisenberg diakonale høgskole,2024,hybrid,5
Lovisenberg diakonale høgskole,2024,hybrid_avtale,22
Lovisenberg diakonale høgskole,2024,grønn,4
Lovisenberg diakonale høgskole,2024,lukket,5
Lovisenberg diakonale høgskole,2025,diamant,7
Lovisenberg diakonale høgskole,2025,gull,38
Lovisenberg diakonale høgskole,2025,hybrid,14
Lovisenberg diakonale høgskole,2025,hybrid_avtale,18
Lovisenberg diakonale høgskole,2025,grønn,8
Lovisenberg diakonale høgskole,2025,deponert,2
Lovisenberg diakonale høgskole,2025,lukket,11
"MF vitenskapelig høyskole for teologi, religion og samfunn",2013,gull,1
"MF vitenskapelig høyskole for teologi, religion og samfunn",2013,hybrid,1
"MF vitenskapelig høyskole for teologi, religion og samfunn",2013,grønn,1
"MF vitenskapelig høyskole for teologi, religion og samfunn",2013,lukket,41
"MF vitenskapelig høyskole for teologi, religion og samfunn",2014,gull,4
"MF vitenskapelig høyskole for teologi, religion og samfunn",2014,hybrid,2
"MF vitenskapelig høyskole for teologi, religion og samfunn",2014,grønn,5
"MF vitenskapelig høyskole for teologi, religion og samfunn",2014,lukket,53
"MF vitenskapelig høyskole for teologi, religion og samfunn",2015,diamant,1
"MF vitenskapelig høyskole for teologi, religion og samfunn",2015,gull,5
"MF vitenskapelig høyskole for teologi, religion og samfunn",2015,grønn,3
"MF vitenskapelig høyskole for teologi, religion og samfunn",2015,lukket,48
"MF vitenskapelig høyskole for teologi, religion og samfunn",2016,diamant,5
"MF vitenskapelig høyskole for teologi, religion og samfunn",2016,gull,6
"MF vitenskapelig høyskole for teologi, religion og samfunn",2016,grønn,10
"MF vitenskapelig høyskole for teologi, religion og samfunn",2016,lukket,44
"MF vitenskapelig høyskole for teologi, religion og samfunn",2017,diamant,10
"MF vitenskapelig høyskole for teologi, religion og samfunn",2017,gull,6
"MF vitenskapelig høyskole for teologi, religion og samfunn",2017,hybrid,3
"MF vitenskapelig høyskole for teologi, religion og samfunn",2017,grønn,7
"MF vitenskapelig høyskole for teologi, religion og samfunn",2017,lukket,32
"MF vitenskapelig høyskole for teologi, religion og samfunn",2018,diamant,13
"MF vitenskapelig høyskole for teologi, religion og samfunn",2018,gull,4
"MF vitenskapelig høyskole for teologi, religion og samfunn",2018,grønn,9
"MF vitenskapelig høyskole for teologi, religion og samfunn",2018,lukket,48
"MF vitenskapelig høyskole for teologi, religion og samfunn",2019,diamant,10
"MF vitenskapelig høyskole for teologi, religion og samfunn",2019,gull,5
"MF vitenskapelig høyskole for teologi, religion og samfunn",2019,hybrid,1
"MF vitenskapelig høyskole for teologi, religion og samfunn",2019,hybrid_avtale,1
"MF vitenskapelig høyskole for teologi, religion og samfunn",2019,grønn,9
"MF vitenskapelig høyskole for teologi, religion og samfunn",2019,lukket,34
"MF vitenskapelig høyskole for teologi, religion og samfunn",2020,diamant,10
"MF vitenskapelig høyskole for teologi, religion og samfunn",2020,gull,8
"MF vitenskapelig høyskole for teologi, religion og samfunn",2020,hybrid,3
"MF vitenskapelig høyskole for teologi, religion og samfunn",2020,hybrid_avtale,2
"MF vitenskapelig høyskole for teologi, religion og samfunn",2020,grønn,9
"MF vitenskapelig høyskole for teologi, religion og samfunn",2020,lukket,29
"MF vitenskapelig høyskole for teologi, religion og samfunn",2021,diamant,10
"MF vitenskapelig høyskole for teologi, religion og samfunn",2021,gull,15
"MF vitenskapelig høyskole for teologi, religion og samfunn",2021,hybrid,3
"MF vitenskapelig høyskole for teologi, religion og samfunn",2021,hybrid_avtale,2
"MF vitenskapelig høyskole for teologi, religion og samfunn",2021,grønn,33
"MF vitenskapelig høyskole for teologi, religion og samfunn",2021,lukket,33
"MF vitenskapelig høyskole for teologi, religion og samfunn",2022,diamant,16
"MF vitenskapelig høyskole for teologi, religion og samfunn",2022,gull,17
"MF vitenskapelig høyskole for teologi, religion og samfunn",2022,hybrid,4
"MF vitenskapelig høyskole for teologi, religion og samfunn",2022,hybrid_avtale,9
"MF vitenskapelig høyskole for teologi, religion og samfunn",2022,grønn,9
"MF vitenskapelig høyskole for teologi, religion og samfunn",2022,lukket,25
"MF vitenskapelig høyskole for teologi, religion og samfunn",2023,diamant,21
"MF vitenskapelig høyskole for teologi, religion og samfunn",2023,gull,21
"MF vitenskapelig høyskole for teologi, religion og samfunn",2023,hybrid,6
"MF vitenskapelig høyskole for teologi, religion og samfunn",2023,hybrid_avtale,13
"MF vitenskapelig høyskole for teologi, religion og samfunn",2023,grønn,7
"MF vitenskapelig høyskole for teologi, religion og samfunn",2023,lukket,31
"MF vitenskapelig høyskole for teologi, religion og samfunn",2024,diamant,18
"MF vitenskapelig høyskole for teologi, religion og samfunn",2024,gull,9
"MF vitenskapelig høyskole for teologi, religion og samfunn",2024,hybrid,1
"MF vitenskapelig høyskole for teologi, religion og samfunn",2024,hybrid_avtale,11
"MF vitenskapelig høyskole for teologi, religion og samfunn",2024,grønn,7
"MF vitenskapelig høyskole for teologi, religion og samfunn",2024,lukket,12
"MF vitenskapelig høyskole for teologi, religion og samfunn",2025,diamant,18
"MF vitenskapelig høyskole for teologi, religion og samfunn",2025,gull,5
"MF vitenskapelig høyskole for teologi, religion og samfunn",2025,hybrid,9
"MF vitenskapelig høyskole for teologi, religion og samfunn",2025,hybrid_avtale,6
"MF vitenskapelig høyskole for teologi, religion og samfunn",2025,grønn,11
"MF vitenskapelig høyskole for teologi, religion og samfunn",2025,deponert,2
"MF vitenskapelig høyskole for teologi, religion og samfunn",2025,lukket,16
Martina Hansens Hospital,2013,gull,2
Martina Hansens Hospital,2013,hybrid,1
Martina Hansens Hospital,2013,lukket,4
Martina Hansens Hospital,2014,gull,6
Martina Hansens Hospital,2014,hybrid,2
Martina Hansens Hospital,2014,lukket,3
Martina Hansens Hospital,2015,lukket,3
Martina Hansens Hospital,2016,diamant,1
Martina Hansens Hospital,2016,gull,3
Martina Hansens Hospital,2016,hybrid,3
Martina Hansens Hospital,2016,grønn,2
Martina Hansens Hospital,2016,lukket,10
Martina Hansens Hospital,2017,gull,9
Martina Hansens Hospital,2017,lukket,15
Martina Hansens Hospital,2018,gull,9
Martina Hansens Hospital,2018,grønn,4
Martina Hansens Hospital,2018,lukket,11
Martina Hansens Hospital,2019,diamant,1
Martina Hansens Hospital,2019,gull,5
Martina Hansens Hospital,2019,hybrid,1
Martina Hansens Hospital,2019,grønn,3
Martina Hansens Hospital,2019,lukket,5
Martina Hansens Hospital,2020,gull,4
Martina Hansens Hospital,2020,hybrid,1
Martina Hansens Hospital,2020,hybrid_avtale,4
Martina Hansens Hospital,2020,lukket,2
Martina Hansens Hospital,2021,gull,6
Martina Hansens Hospital,2021,hybrid_avtale,2
Martina Hansens Hospital,2021,grønn,1
Martina Hansens Hospital,2021,lukket,8
Martina Hansens Hospital,2022,diamant,1
Martina Hansens Hospital,2022,gull,4
Martina Hansens Hospital,2022,lukket,3
Martina Hansens Hospital,2023,gull,6
Martina Hansens Hospital,2023,hybrid,5
Martina Hansens Hospital,2023,hybrid_avtale,3
Martina Hansens Hospital,2023,grønn,1
Martina Hansens Hospital,2024,gull,6
Martina Hansens Hospital,2024,hybrid_avtale,3
Martina Hansens Hospital,2024,grønn,2
Martina Hansens Hospital,2024,lukket,3
Meteorologisk institutt,2015,gull,19
Meteorologisk institutt,2015,hybrid,8
Meteorologisk institutt,2015,grønn,6
Meteorologisk institutt,2015,lukket,29
Meteorologisk institutt,2016,gull,31
Meteorologisk institutt,2016,hybrid,16
Meteorologisk institutt,2016,grønn,11
Meteorologisk institutt,2016,lukket,23
Meteorologisk institutt,2017,gull,40
Meteorologisk institutt,2017,hybrid,14
Meteorologisk institutt,2017,grønn,12
Meteorologisk institutt,2017,lukket,28
Meteorologisk institutt,2018,diamant,3
Meteorologisk institutt,2018,gull,39
Meteorologisk institutt,2018,hybrid,14
Meteorologisk institutt,2018,grønn,17
Meteorologisk institutt,2018,lukket,17
Meteorologisk institutt,2019,gull,56
Meteorologisk institutt,2019,hybrid,17
Meteorologisk institutt,2019,hybrid_avtale,10
Meteorologisk institutt,2019,grønn,12
Meteorologisk institutt,2019,lukket,17
Meteorologisk institutt,2020,gull,48
Meteorologisk institutt,2020,hybrid,21
Meteorologisk institutt,2020,hybrid_avtale,7
Meteorologisk institutt,2020,grønn,15
Meteorologisk institutt,2020,lukket,24
Meteorologisk institutt,2021,gull,60
Meteorologisk institutt,2021,hybrid,15
Meteorologisk institutt,2021,hybrid_avtale,17
Meteorologisk institutt,2021,grønn,21
Meteorologisk institutt,2021,lukket,14
Meteorologisk institutt,2022,gull,57
Meteorologisk institutt,2022,hybrid,11
Meteorologisk institutt,2022,hybrid_avtale,12
Meteorologisk institutt,2022,grønn,10
Meteorologisk institutt,2022,lukket,14
Meteorologisk institutt,2023,gull,61
Meteorologisk institutt,2023,hybrid,19
Meteorologisk institutt,2023,hybrid_avtale,12
Meteorologisk institutt,2023,grønn,15
Meteorologisk institutt,2023,lukket,9
Meteorologisk institutt,2024,gull,63
Meteorologisk institutt,2024,hybrid,19
Meteorologisk institutt,2024,hybrid_avtale,31
Meteorologisk institutt,2024,grønn,10
Meteorologisk institutt,2024,lukket,5
Meteorologisk institutt,2025,diamant,1
Meteorologisk institutt,2025,gull,55
Meteorologisk institutt,2025,hybrid,21
Meteorologisk institutt,2025,hybrid_avtale,14
Meteorologisk institutt,2025,grønn,13
Meteorologisk institutt,2025,deponert,2
Meteorologisk institutt,2025,lukket,12
Modum Bad,2013,gull,2
Modum Bad,2013,grønn,2
Modum Bad,2013,lukket,19
Modum Bad,2014,diamant,1
Modum Bad,2014,grønn,1
Modum Bad,2014,lukket,24
Modum Bad,2015,gull,4
Modum Bad,2015,lukket,11
Modum Bad,2016,diamant,3
Modum Bad,2016,gull,1
Modum Bad,2016,lukket,15
Modum Bad,2017,gull,3
Modum Bad,2017,hybrid,2
Modum Bad,2017,grønn,3
Modum Bad,2017,lukket,12
Modum Bad,2018,diamant,1
Modum Bad,2018,gull,7
Modum Bad,2018,hybrid,3
Modum Bad,2018,grønn,1
Modum Bad,2018,lukket,7
Modum Bad,2019,gull,5
Modum Bad,2019,hybrid,4
Modum Bad,2019,hybrid_avtale,1
Modum Bad,2019,grønn,2
Modum Bad,2019,lukket,9
Modum Bad,2020,gull,6
Modum Bad,2020,hybrid,4
Modum Bad,2020,hybrid_avtale,3
Modum Bad,2020,grønn,4
Modum Bad,2020,lukket,6
Modum Bad,2021,gull,21
Modum Bad,2021,hybrid,2
Modum Bad,2021,hybrid_avtale,11
Modum Bad,2021,grønn,4
Modum Bad,2021,lukket,8
Modum Bad,2022,diamant,3
Modum Bad,2022,gull,11
Modum Bad,2022,hybrid,3
Modum Bad,2022,hybrid_avtale,5
Modum Bad,2022,grønn,5
Modum Bad,2022,lukket,9
Modum Bad,2023,diamant,2
Modum Bad,2023,gull,11
Modum Bad,2023,hybrid,5
Modum Bad,2023,hybrid_avtale,15
Modum Bad,2023,grønn,5
Modum Bad,2023,lukket,7
Modum Bad,2024,gull,4
Modum Bad,2024,hybrid_avtale,10
Modum Bad,2024,deponert,1
Modum Bad,2024,lukket,3
Modum Bad,2025,diamant,2
Modum Bad,2025,gull,13
Modum Bad,2025,hybrid,6
Modum Bad,2025,hybrid_avtale,3
Modum Bad,2025,grønn,2
Modum Bad,2025,deponert,2
Modum Bad,2025,lukket,7
Museer,2020,diamant,2
Museer,2020,hybrid,1
Museer,2020,lukket,1
Museer,2021,diamant,11
Museer,2021,gull,2
Museer,2021,hybrid_avtale,2
Museer,2021,grønn,2
Museer,2021,lukket,7
Museer,2022,diamant,10
Museer,2022,gull,1
Museer,2022,hybrid_avtale,1
Museer,2022,grønn,2
Museer,2022,lukket,11
Museer,2023,diamant,19
Museer,2023,gull,2
Museer,2023,hybrid_avtale,3
Museer,2023,grønn,5
Museer,2023,deponert,1
Museer,2023,lukket,13
Museer,2024,diamant,13
Museer,2024,gull,2
Museer,2024,hybrid_avtale,1
Museer,2024,grønn,1
Museer,2024,lukket,6
Museer,2025,diamant,7
Museer,2025,gull,5
Museer,2025,hybrid,4
Museer,2025,hybrid_avtale,2
Museer,2025,grønn,4
Museer,2025,deponert,1
Museer,2025,lukket,4
Møreforsking,2013,lukket,3
Møreforsking,2014,hybrid,1
Møreforsking,2014,grønn,1
Møreforsking,2014,lukket,4
Møreforsking,2015,gull,2
Møreforsking,2015,grønn,2
Møreforsking,2015,lukket,9
Møreforsking,2016,diamant,1
Møreforsking,2016,hybrid,2
Møreforsking,2016,grønn,5
Møreforsking,2016,lukket,6
Møreforsking,2017,gull,2
Møreforsking,2017,hybrid,3
Møreforsking,2017,grønn,7
Møreforsking,2017,lukket,4
Møreforsking,2018,gull,3
Møreforsking,2018,hybrid,3
Møreforsking,2018,grønn,3
Møreforsking,2018,lukket,2
Møreforsking,2019,diamant,1
Møreforsking,2019,gull,2
Møreforsking,2019,hybrid,1
Møreforsking,2019,hybrid_avtale,1
Møreforsking,2019,grønn,9
Møreforsking,2019,lukket,6
Møreforsking,2020,diamant,1
Møreforsking,2020,gull,9
Møreforsking,2020,hybrid,2
Møreforsking,2020,hybrid_avtale,5
Møreforsking,2020,grønn,7
Møreforsking,2020,lukket,4
Møreforsking,2021,gull,8
Møreforsking,2021,hybrid,2
Møreforsking,2021,hybrid_avtale,5
Møreforsking,2021,grønn,6
Møreforsking,2021,lukket,5
Møreforsking,2022,gull,6
Møreforsking,2022,hybrid,4
Møreforsking,2022,grønn,3
Møreforsking,2022,lukket,3
Møreforsking,2023,gull,6
Møreforsking,2023,hybrid,2
Møreforsking,2023,hybrid_avtale,6
Møreforsking,2023,grønn,2
Møreforsking,2023,lukket,2
Møreforsking,2024,diamant,1
Møreforsking,2024,gull,12
Møreforsking,2024,hybrid,5
Møreforsking,2024,hybrid_avtale,3
Møreforsking,2024,grønn,1
Møreforsking,2024,lukket,4
Møreforsking,2025,gull,6
Møreforsking,2025,hybrid,6
Møreforsking,2025,hybrid_avtale,3
Møreforsking,2025,grønn,1
Møreforsking,2025,lukket,2
"NIFU Nordisk institutt for studier av innovasjon, forskning og utdanning",2013,diamant,3
"NIFU Nordisk institutt for studier av innovasjon, forskning og utdanning",2013,grønn,2
"NIFU Nordisk institutt for studier av innovasjon, forskning og utdanning",2013,lukket,27
"NIFU Nordisk institutt for studier av innovasjon, forskning og utdanning",2014,diamant,2
"NIFU Nordisk institutt for studier av innovasjon, forskning og utdanning",2014,hybrid,1
"NIFU Nordisk institutt for studier av innovasjon, forskning og utdanning",2014,grønn,6
"NIFU Nordisk institutt for studier av innovasjon, forskning og utdanning",2014,lukket,24
"NIFU Nordisk institutt for studier av innovasjon, forskning og utdanning",2015,diamant,1
"NIFU Nordisk institutt for studier av innovasjon, forskning og utdanning",2015,gull,1
"NIFU Nordisk institutt for studier av innovasjon, forskning og utdanning",2015,hybrid,5
"NIFU Nordisk institutt for studier av innovasjon, forskning og utdanning",2015,grønn,8
"NIFU Nordisk institutt for studier av innovasjon, forskning og utdanning",2015,lukket,20
"NIFU Nordisk institutt for studier av innovasjon, forskning og utdanning",2016,diamant,4
"NIFU Nordisk institutt for studier av innovasjon, forskning og utdanning",2016,gull,2
"NIFU Nordisk institutt for studier av innovasjon, forskning og utdanning",2016,hybrid,6
"NIFU Nordisk institutt for studier av innovasjon, forskning og utdanning",2016,grønn,11
"NIFU Nordisk institutt for studier av innovasjon, forskning og utdanning",2016,lukket,11
"NIFU Nordisk institutt for studier av innovasjon, forskning og utdanning",2017,diamant,4
"NIFU Nordisk institutt for studier av innovasjon, forskning og utdanning",2017,gull,8
"NIFU Nordisk institutt for studier av innovasjon, forskning og utdanning",2017,hybrid,3
"NIFU Nordisk institutt for studier av innovasjon, forskning og utdanning",2017,grønn,12
"NIFU Nordisk institutt for studier av innovasjon, forskning og utdanning",2017,lukket,9
"NIFU Nordisk institutt for studier av innovasjon, forskning og utdanning",2018,diamant,7
"NIFU Nordisk institutt for studier av innovasjon, forskning og utdanning",2018,gull,2
"NIFU Nordisk institutt for studier av innovasjon, forskning og utdanning",2018,hybrid,11
"NIFU Nordisk institutt for studier av innovasjon, forskning og utdanning",2018,grønn,20
"NIFU Nordisk institutt for studier av innovasjon, forskning og utdanning",2018,lukket,5
"NIFU Nordisk institutt for studier av innovasjon, forskning og utdanning",2019,diamant,9
"NIFU Nordisk institutt for studier av innovasjon, forskning og utdanning",2019,gull,6
"NIFU Nordisk institutt for studier av innovasjon, forskning og utdanning",2019,hybrid,14
"NIFU Nordisk institutt for studier av innovasjon, forskning og utdanning",2019,grønn,11
"NIFU Nordisk institutt for studier av innovasjon, forskning og utdanning",2019,lukket,3
"NIFU Nordisk institutt for studier av innovasjon, forskning og utdanning",2020,diamant,5
"NIFU Nordisk institutt for studier av innovasjon, forskning og utdanning",2020,gull,6
"NIFU Nordisk institutt for studier av innovasjon, forskning og utdanning",2020,hybrid,13
"NIFU Nordisk institutt for studier av innovasjon, forskning og utdanning",2020,hybrid_avtale,2
"NIFU Nordisk institutt for studier av innovasjon, forskning og utdanning",2020,grønn,8
"NIFU Nordisk institutt for studier av innovasjon, forskning og utdanning",2020,lukket,6
"NIFU Nordisk institutt for studier av innovasjon, forskning og utdanning",2021,diamant,7
"NIFU Nordisk institutt for studier av innovasjon, forskning og utdanning",2021,gull,10
"NIFU Nordisk institutt for studier av innovasjon, forskning og utdanning",2021,hybrid,10
"NIFU Nordisk institutt for studier av innovasjon, forskning og utdanning",2021,hybrid_avtale,3
"NIFU Nordisk institutt for studier av innovasjon, forskning og utdanning",2021,grønn,8
"NIFU Nordisk institutt for studier av innovasjon, forskning og utdanning",2021,lukket,7
"NIFU Nordisk institutt for studier av innovasjon, forskning og utdanning",2022,diamant,4
"NIFU Nordisk institutt for studier av innovasjon, forskning og utdanning",2022,gull,6
"NIFU Nordisk institutt for studier av innovasjon, forskning og utdanning",2022,hybrid,13
"NIFU Nordisk institutt for studier av innovasjon, forskning og utdanning",2022,hybrid_avtale,10
"NIFU Nordisk institutt for studier av innovasjon, forskning og utdanning",2022,grønn,5
"NIFU Nordisk institutt for studier av innovasjon, forskning og utdanning",2022,lukket,7
"NIFU Nordisk institutt for studier av innovasjon, forskning og utdanning",2023,diamant,2
"NIFU Nordisk institutt for studier av innovasjon, forskning og utdanning",2023,gull,5
"NIFU Nordisk institutt for studier av innovasjon, forskning og utdanning",2023,hybrid,20
"NIFU Nordisk institutt for studier av innovasjon, forskning og utdanning",2023,hybrid_avtale,4
"NIFU Nordisk institutt for studier av innovasjon, forskning og utdanning",2023,lukket,5
"NIFU Nordisk institutt for studier av innovasjon, forskning og utdanning",2024,diamant,7
"NIFU Nordisk institutt for studier av innovasjon, forskning og utdanning",2024,gull,11
"NIFU Nordisk institutt for studier av innovasjon, forskning og utdanning",2024,hybrid,17
"NIFU Nordisk institutt for studier av innovasjon, forskning og utdanning",2024,hybrid_avtale,10
"NIFU Nordisk institutt for studier av innovasjon, forskning og utdanning",2024,grønn,2
"NIFU Nordisk institutt for studier av innovasjon, forskning og utdanning",2024,lukket,10
"NIFU Nordisk institutt for studier av innovasjon, forskning og utdanning",2025,diamant,6
"NIFU Nordisk institutt for studier av innovasjon, forskning og utdanning",2025,gull,10
"NIFU Nordisk institutt for studier av innovasjon, forskning og utdanning",2025,hybrid,7
"NIFU Nordisk institutt for studier av innovasjon, forskning og utdanning",2025,hybrid_avtale,10
"NIFU Nordisk institutt for studier av innovasjon, forskning og utdanning",2025,grønn,2
"NIFU Nordisk institutt for studier av innovasjon, forskning og utdanning",2025,deponert,1
"NIFU Nordisk institutt for studier av innovasjon, forskning og utdanning",2025,lukket,12
NILU,2013,diamant,2
NILU,2013,gull,38
NILU,2013,hybrid,6
NILU,2013,grønn,18
NILU,2013,lukket,52
NILU,2014,gull,40
NILU,2014,hybrid,9
NILU,2014,grønn,25
NILU,2014,lukket,41
NILU,2015,diamant,1
NILU,2015,gull,37
NILU,2015,hybrid,15
NILU,2015,grønn,33
NILU,2015,lukket,45
NILU,2016,diamant,2
NILU,2016,gull,46
NILU,2016,hybrid,19
NILU,2016,grønn,23
NILU,2016,lukket,35
NILU,2017,gull,39
NILU,2017,hybrid,17
NILU,2017,grønn,34
NILU,2017,lukket,39
NILU,2018,diamant,1
NILU,2018,gull,40
NILU,2018,hybrid,14
NILU,2018,grønn,40
NILU,2018,lukket,24
NILU,2019,gull,36
NILU,2019,hybrid,10
NILU,2019,hybrid_avtale,9
NILU,2019,grønn,24
NILU,2019,lukket,22
NILU,2020,gull,45
NILU,2020,hybrid,17
NILU,2020,hybrid_avtale,13
NILU,2020,grønn,19
NILU,2020,lukket,9
NILU,2021,diamant,1
NILU,2021,gull,58
NILU,2021,hybrid,19
NILU,2021,hybrid_avtale,10
NILU,2021,grønn,20
NILU,2021,lukket,8
NILU,2022,diamant,1
NILU,2022,gull,62
NILU,2022,hybrid,12
NILU,2022,hybrid_avtale,17
NILU,2022,grønn,4
NILU,2022,lukket,9
NILU,2023,gull,63
NILU,2023,hybrid,11
NILU,2023,hybrid_avtale,19
NILU,2023,grønn,7
NILU,2023,lukket,7
NILU,2024,diamant,1
NILU,2024,gull,52
NILU,2024,hybrid,30
NILU,2024,hybrid_avtale,19
NILU,2024,grønn,15
NILU,2024,lukket,7
NILU,2025,diamant,4
NILU,2025,gull,57
NILU,2025,hybrid,23
NILU,2025,hybrid_avtale,15
NILU,2025,grønn,16
NILU,2025,deponert,1
NILU,2025,lukket,15
NIOM - Nordisk Institutt for Odontologiske Materialer,2013,gull,1
NIOM - Nordisk Institutt for Odontologiske Materialer,2013,grønn,2
NIOM - Nordisk Institutt for Odontologiske Materialer,2013,lukket,17
NIOM - Nordisk Institutt for Odontologiske Materialer,2014,hybrid,1
NIOM - Nordisk Institutt for Odontologiske Materialer,2014,grønn,1
NIOM - Nordisk Institutt for Odontologiske Materialer,2014,lukket,7
NIOM - Nordisk Institutt for Odontologiske Materialer,2015,grønn,1
NIOM - Nordisk Institutt for Odontologiske Materialer,2015,lukket,12
NIOM - Nordisk Institutt for Odontologiske Materialer,2016,gull,6
NIOM - Nordisk Institutt for Odontologiske Materialer,2016,lukket,16
NIOM - Nordisk Institutt for Odontologiske Materialer,2017,gull,3
NIOM - Nordisk Institutt for Odontologiske Materialer,2017,hybrid,1
NIOM - Nordisk Institutt for Odontologiske Materialer,2017,grønn,1
NIOM - Nordisk Institutt for Odontologiske Materialer,2017,lukket,14
NIOM - Nordisk Institutt for Odontologiske Materialer,2018,gull,2
NIOM - Nordisk Institutt for Odontologiske Materialer,2018,grønn,1
NIOM - Nordisk Institutt for Odontologiske Materialer,2018,lukket,12
NIOM - Nordisk Institutt for Odontologiske Materialer,2019,diamant,3
NIOM - Nordisk Institutt for Odontologiske Materialer,2019,gull,3
NIOM - Nordisk Institutt for Odontologiske Materialer,2019,lukket,8
NIOM - Nordisk Institutt for Odontologiske Materialer,2020,diamant,5
NIOM - Nordisk Institutt for Odontologiske Materialer,2020,gull,3
NIOM - Nordisk Institutt for Odontologiske Materialer,2020,hybrid,2
NIOM - Nordisk Institutt for Odontologiske Materialer,2020,hybrid_avtale,1
NIOM - Nordisk Institutt for Odontologiske Materialer,2020,grønn,2
NIOM - Nordisk Institutt for Odontologiske Materialer,2020,lukket,7
NIOM - Nordisk Institutt for Odontologiske Materialer,2021,diamant,1
NIOM - Nordisk Institutt for Odontologiske Materialer,2021,gull,5
NIOM - Nordisk Institutt for Odontologiske Materialer,2021,hybrid,1
NIOM - Nordisk Institutt for Odontologiske Materialer,2021,hybrid_avtale,4
NIOM - Nordisk Institutt for Odontologiske Materialer,2021,grønn,6
NIOM - Nordisk Institutt for Odontologiske Materialer,2021,lukket,2
NIOM - Nordisk Institutt for Odontologiske Materialer,2022,diamant,2
NIOM - Nordisk Institutt for Odontologiske Materialer,2022,gull,1
NIOM - Nordisk Institutt for Odontologiske Materialer,2022,hybrid,5
NIOM - Nordisk Institutt for Odontologiske Materialer,2022,hybrid_avtale,5
NIOM - Nordisk Institutt for Odontologiske Materialer,2022,grønn,3
NIOM - Nordisk Institutt for Odontologiske Materialer,2022,lukket,3
NIOM - Nordisk Institutt for Odontologiske Materialer,2023,diamant,4
NIOM - Nordisk Institutt for Odontologiske Materialer,2023,gull,6
NIOM - Nordisk Institutt for Odontologiske Materialer,2023,hybrid,2
NIOM - Nordisk Institutt for Odontologiske Materialer,2023,hybrid_avtale,3
NIOM - Nordisk Institutt for Odontologiske Materialer,2023,grønn,2
NIOM - Nordisk Institutt for Odontologiske Materialer,2023,lukket,3
NIOM - Nordisk Institutt for Odontologiske Materialer,2024,diamant,3
NIOM - Nordisk Institutt for Odontologiske Materialer,2024,gull,2
NIOM - Nordisk Institutt for Odontologiske Materialer,2024,hybrid,3
NIOM - Nordisk Institutt for Odontologiske Materialer,2024,hybrid_avtale,1
NIOM - Nordisk Institutt for Odontologiske Materialer,2024,grønn,1
NIOM - Nordisk Institutt for Odontologiske Materialer,2024,lukket,3
NIOM - Nordisk Institutt for Odontologiske Materialer,2025,diamant,2
NIOM - Nordisk Institutt for Odontologiske Materialer,2025,gull,8
NIOM - Nordisk Institutt for Odontologiske Materialer,2025,hybrid,4
NIOM - Nordisk Institutt for Odontologiske Materialer,2025,hybrid_avtale,3
NIOM - Nordisk Institutt for Odontologiske Materialer,2025,grønn,4
NIOM - Nordisk Institutt for Odontologiske Materialer,2025,deponert,2
NIOM - Nordisk Institutt for Odontologiske Materialer,2025,lukket,3
NKS Olaviken Alderspsykiatriske sykehus,2025,gull,3
NKS Olaviken Alderspsykiatriske sykehus,2025,hybrid,1
NLA Høgskolen,2013,diamant,2
NLA Høgskolen,2013,gull,3
NLA Høgskolen,2013,grønn,1
NLA Høgskolen,2013,lukket,26
NLA Høgskolen,2014,diamant,2
NLA Høgskolen,2014,grønn,1
NLA Høgskolen,2014,lukket,25
NLA Høgskolen,2015,diamant,2
NLA Høgskolen,2015,gull,4
NLA Høgskolen,2015,lukket,29
NLA Høgskolen,2016,diamant,3
NLA Høgskolen,2016,gull,2
NLA Høgskolen,2016,hybrid,1
NLA Høgskolen,2016,grønn,1
NLA Høgskolen,2016,lukket,14
NLA Høgskolen,2017,diamant,7
NLA Høgskolen,2017,gull,4
NLA Høgskolen,2017,grønn,3
NLA Høgskolen,2017,lukket,15
NLA Høgskolen,2018,diamant,7
NLA Høgskolen,2018,gull,2
NLA Høgskolen,2018,grønn,1
NLA Høgskolen,2018,lukket,28
NLA Høgskolen,2019,diamant,7
NLA Høgskolen,2019,gull,8
NLA Høgskolen,2019,hybrid,2
NLA Høgskolen,2019,hybrid_avtale,2
NLA Høgskolen,2019,grønn,1
NLA Høgskolen,2019,lukket,12
NLA Høgskolen,2020,diamant,7
NLA Høgskolen,2020,gull,14
NLA Høgskolen,2020,hybrid,1
NLA Høgskolen,2020,hybrid_avtale,1
NLA Høgskolen,2020,grønn,5
NLA Høgskolen,2020,deponert,1
NLA Høgskolen,2020,lukket,15
NLA Høgskolen,2021,diamant,12
NLA Høgskolen,2021,gull,10
NLA Høgskolen,2021,hybrid,2
NLA Høgskolen,2021,hybrid_avtale,3
NLA Høgskolen,2021,grønn,3
NLA Høgskolen,2021,lukket,10
NLA Høgskolen,2022,diamant,26
NLA Høgskolen,2022,gull,28
NLA Høgskolen,2022,hybrid,1
NLA Høgskolen,2022,hybrid_avtale,4
NLA Høgskolen,2022,grønn,4
NLA Høgskolen,2022,lukket,19
NLA Høgskolen,2023,diamant,18
NLA Høgskolen,2023,gull,53
NLA Høgskolen,2023,hybrid,7
NLA Høgskolen,2023,hybrid_avtale,2
NLA Høgskolen,2023,grønn,11
NLA Høgskolen,2023,lukket,26
NLA Høgskolen,2024,diamant,23
NLA Høgskolen,2024,gull,53
NLA Høgskolen,2024,hybrid,11
NLA Høgskolen,2024,hybrid_avtale,6
NLA Høgskolen,2024,grønn,8
NLA Høgskolen,2024,lukket,20
NLA Høgskolen,2025,diamant,29
NLA Høgskolen,2025,gull,53
NLA Høgskolen,2025,hybrid,14
NLA Høgskolen,2025,hybrid_avtale,8
NLA Høgskolen,2025,grønn,14
NLA Høgskolen,2025,deponert,4
NLA Høgskolen,2025,lukket,22
NOFIMA,2013,gull,16
NOFIMA,2013,hybrid,7
NOFIMA,2013,grønn,30
NOFIMA,2013,lukket,114
NOFIMA,2014,diamant,1
NOFIMA,2014,gull,22
NOFIMA,2014,hybrid,9
NOFIMA,2014,grønn,34
NOFIMA,2014,lukket,85
NOFIMA,2015,diamant,1
NOFIMA,2015,gull,27
NOFIMA,2015,hybrid,10
NOFIMA,2015,grønn,36
NOFIMA,2015,lukket,78
NOFIMA,2016,gull,25
NOFIMA,2016,hybrid,15
NOFIMA,2016,grønn,17
NOFIMA,2016,lukket,94
NOFIMA,2017,diamant,1
NOFIMA,2017,gull,38
NOFIMA,2017,hybrid,12
NOFIMA,2017,grønn,67
NOFIMA,2017,lukket,35
NOFIMA,2018,diamant,3
NOFIMA,2018,gull,29
NOFIMA,2018,hybrid,20
NOFIMA,2018,grønn,64
NOFIMA,2018,lukket,13
NOFIMA,2019,diamant,4
NOFIMA,2019,gull,40
NOFIMA,2019,hybrid,13
NOFIMA,2019,hybrid_avtale,19
NOFIMA,2019,grønn,58
NOFIMA,2019,lukket,16
NOFIMA,2020,diamant,3
NOFIMA,2020,gull,74
NOFIMA,2020,hybrid,19
NOFIMA,2020,hybrid_avtale,58
NOFIMA,2020,grønn,41
NOFIMA,2020,lukket,13
NOFIMA,2021,diamant,2
NOFIMA,2021,gull,73
NOFIMA,2021,hybrid,15
NOFIMA,2021,hybrid_avtale,65
NOFIMA,2021,grønn,43
NOFIMA,2021,lukket,7
NOFIMA,2022,diamant,1
NOFIMA,2022,gull,65
NOFIMA,2022,hybrid,19
NOFIMA,2022,hybrid_avtale,63
NOFIMA,2022,grønn,21
NOFIMA,2022,lukket,14
NOFIMA,2023,diamant,2
NOFIMA,2023,gull,80
NOFIMA,2023,hybrid,23
NOFIMA,2023,hybrid_avtale,49
NOFIMA,2023,grønn,17
NOFIMA,2023,lukket,14
NOFIMA,2024,gull,55
NOFIMA,2024,hybrid,24
NOFIMA,2024,hybrid_avtale,47
NOFIMA,2024,grønn,12
NOFIMA,2024,lukket,15
NOFIMA,2025,diamant,3
NOFIMA,2025,gull,77
NOFIMA,2025,hybrid,39
NOFIMA,2025,hybrid_avtale,52
NOFIMA,2025,grønn,11
NOFIMA,2025,deponert,2
NOFIMA,2025,lukket,14
NORCE Norwegian Research Centre AS,2013,diamant,6
NORCE Norwegian Research Centre AS,2013,gull,76
NORCE Norwegian Research Centre AS,2013,hybrid,27
NORCE Norwegian Research Centre AS,2013,grønn,40
NORCE Norwegian Research Centre AS,2013,lukket,264
NORCE Norwegian Research Centre AS,2014,diamant,10
NORCE Norwegian Research Centre AS,2014,gull,89
NORCE Norwegian Research Centre AS,2014,hybrid,31
NORCE Norwegian Research Centre AS,2014,grønn,43
NORCE Norwegian Research Centre AS,2014,lukket,240
NORCE Norwegian Research Centre AS,2015,diamant,9
NORCE Norwegian Research Centre AS,2015,gull,79
NORCE Norwegian Research Centre AS,2015,hybrid,38
NORCE Norwegian Research Centre AS,2015,grønn,34
NORCE Norwegian Research Centre AS,2015,deponert,1
NORCE Norwegian Research Centre AS,2015,lukket,204
NORCE Norwegian Research Centre AS,2016,diamant,19
NORCE Norwegian Research Centre AS,2016,gull,103
NORCE Norwegian Research Centre AS,2016,hybrid,54
NORCE Norwegian Research Centre AS,2016,grønn,45
NORCE Norwegian Research Centre AS,2016,lukket,224
NORCE Norwegian Research Centre AS,2017,diamant,28
NORCE Norwegian Research Centre AS,2017,gull,117
NORCE Norwegian Research Centre AS,2017,hybrid,37
NORCE Norwegian Research Centre AS,2017,grønn,55
NORCE Norwegian Research Centre AS,2017,lukket,223
NORCE Norwegian Research Centre AS,2018,diamant,22
NORCE Norwegian Research Centre AS,2018,gull,127
NORCE Norwegian Research Centre AS,2018,hybrid,53
NORCE Norwegian Research Centre AS,2018,grønn,52
NORCE Norwegian Research Centre AS,2018,lukket,169
NORCE Norwegian Research Centre AS,2019,diamant,18
NORCE Norwegian Research Centre AS,2019,gull,128
NORCE Norwegian Research Centre AS,2019,hybrid,49
NORCE Norwegian Research Centre AS,2019,hybrid_avtale,23
NORCE Norwegian Research Centre AS,2019,grønn,64
NORCE Norwegian Research Centre AS,2019,deponert,1
NORCE Norwegian Research Centre AS,2019,lukket,121
NORCE Norwegian Research Centre AS,2020,diamant,11
NORCE Norwegian Research Centre AS,2020,gull,137
NORCE Norwegian Research Centre AS,2020,hybrid,47
NORCE Norwegian Research Centre AS,2020,hybrid_avtale,80
NORCE Norwegian Research Centre AS,2020,grønn,46
NORCE Norwegian Research Centre AS,2020,lukket,85
NORCE Norwegian Research Centre AS,2021,diamant,13
NORCE Norwegian Research Centre AS,2021,gull,163
NORCE Norwegian Research Centre AS,2021,hybrid,44
NORCE Norwegian Research Centre AS,2021,hybrid_avtale,108
NORCE Norwegian Research Centre AS,2021,grønn,51
NORCE Norwegian Research Centre AS,2021,lukket,56
NORCE Norwegian Research Centre AS,2022,diamant,12
NORCE Norwegian Research Centre AS,2022,gull,178
NORCE Norwegian Research Centre AS,2022,hybrid,41
NORCE Norwegian Research Centre AS,2022,hybrid_avtale,77
NORCE Norwegian Research Centre AS,2022,grønn,55
NORCE Norwegian Research Centre AS,2022,deponert,1
NORCE Norwegian Research Centre AS,2022,lukket,55
NORCE Norwegian Research Centre AS,2023,diamant,21
NORCE Norwegian Research Centre AS,2023,gull,189
NORCE Norwegian Research Centre AS,2023,hybrid,72
NORCE Norwegian Research Centre AS,2023,hybrid_avtale,108
NORCE Norwegian Research Centre AS,2023,grønn,36
NORCE Norwegian Research Centre AS,2023,lukket,57
NORCE Norwegian Research Centre AS,2024,diamant,15
NORCE Norwegian Research Centre AS,2024,gull,183
NORCE Norwegian Research Centre AS,2024,hybrid,61
NORCE Norwegian Research Centre AS,2024,hybrid_avtale,106
NORCE Norwegian Research Centre AS,2024,grønn,32
NORCE Norwegian Research Centre AS,2024,lukket,78
NORCE Norwegian Research Centre AS,2025,diamant,17
NORCE Norwegian Research Centre AS,2025,gull,158
NORCE Norwegian Research Centre AS,2025,hybrid,67
NORCE Norwegian Research Centre AS,2025,hybrid_avtale,101
NORCE Norwegian Research Centre AS,2025,grønn,25
NORCE Norwegian Research Centre AS,2025,deponert,16
NORCE Norwegian Research Centre AS,2025,lukket,53
NORSAR,2013,gull,1
NORSAR,2013,grønn,3
NORSAR,2013,lukket,17
NORSAR,2014,gull,2
NORSAR,2014,grønn,4
NORSAR,2014,lukket,16
NORSAR,2015,gull,2
NORSAR,2015,hybrid,1
NORSAR,2015,grønn,4
NORSAR,2015,lukket,11
NORSAR,2016,grønn,4
NORSAR,2016,lukket,13
NORSAR,2017,gull,4
NORSAR,2017,hybrid,2
NORSAR,2017,grønn,2
NORSAR,2017,lukket,15
NORSAR,2018,gull,1
NORSAR,2018,hybrid,6
NORSAR,2018,grønn,4
NORSAR,2018,lukket,10
NORSAR,2019,diamant,2
NORSAR,2019,gull,3
NORSAR,2019,grønn,1
NORSAR,2019,lukket,8
NORSAR,2020,gull,1
NORSAR,2020,hybrid,3
NORSAR,2020,grønn,5
NORSAR,2020,lukket,10
NORSAR,2021,diamant,1
NORSAR,2021,gull,2
NORSAR,2021,hybrid,6
NORSAR,2021,hybrid_avtale,2
NORSAR,2021,grønn,4
NORSAR,2021,lukket,9
NORSAR,2022,gull,6
NORSAR,2022,hybrid,5
NORSAR,2022,hybrid_avtale,3
NORSAR,2022,grønn,3
NORSAR,2022,lukket,6
NORSAR,2023,diamant,1
NORSAR,2023,gull,4
NORSAR,2023,hybrid,4
NORSAR,2023,hybrid_avtale,1
NORSAR,2023,grønn,3
NORSAR,2023,lukket,3
NORSAR,2024,diamant,2
NORSAR,2024,gull,7
NORSAR,2024,hybrid,3
NORSAR,2024,hybrid_avtale,2
NORSAR,2024,grønn,1
NORSAR,2024,lukket,3
NORSAR,2025,gull,10
NORSAR,2025,hybrid,6
NORSAR,2025,hybrid_avtale,2
NORSAR,2025,grønn,1
NORSAR,2025,lukket,4
NORSUS: Norsk institutt for bærekraftsforskning,2013,lukket,5
NORSUS: Norsk institutt for bærekraftsforskning,2014,gull,1
NORSUS: Norsk institutt for bærekraftsforskning,2014,lukket,3
NORSUS: Norsk institutt for bærekraftsforskning,2015,lukket,3
NORSUS: Norsk institutt for bærekraftsforskning,2016,grønn,3
NORSUS: Norsk institutt for bærekraftsforskning,2016,lukket,5
NORSUS: Norsk institutt for bærekraftsforskning,2017,diamant,2
NORSUS: Norsk institutt for bærekraftsforskning,2017,gull,1
NORSUS: Norsk institutt for bærekraftsforskning,2017,grønn,1
NORSUS: Norsk institutt for bærekraftsforskning,2017,lukket,1
NORSUS: Norsk institutt for bærekraftsforskning,2018,gull,3
NORSUS: Norsk institutt for bærekraftsforskning,2018,hybrid,1
NORSUS: Norsk institutt for bærekraftsforskning,2018,lukket,4
NORSUS: Norsk institutt for bærekraftsforskning,2019,gull,7
NORSUS: Norsk institutt for bærekraftsforskning,2019,hybrid,2
NORSUS: Norsk institutt for bærekraftsforskning,2019,grønn,2
NORSUS: Norsk institutt for bærekraftsforskning,2019,lukket,3
NORSUS: Norsk institutt for bærekraftsforskning,2020,gull,6
NORSUS: Norsk institutt for bærekraftsforskning,2020,hybrid,1
NORSUS: Norsk institutt for bærekraftsforskning,2020,grønn,2
NORSUS: Norsk institutt for bærekraftsforskning,2020,lukket,2
NORSUS: Norsk institutt for bærekraftsforskning,2021,gull,2
NORSUS: Norsk institutt for bærekraftsforskning,2021,hybrid,2
NORSUS: Norsk institutt for bærekraftsforskning,2021,lukket,1
NORSUS: Norsk institutt for bærekraftsforskning,2022,diamant,5
NORSUS: Norsk institutt for bærekraftsforskning,2022,gull,4
NORSUS: Norsk institutt for bærekraftsforskning,2022,hybrid,4
NORSUS: Norsk institutt for bærekraftsforskning,2022,grønn,1
NORSUS: Norsk institutt for bærekraftsforskning,2022,lukket,2
NORSUS: Norsk institutt for bærekraftsforskning,2023,gull,2
NORSUS: Norsk institutt for bærekraftsforskning,2023,hybrid,8
NORSUS: Norsk institutt for bærekraftsforskning,2023,grønn,1
NORSUS: Norsk institutt for bærekraftsforskning,2023,lukket,3
NORSUS: Norsk institutt for bærekraftsforskning,2024,gull,5
NORSUS: Norsk institutt for bærekraftsforskning,2024,hybrid,9
NORSUS: Norsk institutt for bærekraftsforskning,2024,hybrid_avtale,4
NORSUS: Norsk institutt for bærekraftsforskning,2024,grønn,2
NORSUS: Norsk institutt for bærekraftsforskning,2024,lukket,2
NORSUS: Norsk institutt for bærekraftsforskning,2025,gull,6
NORSUS: Norsk institutt for bærekraftsforskning,2025,hybrid,4
NORSUS: Norsk institutt for bærekraftsforskning,2025,hybrid_avtale,5
NORSUS: Norsk institutt for bærekraftsforskning,2025,deponert,1
NORSUS: Norsk institutt for bærekraftsforskning,2025,lukket,1
NTNU Samfunnsforskning AS,2013,gull,2
NTNU Samfunnsforskning AS,2013,hybrid,1
NTNU Samfunnsforskning AS,2013,grønn,8
NTNU Samfunnsforskning AS,2013,lukket,15
NTNU Samfunnsforskning AS,2014,diamant,1
NTNU Samfunnsforskning AS,2014,gull,4
NTNU Samfunnsforskning AS,2014,grønn,5
NTNU Samfunnsforskning AS,2014,lukket,19
NTNU Samfunnsforskning AS,2015,diamant,1
NTNU Samfunnsforskning AS,2015,gull,3
NTNU Samfunnsforskning AS,2015,hybrid,5
NTNU Samfunnsforskning AS,2015,grønn,10
NTNU Samfunnsforskning AS,2015,lukket,14
NTNU Samfunnsforskning AS,2016,gull,4
NTNU Samfunnsforskning AS,2016,hybrid,8
NTNU Samfunnsforskning AS,2016,grønn,5
NTNU Samfunnsforskning AS,2016,lukket,12
NTNU Samfunnsforskning AS,2017,gull,4
NTNU Samfunnsforskning AS,2017,hybrid,8
NTNU Samfunnsforskning AS,2017,grønn,10
NTNU Samfunnsforskning AS,2017,lukket,14
NTNU Samfunnsforskning AS,2018,diamant,2
NTNU Samfunnsforskning AS,2018,gull,6
NTNU Samfunnsforskning AS,2018,hybrid,6
NTNU Samfunnsforskning AS,2018,grønn,17
NTNU Samfunnsforskning AS,2018,lukket,7
NTNU Samfunnsforskning AS,2019,diamant,2
NTNU Samfunnsforskning AS,2019,gull,3
NTNU Samfunnsforskning AS,2019,hybrid,3
NTNU Samfunnsforskning AS,2019,hybrid_avtale,1
NTNU Samfunnsforskning AS,2019,grønn,12
NTNU Samfunnsforskning AS,2019,lukket,5
NTNU Samfunnsforskning AS,2020,gull,6
NTNU Samfunnsforskning AS,2020,hybrid,4
NTNU Samfunnsforskning AS,2020,hybrid_avtale,11
NTNU Samfunnsforskning AS,2020,grønn,6
NTNU Samfunnsforskning AS,2020,lukket,5
NTNU Samfunnsforskning AS,2021,gull,5
NTNU Samfunnsforskning AS,2021,hybrid,2
NTNU Samfunnsforskning AS,2021,hybrid_avtale,13
NTNU Samfunnsforskning AS,2021,grønn,3
NTNU Samfunnsforskning AS,2021,lukket,6
NTNU Samfunnsforskning AS,2022,diamant,4
NTNU Samfunnsforskning AS,2022,gull,4
NTNU Samfunnsforskning AS,2022,hybrid,6
NTNU Samfunnsforskning AS,2022,hybrid_avtale,19
NTNU Samfunnsforskning AS,2022,grønn,1
NTNU Samfunnsforskning AS,2022,lukket,6
NTNU Samfunnsforskning AS,2023,diamant,3
NTNU Samfunnsforskning AS,2023,gull,11
NTNU Samfunnsforskning AS,2023,hybrid,8
NTNU Samfunnsforskning AS,2023,hybrid_avtale,12
NTNU Samfunnsforskning AS,2023,grønn,4
NTNU Samfunnsforskning AS,2023,lukket,7
NTNU Samfunnsforskning AS,2024,diamant,4
NTNU Samfunnsforskning AS,2024,gull,9
NTNU Samfunnsforskning AS,2024,hybrid,4
NTNU Samfunnsforskning AS,2024,hybrid_avtale,10
NTNU Samfunnsforskning AS,2024,grønn,3
NTNU Samfunnsforskning AS,2024,lukket,6
NTNU Samfunnsforskning AS,2025,diamant,6
NTNU Samfunnsforskning AS,2025,gull,7
NTNU Samfunnsforskning AS,2025,hybrid,8
NTNU Samfunnsforskning AS,2025,hybrid_avtale,12
NTNU Samfunnsforskning AS,2025,grønn,2
NTNU Samfunnsforskning AS,2025,lukket,2
Nansen Senter for Miljø og Fjernmåling,2013,gull,9
Nansen Senter for Miljø og Fjernmåling,2013,hybrid,1
Nansen Senter for Miljø og Fjernmåling,2013,grønn,5
Nansen Senter for Miljø og Fjernmåling,2013,lukket,33
Nansen Senter for Miljø og Fjernmåling,2014,diamant,1
Nansen Senter for Miljø og Fjernmåling,2014,gull,13
Nansen Senter for Miljø og Fjernmåling,2014,hybrid,5
Nansen Senter for Miljø og Fjernmåling,2014,grønn,9
Nansen Senter for Miljø og Fjernmåling,2014,lukket,29
Nansen Senter for Miljø og Fjernmåling,2015,diamant,1
Nansen Senter for Miljø og Fjernmåling,2015,gull,8
Nansen Senter for Miljø og Fjernmåling,2015,hybrid,5
Nansen Senter for Miljø og Fjernmåling,2015,grønn,5
Nansen Senter for Miljø og Fjernmåling,2015,lukket,29
Nansen Senter for Miljø og Fjernmåling,2016,diamant,1
Nansen Senter for Miljø og Fjernmåling,2016,gull,24
Nansen Senter for Miljø og Fjernmåling,2016,hybrid,11
Nansen Senter for Miljø og Fjernmåling,2016,grønn,8
Nansen Senter for Miljø og Fjernmåling,2016,lukket,38
Nansen Senter for Miljø og Fjernmåling,2017,diamant,2
Nansen Senter for Miljø og Fjernmåling,2017,gull,22
Nansen Senter for Miljø og Fjernmåling,2017,hybrid,12
Nansen Senter for Miljø og Fjernmåling,2017,grønn,11
Nansen Senter for Miljø og Fjernmåling,2017,lukket,18
Nansen Senter for Miljø og Fjernmåling,2018,diamant,1
Nansen Senter for Miljø og Fjernmåling,2018,gull,32
Nansen Senter for Miljø og Fjernmåling,2018,hybrid,10
Nansen Senter for Miljø og Fjernmåling,2018,grønn,11
Nansen Senter for Miljø og Fjernmåling,2018,lukket,28
Nansen Senter for Miljø og Fjernmåling,2019,diamant,1
Nansen Senter for Miljø og Fjernmåling,2019,gull,44
Nansen Senter for Miljø og Fjernmåling,2019,hybrid,7
Nansen Senter for Miljø og Fjernmåling,2019,hybrid_avtale,2
Nansen Senter for Miljø og Fjernmåling,2019,grønn,5
Nansen Senter for Miljø og Fjernmåling,2019,lukket,11
Nansen Senter for Miljø og Fjernmåling,2020,diamant,1
Nansen Senter for Miljø og Fjernmåling,2020,gull,20
Nansen Senter for Miljø og Fjernmåling,2020,hybrid,9
Nansen Senter for Miljø og Fjernmåling,2020,hybrid_avtale,5
Nansen Senter for Miljø og Fjernmåling,2020,grønn,9
Nansen Senter for Miljø og Fjernmåling,2020,lukket,23
Nansen Senter for Miljø og Fjernmåling,2021,diamant,1
Nansen Senter for Miljø og Fjernmåling,2021,gull,36
Nansen Senter for Miljø og Fjernmåling,2021,hybrid,10
Nansen Senter for Miljø og Fjernmåling,2021,hybrid_avtale,5
Nansen Senter for Miljø og Fjernmåling,2021,grønn,5
Nansen Senter for Miljø og Fjernmåling,2021,lukket,24
Nansen Senter for Miljø og Fjernmåling,2022,gull,30
Nansen Senter for Miljø og Fjernmåling,2022,hybrid,7
Nansen Senter for Miljø og Fjernmåling,2022,hybrid_avtale,6
Nansen Senter for Miljø og Fjernmåling,2022,grønn,4
Nansen Senter for Miljø og Fjernmåling,2022,lukket,11
Nansen Senter for Miljø og Fjernmåling,2023,diamant,1
Nansen Senter for Miljø og Fjernmåling,2023,gull,39
Nansen Senter for Miljø og Fjernmåling,2023,hybrid,10
Nansen Senter for Miljø og Fjernmåling,2023,hybrid_avtale,4
Nansen Senter for Miljø og Fjernmåling,2023,grønn,6
Nansen Senter for Miljø og Fjernmåling,2023,lukket,6
Nansen Senter for Miljø og Fjernmåling,2024,diamant,1
Nansen Senter for Miljø og Fjernmåling,2024,gull,34
Nansen Senter for Miljø og Fjernmåling,2024,hybrid,12
Nansen Senter for Miljø og Fjernmåling,2024,hybrid_avtale,11
Nansen Senter for Miljø og Fjernmåling,2024,grønn,7
Nansen Senter for Miljø og Fjernmåling,2024,lukket,8
Nansen Senter for Miljø og Fjernmåling,2025,diamant,3
Nansen Senter for Miljø og Fjernmåling,2025,gull,63
Nansen Senter for Miljø og Fjernmåling,2025,hybrid,10
Nansen Senter for Miljø og Fjernmåling,2025,hybrid_avtale,3
Nansen Senter for Miljø og Fjernmåling,2025,grønn,5
Nansen Senter for Miljø og Fjernmåling,2025,deponert,3
Nansen Senter for Miljø og Fjernmåling,2025,lukket,6
Nasjonalbiblioteket,2019,grønn,5
Nasjonalbiblioteket,2019,lukket,6
Nasjonalbiblioteket,2020,diamant,4
Nasjonalbiblioteket,2020,hybrid_avtale,1
Nasjonalbiblioteket,2020,grønn,2
Nasjonalbiblioteket,2020,lukket,7
Nasjonalbiblioteket,2021,diamant,4
Nasjonalbiblioteket,2021,gull,2
Nasjonalbiblioteket,2021,grønn,3
Nasjonalbiblioteket,2021,lukket,4
Nasjonalbiblioteket,2022,diamant,3
Nasjonalbiblioteket,2022,gull,1
Nasjonalbiblioteket,2022,hybrid,1
Nasjonalbiblioteket,2022,grønn,4
Nasjonalbiblioteket,2022,lukket,5
Nasjonalbiblioteket,2023,diamant,5
Nasjonalbiblioteket,2023,gull,1
Nasjonalbiblioteket,2023,grønn,7
Nasjonalbiblioteket,2023,lukket,1
Nasjonalbiblioteket,2024,diamant,4
Nasjonalbiblioteket,2024,gull,2
Nasjonalbiblioteket,2024,hybrid,2
Nasjonalbiblioteket,2024,grønn,8
Nasjonalbiblioteket,2024,lukket,1
Nasjonalbiblioteket,2025,diamant,4
Nasjonalbiblioteket,2025,gull,1
Nasjonalbiblioteket,2025,hybrid_avtale,1
Nasjonalbiblioteket,2025,grønn,4
Nasjonalbiblioteket,2025,lukket,10
"Nasjonalmuseet for kunst, arkitektur og design",2013,lukket,2
"Nasjonalmuseet for kunst, arkitektur og design",2014,lukket,1
"Nasjonalmuseet for kunst, arkitektur og design",2015,diamant,1
"Nasjonalmuseet for kunst, arkitektur og design",2015,lukket,2
"Nasjonalmuseet for kunst, arkitektur og design",2016,lukket,1
"Nasjonalmuseet for kunst, arkitektur og design",2018,diamant,2
"Nasjonalmuseet for kunst, arkitektur og design",2018,lukket,1
"Nasjonalmuseet for kunst, arkitektur og design",2019,diamant,4
"Nasjonalmuseet for kunst, arkitektur og design",2019,gull,2
"Nasjonalmuseet for kunst, arkitektur og design",2019,grønn,1
"Nasjonalmuseet for kunst, arkitektur og design",2019,lukket,2
"Nasjonalmuseet for kunst, arkitektur og design",2020,diamant,1
"Nasjonalmuseet for kunst, arkitektur og design",2021,diamant,4
"Nasjonalmuseet for kunst, arkitektur og design",2021,hybrid_avtale,1
"Nasjonalmuseet for kunst, arkitektur og design",2021,lukket,2
"Nasjonalmuseet for kunst, arkitektur og design",2022,hybrid,2
"Nasjonalmuseet for kunst, arkitektur og design",2022,lukket,1
"Nasjonalmuseet for kunst, arkitektur og design",2023,diamant,1
"Nasjonalmuseet for kunst, arkitektur og design",2023,gull,2
"Nasjonalmuseet for kunst, arkitektur og design",2023,lukket,1
"Nasjonalmuseet for kunst, arkitektur og design",2024,hybrid,1
"Nasjonalmuseet for kunst, arkitektur og design",2025,diamant,1
"Nasjonalmuseet for kunst, arkitektur og design",2025,hybrid,2
Nasjonalt kunnskapssenter om vold og traumatisk stress,2013,diamant,2
Nasjonalt kunnskapssenter om vold og traumatisk stress,2013,gull,10
Nasjonalt kunnskapssenter om vold og traumatisk stress,2013,hybrid,2
Nasjonalt kunnskapssenter om vold og traumatisk stress,2013,grønn,2
Nasjonalt kunnskapssenter om vold og traumatisk stress,2013,lukket,35
Nasjonalt kunnskapssenter om vold og traumatisk stress,2014,gull,10
Nasjonalt kunnskapssenter om vold og traumatisk stress,2014,hybrid,7
Nasjonalt kunnskapssenter om vold og traumatisk stress,2014,grønn,3
Nasjonalt kunnskapssenter om vold og traumatisk stress,2014,lukket,24
Nasjonalt kunnskapssenter om vold og traumatisk stress,2015,gull,17
Nasjonalt kunnskapssenter om vold og traumatisk stress,2015,hybrid,6
Nasjonalt kunnskapssenter om vold og traumatisk stress,2015,grønn,2
Nasjonalt kunnskapssenter om vold og traumatisk stress,2015,lukket,9
Nasjonalt kunnskapssenter om vold og traumatisk stress,2016,diamant,2
Nasjonalt kunnskapssenter om vold og traumatisk stress,2016,gull,13
Nasjonalt kunnskapssenter om vold og traumatisk stress,2016,hybrid,2
Nasjonalt kunnskapssenter om vold og traumatisk stress,2016,grønn,5
Nasjonalt kunnskapssenter om vold og traumatisk stress,2016,lukket,34
Nasjonalt kunnskapssenter om vold og traumatisk stress,2017,diamant,2
Nasjonalt kunnskapssenter om vold og traumatisk stress,2017,gull,14
Nasjonalt kunnskapssenter om vold og traumatisk stress,2017,hybrid,3
Nasjonalt kunnskapssenter om vold og traumatisk stress,2017,grønn,4
Nasjonalt kunnskapssenter om vold og traumatisk stress,2017,lukket,20
Nasjonalt kunnskapssenter om vold og traumatisk stress,2018,diamant,3
Nasjonalt kunnskapssenter om vold og traumatisk stress,2018,gull,11
Nasjonalt kunnskapssenter om vold og traumatisk stress,2018,hybrid,4
Nasjonalt kunnskapssenter om vold og traumatisk stress,2018,grønn,12
Nasjonalt kunnskapssenter om vold og traumatisk stress,2018,lukket,10
Nasjonalt kunnskapssenter om vold og traumatisk stress,2019,diamant,2
Nasjonalt kunnskapssenter om vold og traumatisk stress,2019,gull,19
Nasjonalt kunnskapssenter om vold og traumatisk stress,2019,hybrid,3
Nasjonalt kunnskapssenter om vold og traumatisk stress,2019,hybrid_avtale,2
Nasjonalt kunnskapssenter om vold og traumatisk stress,2019,grønn,12
Nasjonalt kunnskapssenter om vold og traumatisk stress,2019,lukket,13
Nasjonalt kunnskapssenter om vold og traumatisk stress,2020,diamant,3
Nasjonalt kunnskapssenter om vold og traumatisk stress,2020,gull,26
Nasjonalt kunnskapssenter om vold og traumatisk stress,2020,hybrid,9
Nasjonalt kunnskapssenter om vold og traumatisk stress,2020,hybrid_avtale,10
Nasjonalt kunnskapssenter om vold og traumatisk stress,2020,grønn,3
Nasjonalt kunnskapssenter om vold og traumatisk stress,2020,lukket,12
Nasjonalt kunnskapssenter om vold og traumatisk stress,2021,diamant,6
Nasjonalt kunnskapssenter om vold og traumatisk stress,2021,gull,34
Nasjonalt kunnskapssenter om vold og traumatisk stress,2021,hybrid,8
Nasjonalt kunnskapssenter om vold og traumatisk stress,2021,hybrid_avtale,11
Nasjonalt kunnskapssenter om vold og traumatisk stress,2021,grønn,3
Nasjonalt kunnskapssenter om vold og traumatisk stress,2021,lukket,11
Nasjonalt kunnskapssenter om vold og traumatisk stress,2022,diamant,3
Nasjonalt kunnskapssenter om vold og traumatisk stress,2022,gull,36
Nasjonalt kunnskapssenter om vold og traumatisk stress,2022,hybrid,5
Nasjonalt kunnskapssenter om vold og traumatisk stress,2022,hybrid_avtale,15
Nasjonalt kunnskapssenter om vold og traumatisk stress,2022,grønn,5
Nasjonalt kunnskapssenter om vold og traumatisk stress,2022,lukket,7
Nasjonalt kunnskapssenter om vold og traumatisk stress,2023,diamant,5
Nasjonalt kunnskapssenter om vold og traumatisk stress,2023,gull,27
Nasjonalt kunnskapssenter om vold og traumatisk stress,2023,hybrid,7
Nasjonalt kunnskapssenter om vold og traumatisk stress,2023,hybrid_avtale,14
Nasjonalt kunnskapssenter om vold og traumatisk stress,2023,grønn,3
Nasjonalt kunnskapssenter om vold og traumatisk stress,2023,lukket,4
Nasjonalt kunnskapssenter om vold og traumatisk stress,2024,diamant,5
Nasjonalt kunnskapssenter om vold og traumatisk stress,2024,gull,24
Nasjonalt kunnskapssenter om vold og traumatisk stress,2024,hybrid,7
Nasjonalt kunnskapssenter om vold og traumatisk stress,2024,hybrid_avtale,20
Nasjonalt kunnskapssenter om vold og traumatisk stress,2024,grønn,4
Nasjonalt kunnskapssenter om vold og traumatisk stress,2024,lukket,2
Nasjonalt kunnskapssenter om vold og traumatisk stress,2025,gull,33
Nasjonalt kunnskapssenter om vold og traumatisk stress,2025,hybrid,13
Nasjonalt kunnskapssenter om vold og traumatisk stress,2025,hybrid_avtale,9
Nasjonalt kunnskapssenter om vold og traumatisk stress,2025,grønn,3
Nasjonalt kunnskapssenter om vold og traumatisk stress,2025,deponert,1
Nasjonalt kunnskapssenter om vold og traumatisk stress,2025,lukket,2
Nord universitet,2013,diamant,14
Nord universitet,2013,gull,27
Nord universitet,2013,hybrid,4
Nord universitet,2013,grønn,26
Nord universitet,2013,lukket,116
Nord universitet,2014,diamant,10
Nord universitet,2014,gull,36
Nord universitet,2014,hybrid,12
Nord universitet,2014,grønn,61
Nord universitet,2014,lukket,113
Nord universitet,2015,diamant,16
Nord universitet,2015,gull,35
Nord universitet,2015,hybrid,9
Nord universitet,2015,grønn,84
Nord universitet,2015,lukket,108
Nord universitet,2016,diamant,27
Nord universitet,2016,gull,49
Nord universitet,2016,hybrid,15
Nord universitet,2016,grønn,89
Nord universitet,2016,lukket,94
Nord universitet,2017,diamant,33
Nord universitet,2017,gull,67
Nord universitet,2017,hybrid,26
Nord universitet,2017,grønn,85
Nord universitet,2017,lukket,87
Nord universitet,2018,diamant,37
Nord universitet,2018,gull,101
Nord universitet,2018,hybrid,29
Nord universitet,2018,grønn,78
Nord universitet,2018,lukket,130
Nord universitet,2019,diamant,24
Nord universitet,2019,gull,116
Nord universitet,2019,hybrid,33
Nord universitet,2019,hybrid_avtale,41
Nord universitet,2019,grønn,100
Nord universitet,2019,lukket,109
Nord universitet,2020,diamant,39
Nord universitet,2020,gull,196
Nord universitet,2020,hybrid,61
Nord universitet,2020,hybrid_avtale,87
Nord universitet,2020,grønn,119
Nord universitet,2020,lukket,87
Nord universitet,2021,diamant,52
Nord universitet,2021,gull,217
Nord universitet,2021,hybrid,66
Nord universitet,2021,hybrid_avtale,105
Nord universitet,2021,grønn,91
Nord universitet,2021,lukket,77
Nord universitet,2022,diamant,38
Nord universitet,2022,gull,244
Nord universitet,2022,hybrid,73
Nord universitet,2022,hybrid_avtale,99
Nord universitet,2022,grønn,74
Nord universitet,2022,lukket,92
Nord universitet,2023,diamant,39
Nord universitet,2023,gull,239
Nord universitet,2023,hybrid,93
Nord universitet,2023,hybrid_avtale,110
Nord universitet,2023,grønn,76
Nord universitet,2023,lukket,70
Nord universitet,2024,diamant,43
Nord universitet,2024,gull,249
Nord universitet,2024,hybrid,83
Nord universitet,2024,hybrid_avtale,118
Nord universitet,2024,grønn,68
Nord universitet,2024,deponert,1
Nord universitet,2024,lukket,78
Nord universitet,2025,diamant,49
Nord universitet,2025,gull,250
Nord universitet,2025,hybrid,95
Nord universitet,2025,hybrid_avtale,94
Nord universitet,2025,grønn,76
Nord universitet,2025,deponert,16
Nord universitet,2025,lukket,78
Nordlandsforskning,2013,gull,1
Nordlandsforskning,2013,hybrid,1
Nordlandsforskning,2013,grønn,1
Nordlandsforskning,2013,lukket,13
Nordlandsforskning,2014,gull,2
Nordlandsforskning,2014,hybrid,1
Nordlandsforskning,2014,grønn,4
Nordlandsforskning,2014,lukket,12
Nordlandsforskning,2015,diamant,1
Nordlandsforskning,2015,gull,1
Nordlandsforskning,2015,hybrid,1
Nordlandsforskning,2015,grønn,2
Nordlandsforskning,2015,lukket,5
Nordlandsforskning,2016,gull,1
Nordlandsforskning,2016,hybrid,1
Nordlandsforskning,2016,grønn,4
Nordlandsforskning,2016,lukket,8
Nordlandsforskning,2017,diamant,3
Nordlandsforskning,2017,hybrid,2
Nordlandsforskning,2017,grønn,3
Nordlandsforskning,2017,lukket,2
Nordlandsforskning,2018,diamant,4
Nordlandsforskning,2018,gull,6
Nordlandsforskning,2018,grønn,4
Nordlandsforskning,2018,lukket,16
Nordlandsforskning,2019,diamant,3
Nordlandsforskning,2019,gull,1
Nordlandsforskning,2019,grønn,5
Nordlandsforskning,2019,lukket,7
Nordlandsforskning,2020,diamant,2
Nordlandsforskning,2020,gull,3
Nordlandsforskning,2020,hybrid,3
Nordlandsforskning,2020,hybrid_avtale,4
Nordlandsforskning,2020,grønn,7
Nordlandsforskning,2020,lukket,12
Nordlandsforskning,2021,diamant,7
Nordlandsforskning,2021,gull,7
Nordlandsforskning,2021,hybrid,3
Nordlandsforskning,2021,hybrid_avtale,3
Nordlandsforskning,2021,grønn,3
Nordlandsforskning,2021,lukket,6
Nordlandsforskning,2022,diamant,4
Nordlandsforskning,2022,gull,7
Nordlandsforskning,2022,hybrid,1
Nordlandsforskning,2022,hybrid_avtale,6
Nordlandsforskning,2022,grønn,4
Nordlandsforskning,2022,lukket,5
Nordlandsforskning,2023,diamant,1
Nordlandsforskning,2023,gull,10
Nordlandsforskning,2023,hybrid,4
Nordlandsforskning,2023,hybrid_avtale,4
Nordlandsforskning,2023,lukket,2
Nordlandsforskning,2024,diamant,5
Nordlandsforskning,2024,gull,3
Nordlandsforskning,2024,hybrid,6
Nordlandsforskning,2024,hybrid_avtale,5
Nordlandsforskning,2024,grønn,3
Nordlandsforskning,2024,lukket,2
Nordlandsforskning,2025,diamant,4
Nordlandsforskning,2025,gull,5
Nordlandsforskning,2025,hybrid,3
Nordlandsforskning,2025,hybrid_avtale,12
Nordlandsforskning,2025,grønn,1
Nordlandsforskning,2025,deponert,1
Nordlandsforskning,2025,lukket,1
Nordlandssykehuset HF,2013,diamant,1
Nordlandssykehuset HF,2013,gull,15
Nordlandssykehuset HF,2013,hybrid,3
Nordlandssykehuset HF,2013,grønn,4
Nordlandssykehuset HF,2013,lukket,36
Nordlandssykehuset HF,2014,diamant,3
Nordlandssykehuset HF,2014,gull,15
Nordlandssykehuset HF,2014,hybrid,5
Nordlandssykehuset HF,2014,grønn,9
Nordlandssykehuset HF,2014,lukket,32
Nordlandssykehuset HF,2015,diamant,3
Nordlandssykehuset HF,2015,gull,24
Nordlandssykehuset HF,2015,hybrid,9
Nordlandssykehuset HF,2015,grønn,5
Nordlandssykehuset HF,2015,lukket,38
Nordlandssykehuset HF,2016,diamant,1
Nordlandssykehuset HF,2016,gull,14
Nordlandssykehuset HF,2016,hybrid,10
Nordlandssykehuset HF,2016,grønn,10
Nordlandssykehuset HF,2016,lukket,38
Nordlandssykehuset HF,2017,diamant,1
Nordlandssykehuset HF,2017,gull,30
Nordlandssykehuset HF,2017,hybrid,16
Nordlandssykehuset HF,2017,grønn,13
Nordlandssykehuset HF,2017,lukket,28
Nordlandssykehuset HF,2018,gull,29
Nordlandssykehuset HF,2018,hybrid,5
Nordlandssykehuset HF,2018,grønn,18
Nordlandssykehuset HF,2018,lukket,38
Nordlandssykehuset HF,2019,diamant,3
Nordlandssykehuset HF,2019,gull,28
Nordlandssykehuset HF,2019,hybrid,7
Nordlandssykehuset HF,2019,hybrid_avtale,8
Nordlandssykehuset HF,2019,grønn,27
Nordlandssykehuset HF,2019,lukket,9
Nordlandssykehuset HF,2020,diamant,3
Nordlandssykehuset HF,2020,gull,32
Nordlandssykehuset HF,2020,hybrid,9
Nordlandssykehuset HF,2020,hybrid_avtale,12
Nordlandssykehuset HF,2020,grønn,17
Nordlandssykehuset HF,2020,lukket,6
Nordlandssykehuset HF,2021,diamant,2
Nordlandssykehuset HF,2021,gull,36
Nordlandssykehuset HF,2021,hybrid,11
Nordlandssykehuset HF,2021,hybrid_avtale,19
Nordlandssykehuset HF,2021,grønn,11
Nordlandssykehuset HF,2021,lukket,13
Nordlandssykehuset HF,2022,diamant,3
Nordlandssykehuset HF,2022,gull,46
Nordlandssykehuset HF,2022,hybrid,6
Nordlandssykehuset HF,2022,hybrid_avtale,18
Nordlandssykehuset HF,2022,grønn,12
Nordlandssykehuset HF,2022,lukket,3
Nordlandssykehuset HF,2023,diamant,4
Nordlandssykehuset HF,2023,gull,38
Nordlandssykehuset HF,2023,hybrid,6
Nordlandssykehuset HF,2023,hybrid_avtale,18
Nordlandssykehuset HF,2023,grønn,13
Nordlandssykehuset HF,2023,lukket,2
Nordlandssykehuset HF,2024,diamant,2
Nordlandssykehuset HF,2024,gull,56
Nordlandssykehuset HF,2024,hybrid,8
Nordlandssykehuset HF,2024,hybrid_avtale,18
Nordlandssykehuset HF,2024,grønn,8
Nordlandssykehuset HF,2024,lukket,5
Nordlandssykehuset HF,2025,diamant,3
Nordlandssykehuset HF,2025,gull,48
Nordlandssykehuset HF,2025,hybrid,11
Nordlandssykehuset HF,2025,hybrid_avtale,8
Nordlandssykehuset HF,2025,grønn,7
Nordlandssykehuset HF,2025,lukket,10
Norges Geotekniske Institutt,2013,gull,10
Norges Geotekniske Institutt,2013,hybrid,1
Norges Geotekniske Institutt,2013,grønn,9
Norges Geotekniske Institutt,2013,lukket,42
Norges Geotekniske Institutt,2014,gull,6
Norges Geotekniske Institutt,2014,hybrid,6
Norges Geotekniske Institutt,2014,grønn,12
Norges Geotekniske Institutt,2014,lukket,60
Norges Geotekniske Institutt,2015,diamant,2
Norges Geotekniske Institutt,2015,gull,6
Norges Geotekniske Institutt,2015,hybrid,5
Norges Geotekniske Institutt,2015,grønn,6
Norges Geotekniske Institutt,2015,lukket,48
Norges Geotekniske Institutt,2016,diamant,4
Norges Geotekniske Institutt,2016,gull,8
Norges Geotekniske Institutt,2016,hybrid,4
Norges Geotekniske Institutt,2016,grønn,10
Norges Geotekniske Institutt,2016,lukket,47
Norges Geotekniske Institutt,2017,gull,15
Norges Geotekniske Institutt,2017,hybrid,14
Norges Geotekniske Institutt,2017,grønn,33
Norges Geotekniske Institutt,2017,lukket,65
Norges Geotekniske Institutt,2018,gull,9
Norges Geotekniske Institutt,2018,hybrid,13
Norges Geotekniske Institutt,2018,grønn,35
Norges Geotekniske Institutt,2018,lukket,23
Norges Geotekniske Institutt,2019,diamant,3
Norges Geotekniske Institutt,2019,gull,21
Norges Geotekniske Institutt,2019,hybrid,12
Norges Geotekniske Institutt,2019,hybrid_avtale,9
Norges Geotekniske Institutt,2019,grønn,27
Norges Geotekniske Institutt,2019,lukket,33
Norges Geotekniske Institutt,2020,diamant,4
Norges Geotekniske Institutt,2020,gull,22
Norges Geotekniske Institutt,2020,hybrid,12
Norges Geotekniske Institutt,2020,hybrid_avtale,37
Norges Geotekniske Institutt,2020,grønn,17
Norges Geotekniske Institutt,2020,lukket,33
Norges Geotekniske Institutt,2021,diamant,2
Norges Geotekniske Institutt,2021,gull,53
Norges Geotekniske Institutt,2021,hybrid,16
Norges Geotekniske Institutt,2021,hybrid_avtale,26
Norges Geotekniske Institutt,2021,grønn,17
Norges Geotekniske Institutt,2021,lukket,28
Norges Geotekniske Institutt,2022,diamant,3
Norges Geotekniske Institutt,2022,gull,26
Norges Geotekniske Institutt,2022,hybrid,21
Norges Geotekniske Institutt,2022,hybrid_avtale,34
Norges Geotekniske Institutt,2022,grønn,18
Norges Geotekniske Institutt,2022,lukket,47
Norges Geotekniske Institutt,2023,diamant,4
Norges Geotekniske Institutt,2023,gull,31
Norges Geotekniske Institutt,2023,hybrid,21
Norges Geotekniske Institutt,2023,hybrid_avtale,41
Norges Geotekniske Institutt,2023,grønn,10
Norges Geotekniske Institutt,2023,lukket,33
Norges Geotekniske Institutt,2024,diamant,6
Norges Geotekniske Institutt,2024,gull,40
Norges Geotekniske Institutt,2024,hybrid,19
Norges Geotekniske Institutt,2024,hybrid_avtale,46
Norges Geotekniske Institutt,2024,grønn,17
Norges Geotekniske Institutt,2024,deponert,1
Norges Geotekniske Institutt,2024,lukket,30
Norges Geotekniske Institutt,2025,diamant,4
Norges Geotekniske Institutt,2025,gull,40
Norges Geotekniske Institutt,2025,hybrid,25
Norges Geotekniske Institutt,2025,hybrid_avtale,29
Norges Geotekniske Institutt,2025,grønn,14
Norges Geotekniske Institutt,2025,deponert,1
Norges Geotekniske Institutt,2025,lukket,36
Norges Handelshøyskole,2013,diamant,1
Norges Handelshøyskole,2013,gull,6
Norges Handelshøyskole,2013,hybrid,1
Norges Handelshøyskole,2013,grønn,51
Norges Handelshøyskole,2013,lukket,91
Norges Handelshøyskole,2014,diamant,2
Norges Handelshøyskole,2014,gull,6
Norges Handelshøyskole,2014,hybrid,4
Norges Handelshøyskole,2014,grønn,53
Norges Handelshøyskole,2014,deponert,1
Norges Handelshøyskole,2014,lukket,98
Norges Handelshøyskole,2015,diamant,4
Norges Handelshøyskole,2015,gull,8
Norges Handelshøyskole,2015,hybrid,6
Norges Handelshøyskole,2015,grønn,32
Norges Handelshøyskole,2015,lukket,120
Norges Handelshøyskole,2016,diamant,2
Norges Handelshøyskole,2016,gull,15
Norges Handelshøyskole,2016,hybrid,2
Norges Handelshøyskole,2016,grønn,37
Norges Handelshøyskole,2016,deponert,3
Norges Handelshøyskole,2016,lukket,137
Norges Handelshøyskole,2017,diamant,3
Norges Handelshøyskole,2017,gull,6
Norges Handelshøyskole,2017,hybrid,3
Norges Handelshøyskole,2017,grønn,50
Norges Handelshøyskole,2017,deponert,1
Norges Handelshøyskole,2017,lukket,136
Norges Handelshøyskole,2018,diamant,3
Norges Handelshøyskole,2018,gull,6
Norges Handelshøyskole,2018,hybrid,11
Norges Handelshøyskole,2018,grønn,48
Norges Handelshøyskole,2018,lukket,107
Norges Handelshøyskole,2019,diamant,3
Norges Handelshøyskole,2019,gull,13
Norges Handelshøyskole,2019,hybrid,10
Norges Handelshøyskole,2019,hybrid_avtale,9
Norges Handelshøyskole,2019,grønn,41
Norges Handelshøyskole,2019,deponert,1
Norges Handelshøyskole,2019,lukket,105
Norges Handelshøyskole,2020,diamant,2
Norges Handelshøyskole,2020,gull,12
Norges Handelshøyskole,2020,hybrid,22
Norges Handelshøyskole,2020,hybrid_avtale,25
Norges Handelshøyskole,2020,grønn,44
Norges Handelshøyskole,2020,deponert,1
Norges Handelshøyskole,2020,lukket,95
Norges Handelshøyskole,2021,diamant,11
Norges Handelshøyskole,2021,gull,20
Norges Handelshøyskole,2021,hybrid,23
Norges Handelshøyskole,2021,hybrid_avtale,38
Norges Handelshøyskole,2021,grønn,36
Norges Handelshøyskole,2021,lukket,80
Norges Handelshøyskole,2022,diamant,6
Norges Handelshøyskole,2022,gull,25
Norges Handelshøyskole,2022,hybrid,26
Norges Handelshøyskole,2022,hybrid_avtale,38
Norges Handelshøyskole,2022,grønn,25
Norges Handelshøyskole,2022,deponert,1
Norges Handelshøyskole,2022,lukket,71
Norges Handelshøyskole,2023,diamant,6
Norges Handelshøyskole,2023,gull,18
Norges Handelshøyskole,2023,hybrid,30
Norges Handelshøyskole,2023,hybrid_avtale,52
Norges Handelshøyskole,2023,grønn,18
Norges Handelshøyskole,2023,deponert,2
Norges Handelshøyskole,2023,lukket,57
Norges Handelshøyskole,2024,diamant,11
Norges Handelshøyskole,2024,gull,30
Norges Handelshøyskole,2024,hybrid,37
Norges Handelshøyskole,2024,hybrid_avtale,43
Norges Handelshøyskole,2024,grønn,18
Norges Handelshøyskole,2024,lukket,68
Norges Handelshøyskole,2025,diamant,7
Norges Handelshøyskole,2025,gull,26
Norges Handelshøyskole,2025,hybrid,63
Norges Handelshøyskole,2025,hybrid_avtale,51
Norges Handelshøyskole,2025,grønn,29
Norges Handelshøyskole,2025,deponert,6
Norges Handelshøyskole,2025,lukket,40
Norges geologiske undersøkelse,2016,gull,1
Norges geologiske undersøkelse,2019,diamant,7
Norges geologiske undersøkelse,2019,gull,17
Norges geologiske undersøkelse,2019,hybrid,8
Norges geologiske undersøkelse,2019,hybrid_avtale,7
Norges geologiske undersøkelse,2019,grønn,20
Norges geologiske undersøkelse,2019,lukket,36
Norges geologiske undersøkelse,2020,diamant,3
Norges geologiske undersøkelse,2020,gull,27
Norges geologiske undersøkelse,2020,hybrid,10
Norges geologiske undersøkelse,2020,hybrid_avtale,13
Norges geologiske undersøkelse,2020,grønn,27
Norges geologiske undersøkelse,2020,lukket,30
Norges geologiske undersøkelse,2021,diamant,5
Norges geologiske undersøkelse,2021,gull,19
Norges geologiske undersøkelse,2021,hybrid,20
Norges geologiske undersøkelse,2021,hybrid_avtale,15
Norges geologiske undersøkelse,2021,grønn,12
Norges geologiske undersøkelse,2021,lukket,22
Norges geologiske undersøkelse,2022,diamant,6
Norges geologiske undersøkelse,2022,gull,27
Norges geologiske undersøkelse,2022,hybrid,15
Norges geologiske undersøkelse,2022,hybrid_avtale,19
Norges geologiske undersøkelse,2022,grønn,10
Norges geologiske undersøkelse,2022,lukket,18
Norges geologiske undersøkelse,2023,diamant,5
Norges geologiske undersøkelse,2023,gull,25
Norges geologiske undersøkelse,2023,hybrid,10
Norges geologiske undersøkelse,2023,hybrid_avtale,13
Norges geologiske undersøkelse,2023,grønn,5
Norges geologiske undersøkelse,2023,deponert,1
Norges geologiske undersøkelse,2023,lukket,11
Norges geologiske undersøkelse,2024,gull,28
Norges geologiske undersøkelse,2024,hybrid,23
Norges geologiske undersøkelse,2024,hybrid_avtale,9
Norges geologiske undersøkelse,2024,grønn,4
Norges geologiske undersøkelse,2024,lukket,19
Norges geologiske undersøkelse,2025,diamant,1
Norges geologiske undersøkelse,2025,gull,30
Norges geologiske undersøkelse,2025,hybrid,20
Norges geologiske undersøkelse,2025,hybrid_avtale,15
Norges geologiske undersøkelse,2025,grønn,5
Norges geologiske undersøkelse,2025,deponert,2
Norges geologiske undersøkelse,2025,lukket,9
Norges idrettshøgskole,2013,diamant,3
Norges idrettshøgskole,2013,gull,29
Norges idrettshøgskole,2013,hybrid,10
Norges idrettshøgskole,2013,grønn,79
Norges idrettshøgskole,2013,lukket,112
Norges idrettshøgskole,2014,diamant,1
Norges idrettshøgskole,2014,gull,39
Norges idrettshøgskole,2014,hybrid,12
Norges idrettshøgskole,2014,grønn,56
Norges idrettshøgskole,2014,lukket,118
Norges idrettshøgskole,2015,diamant,1
Norges idrettshøgskole,2015,gull,35
Norges idrettshøgskole,2015,hybrid,24
Norges idrettshøgskole,2015,grønn,64
Norges idrettshøgskole,2015,lukket,99
Norges idrettshøgskole,2016,diamant,2
Norges idrettshøgskole,2016,gull,56
Norges idrettshøgskole,2016,hybrid,27
Norges idrettshøgskole,2016,grønn,83
Norges idrettshøgskole,2016,lukket,54
Norges idrettshøgskole,2017,diamant,11
Norges idrettshøgskole,2017,gull,69
Norges idrettshøgskole,2017,hybrid,18
Norges idrettshøgskole,2017,grønn,73
Norges idrettshøgskole,2017,lukket,81
Norges idrettshøgskole,2018,diamant,8
Norges idrettshøgskole,2018,gull,61
Norges idrettshøgskole,2018,hybrid,23
Norges idrettshøgskole,2018,grønn,94
Norges idrettshøgskole,2018,lukket,60
Norges idrettshøgskole,2019,diamant,3
Norges idrettshøgskole,2019,gull,76
Norges idrettshøgskole,2019,hybrid,39
Norges idrettshøgskole,2019,hybrid_avtale,9
Norges idrettshøgskole,2019,grønn,80
Norges idrettshøgskole,2019,deponert,1
Norges idrettshøgskole,2019,lukket,49
Norges idrettshøgskole,2020,diamant,9
Norges idrettshøgskole,2020,gull,86
Norges idrettshøgskole,2020,hybrid,29
Norges idrettshøgskole,2020,hybrid_avtale,34
Norges idrettshøgskole,2020,grønn,80
Norges idrettshøgskole,2020,lukket,42
Norges idrettshøgskole,2021,diamant,5
Norges idrettshøgskole,2021,gull,97
Norges idrettshøgskole,2021,hybrid,23
Norges idrettshøgskole,2021,hybrid_avtale,42
Norges idrettshøgskole,2021,grønn,82
Norges idrettshøgskole,2021,lukket,49
Norges idrettshøgskole,2022,diamant,11
Norges idrettshøgskole,2022,gull,97
Norges idrettshøgskole,2022,hybrid,31
Norges idrettshøgskole,2022,hybrid_avtale,36
Norges idrettshøgskole,2022,grønn,52
Norges idrettshøgskole,2022,lukket,17
Norges idrettshøgskole,2023,diamant,12
Norges idrettshøgskole,2023,gull,78
Norges idrettshøgskole,2023,hybrid,49
Norges idrettshøgskole,2023,hybrid_avtale,39
Norges idrettshøgskole,2023,grønn,46
Norges idrettshøgskole,2023,lukket,23
Norges idrettshøgskole,2024,diamant,8
Norges idrettshøgskole,2024,gull,76
Norges idrettshøgskole,2024,hybrid,58
Norges idrettshøgskole,2024,hybrid_avtale,55
Norges idrettshøgskole,2024,grønn,47
Norges idrettshøgskole,2024,lukket,18
Norges idrettshøgskole,2025,diamant,12
Norges idrettshøgskole,2025,gull,100
Norges idrettshøgskole,2025,hybrid,51
Norges idrettshøgskole,2025,hybrid_avtale,56
Norges idrettshøgskole,2025,grønn,57
Norges idrettshøgskole,2025,deponert,1
Norges idrettshøgskole,2025,lukket,12
Norges miljø- og biovitenskapelige universitet,2013,diamant,9
Norges miljø- og biovitenskapelige universitet,2013,gull,110
Norges miljø- og biovitenskapelige universitet,2013,hybrid,42
Norges miljø- og biovitenskapelige universitet,2013,grønn,99
Norges miljø- og biovitenskapelige universitet,2013,lukket,598
Norges miljø- og biovitenskapelige universitet,2014,diamant,26
Norges miljø- og biovitenskapelige universitet,2014,gull,166
Norges miljø- og biovitenskapelige universitet,2014,hybrid,80
Norges miljø- og biovitenskapelige universitet,2014,grønn,107
Norges miljø- og biovitenskapelige universitet,2014,lukket,566
Norges miljø- og biovitenskapelige universitet,2015,diamant,23
Norges miljø- og biovitenskapelige universitet,2015,gull,199
Norges miljø- og biovitenskapelige universitet,2015,hybrid,58
Norges miljø- og biovitenskapelige universitet,2015,grønn,101
Norges miljø- og biovitenskapelige universitet,2015,lukket,497
Norges miljø- og biovitenskapelige universitet,2016,diamant,20
Norges miljø- og biovitenskapelige universitet,2016,gull,227
Norges miljø- og biovitenskapelige universitet,2016,hybrid,70
Norges miljø- og biovitenskapelige universitet,2016,grønn,141
Norges miljø- og biovitenskapelige universitet,2016,lukket,485
Norges miljø- og biovitenskapelige universitet,2017,diamant,18
Norges miljø- og biovitenskapelige universitet,2017,gull,243
Norges miljø- og biovitenskapelige universitet,2017,hybrid,112
Norges miljø- og biovitenskapelige universitet,2017,grønn,228
Norges miljø- og biovitenskapelige universitet,2017,lukket,394
Norges miljø- og biovitenskapelige universitet,2018,diamant,38
Norges miljø- og biovitenskapelige universitet,2018,gull,246
Norges miljø- og biovitenskapelige universitet,2018,hybrid,109
Norges miljø- og biovitenskapelige universitet,2018,grønn,233
Norges miljø- og biovitenskapelige universitet,2018,lukket,312
Norges miljø- og biovitenskapelige universitet,2019,diamant,27
Norges miljø- og biovitenskapelige universitet,2019,gull,297
Norges miljø- og biovitenskapelige universitet,2019,hybrid,100
Norges miljø- og biovitenskapelige universitet,2019,hybrid_avtale,98
Norges miljø- og biovitenskapelige universitet,2019,grønn,162
Norges miljø- og biovitenskapelige universitet,2019,lukket,260
Norges miljø- og biovitenskapelige universitet,2020,diamant,15
Norges miljø- og biovitenskapelige universitet,2020,gull,387
Norges miljø- og biovitenskapelige universitet,2020,hybrid,82
Norges miljø- og biovitenskapelige universitet,2020,hybrid_avtale,249
Norges miljø- og biovitenskapelige universitet,2020,grønn,119
Norges miljø- og biovitenskapelige universitet,2020,lukket,159
Norges miljø- og biovitenskapelige universitet,2021,diamant,19
Norges miljø- og biovitenskapelige universitet,2021,gull,403
Norges miljø- og biovitenskapelige universitet,2021,hybrid,111
Norges miljø- og biovitenskapelige universitet,2021,hybrid_avtale,218
Norges miljø- og biovitenskapelige universitet,2021,grønn,103
Norges miljø- og biovitenskapelige universitet,2021,lukket,178
Norges miljø- og biovitenskapelige universitet,2022,diamant,23
Norges miljø- og biovitenskapelige universitet,2022,gull,376
Norges miljø- og biovitenskapelige universitet,2022,hybrid,116
Norges miljø- og biovitenskapelige universitet,2022,hybrid_avtale,218
Norges miljø- og biovitenskapelige universitet,2022,grønn,92
Norges miljø- og biovitenskapelige universitet,2022,lukket,150
Norges miljø- og biovitenskapelige universitet,2023,diamant,22
Norges miljø- og biovitenskapelige universitet,2023,gull,382
Norges miljø- og biovitenskapelige universitet,2023,hybrid,111
Norges miljø- og biovitenskapelige universitet,2023,hybrid_avtale,223
Norges miljø- og biovitenskapelige universitet,2023,grønn,67
Norges miljø- og biovitenskapelige universitet,2023,lukket,135
Norges miljø- og biovitenskapelige universitet,2024,diamant,24
Norges miljø- og biovitenskapelige universitet,2024,gull,371
Norges miljø- og biovitenskapelige universitet,2024,hybrid,143
Norges miljø- og biovitenskapelige universitet,2024,hybrid_avtale,248
Norges miljø- og biovitenskapelige universitet,2024,grønn,68
Norges miljø- og biovitenskapelige universitet,2024,deponert,1
Norges miljø- og biovitenskapelige universitet,2024,lukket,126
Norges miljø- og biovitenskapelige universitet,2025,diamant,26
Norges miljø- og biovitenskapelige universitet,2025,gull,345
Norges miljø- og biovitenskapelige universitet,2025,hybrid,189
Norges miljø- og biovitenskapelige universitet,2025,hybrid_avtale,251
Norges miljø- og biovitenskapelige universitet,2025,grønn,60
Norges miljø- og biovitenskapelige universitet,2025,deponert,17
Norges miljø- og biovitenskapelige universitet,2025,lukket,95
Norges musikkhøgskole,2013,gull,1
Norges musikkhøgskole,2013,grønn,14
Norges musikkhøgskole,2013,lukket,10
Norges musikkhøgskole,2014,diamant,4
Norges musikkhøgskole,2014,grønn,4
Norges musikkhøgskole,2014,lukket,11
Norges musikkhøgskole,2015,lukket,11
Norges musikkhøgskole,2016,diamant,1
Norges musikkhøgskole,2016,gull,2
Norges musikkhøgskole,2016,hybrid,1
Norges musikkhøgskole,2016,lukket,17
Norges musikkhøgskole,2017,diamant,2
Norges musikkhøgskole,2017,hybrid,2
Norges musikkhøgskole,2017,grønn,11
Norges musikkhøgskole,2017,lukket,14
Norges musikkhøgskole,2018,diamant,2
Norges musikkhøgskole,2018,gull,1
Norges musikkhøgskole,2018,grønn,1
Norges musikkhøgskole,2018,lukket,7
Norges musikkhøgskole,2019,diamant,2
Norges musikkhøgskole,2019,gull,5
Norges musikkhøgskole,2019,hybrid,2
Norges musikkhøgskole,2019,grønn,4
Norges musikkhøgskole,2019,lukket,12
Norges musikkhøgskole,2020,diamant,3
Norges musikkhøgskole,2020,gull,2
Norges musikkhøgskole,2020,hybrid_avtale,2
Norges musikkhøgskole,2020,grønn,7
Norges musikkhøgskole,2020,lukket,8
Norges musikkhøgskole,2021,diamant,2
Norges musikkhøgskole,2021,gull,6
Norges musikkhøgskole,2021,hybrid,3
Norges musikkhøgskole,2021,hybrid_avtale,5
Norges musikkhøgskole,2021,grønn,5
Norges musikkhøgskole,2021,lukket,13
Norges musikkhøgskole,2022,diamant,3
Norges musikkhøgskole,2022,gull,9
Norges musikkhøgskole,2022,hybrid,3
Norges musikkhøgskole,2022,hybrid_avtale,1
Norges musikkhøgskole,2022,grønn,4
Norges musikkhøgskole,2022,lukket,6
Norges musikkhøgskole,2023,gull,12
Norges musikkhøgskole,2023,hybrid,3
Norges musikkhøgskole,2023,hybrid_avtale,6
Norges musikkhøgskole,2023,grønn,2
Norges musikkhøgskole,2023,lukket,9
Norges musikkhøgskole,2024,diamant,3
Norges musikkhøgskole,2024,gull,3
Norges musikkhøgskole,2024,hybrid,7
Norges musikkhøgskole,2024,hybrid_avtale,2
Norges musikkhøgskole,2024,grønn,1
Norges musikkhøgskole,2024,lukket,3
Norges musikkhøgskole,2025,diamant,1
Norges musikkhøgskole,2025,gull,8
Norges musikkhøgskole,2025,hybrid,5
Norges musikkhøgskole,2025,hybrid_avtale,5
Norges musikkhøgskole,2025,grønn,2
Norges musikkhøgskole,2025,lukket,7
Norges teknisk-naturvitenskapelige universitet,2013,diamant,72
Norges teknisk-naturvitenskapelige universitet,2013,gull,337
Norges teknisk-naturvitenskapelige universitet,2013,hybrid,94
Norges teknisk-naturvitenskapelige universitet,2013,grønn,578
Norges teknisk-naturvitenskapelige universitet,2013,deponert,1
Norges teknisk-naturvitenskapelige universitet,2013,lukket,2164
Norges teknisk-naturvitenskapelige universitet,2014,diamant,90
Norges teknisk-naturvitenskapelige universitet,2014,gull,416
Norges teknisk-naturvitenskapelige universitet,2014,hybrid,152
Norges teknisk-naturvitenskapelige universitet,2014,grønn,624
Norges teknisk-naturvitenskapelige universitet,2014,deponert,1
Norges teknisk-naturvitenskapelige universitet,2014,lukket,1982
Norges teknisk-naturvitenskapelige universitet,2015,diamant,101
Norges teknisk-naturvitenskapelige universitet,2015,gull,604
Norges teknisk-naturvitenskapelige universitet,2015,hybrid,176
Norges teknisk-naturvitenskapelige universitet,2015,grønn,762
Norges teknisk-naturvitenskapelige universitet,2015,deponert,1
Norges teknisk-naturvitenskapelige universitet,2015,lukket,1956
Norges teknisk-naturvitenskapelige universitet,2016,diamant,104
Norges teknisk-naturvitenskapelige universitet,2016,gull,746
Norges teknisk-naturvitenskapelige universitet,2016,hybrid,196
Norges teknisk-naturvitenskapelige universitet,2016,grønn,958
Norges teknisk-naturvitenskapelige universitet,2016,deponert,2
Norges teknisk-naturvitenskapelige universitet,2016,lukket,1830
Norges teknisk-naturvitenskapelige universitet,2017,diamant,131
Norges teknisk-naturvitenskapelige universitet,2017,gull,874
Norges teknisk-naturvitenskapelige universitet,2017,hybrid,250
Norges teknisk-naturvitenskapelige universitet,2017,grønn,1811
Norges teknisk-naturvitenskapelige universitet,2017,lukket,1137
Norges teknisk-naturvitenskapelige universitet,2018,diamant,189
Norges teknisk-naturvitenskapelige universitet,2018,gull,960
Norges teknisk-naturvitenskapelige universitet,2018,hybrid,312
Norges teknisk-naturvitenskapelige universitet,2018,grønn,2299
Norges teknisk-naturvitenskapelige universitet,2018,deponert,4
Norges teknisk-naturvitenskapelige universitet,2018,lukket,682
Norges teknisk-naturvitenskapelige universitet,2019,diamant,185
Norges teknisk-naturvitenskapelige universitet,2019,gull,1242
Norges teknisk-naturvitenskapelige universitet,2019,hybrid,319
Norges teknisk-naturvitenskapelige universitet,2019,hybrid_avtale,337
Norges teknisk-naturvitenskapelige universitet,2019,grønn,2038
Norges teknisk-naturvitenskapelige universitet,2019,deponert,1
Norges teknisk-naturvitenskapelige universitet,2019,lukket,786
Norges teknisk-naturvitenskapelige universitet,2020,diamant,210
Norges teknisk-naturvitenskapelige universitet,2020,gull,1416
Norges teknisk-naturvitenskapelige universitet,2020,hybrid,401
Norges teknisk-naturvitenskapelige universitet,2020,hybrid_avtale,992
Norges teknisk-naturvitenskapelige universitet,2020,grønn,1577
Norges teknisk-naturvitenskapelige universitet,2020,deponert,24
Norges teknisk-naturvitenskapelige universitet,2020,lukket,666
Norges teknisk-naturvitenskapelige universitet,2021,diamant,212
Norges teknisk-naturvitenskapelige universitet,2021,gull,1827
Norges teknisk-naturvitenskapelige universitet,2021,hybrid,574
Norges teknisk-naturvitenskapelige universitet,2021,hybrid_avtale,1223
Norges teknisk-naturvitenskapelige universitet,2021,grønn,1503
Norges teknisk-naturvitenskapelige universitet,2021,deponert,26
Norges teknisk-naturvitenskapelige universitet,2021,lukket,680
Norges teknisk-naturvitenskapelige universitet,2022,diamant,215
Norges teknisk-naturvitenskapelige universitet,2022,gull,1755
Norges teknisk-naturvitenskapelige universitet,2022,hybrid,614
Norges teknisk-naturvitenskapelige universitet,2022,hybrid_avtale,1155
Norges teknisk-naturvitenskapelige universitet,2022,grønn,1140
Norges teknisk-naturvitenskapelige universitet,2022,deponert,37
Norges teknisk-naturvitenskapelige universitet,2022,lukket,650
Norges teknisk-naturvitenskapelige universitet,2023,diamant,200
Norges teknisk-naturvitenskapelige universitet,2023,gull,1649
Norges teknisk-naturvitenskapelige universitet,2023,hybrid,638
Norges teknisk-naturvitenskapelige universitet,2023,hybrid_avtale,1208
Norges teknisk-naturvitenskapelige universitet,2023,grønn,930
Norges teknisk-naturvitenskapelige universitet,2023,deponert,76
Norges teknisk-naturvitenskapelige universitet,2023,lukket,543
Norges teknisk-naturvitenskapelige universitet,2024,diamant,241
Norges teknisk-naturvitenskapelige universitet,2024,gull,1754
Norges teknisk-naturvitenskapelige universitet,2024,hybrid,686
Norges teknisk-naturvitenskapelige universitet,2024,hybrid_avtale,1316
Norges teknisk-naturvitenskapelige universitet,2024,grønn,699
Norges teknisk-naturvitenskapelige universitet,2024,deponert,82
Norges teknisk-naturvitenskapelige universitet,2024,lukket,625
Norges teknisk-naturvitenskapelige universitet,2025,diamant,279
Norges teknisk-naturvitenskapelige universitet,2025,gull,1769
Norges teknisk-naturvitenskapelige universitet,2025,hybrid,732
Norges teknisk-naturvitenskapelige universitet,2025,hybrid_avtale,1105
Norges teknisk-naturvitenskapelige universitet,2025,grønn,575
Norges teknisk-naturvitenskapelige universitet,2025,deponert,107
Norges teknisk-naturvitenskapelige universitet,2025,lukket,802
Norsk Polarinstitutt,2019,gull,28
Norsk Polarinstitutt,2019,hybrid,8
Norsk Polarinstitutt,2019,hybrid_avtale,9
Norsk Polarinstitutt,2019,grønn,17
Norsk Polarinstitutt,2019,lukket,11
Norsk Polarinstitutt,2020,diamant,2
Norsk Polarinstitutt,2020,gull,44
Norsk Polarinstitutt,2020,hybrid,15
Norsk Polarinstitutt,2020,hybrid_avtale,22
Norsk Polarinstitutt,2020,grønn,20
Norsk Polarinstitutt,2020,deponert,1
Norsk Polarinstitutt,2020,lukket,24
Norsk Polarinstitutt,2021,gull,63
Norsk Polarinstitutt,2021,hybrid,31
Norsk Polarinstitutt,2021,hybrid_avtale,17
Norsk Polarinstitutt,2021,grønn,13
Norsk Polarinstitutt,2021,lukket,16
Norsk Polarinstitutt,2022,gull,78
Norsk Polarinstitutt,2022,hybrid,14
Norsk Polarinstitutt,2022,hybrid_avtale,24
Norsk Polarinstitutt,2022,grønn,10
Norsk Polarinstitutt,2022,lukket,23
Norsk Polarinstitutt,2023,gull,78
Norsk Polarinstitutt,2023,hybrid,23
Norsk Polarinstitutt,2023,hybrid_avtale,27
Norsk Polarinstitutt,2023,grønn,7
Norsk Polarinstitutt,2023,lukket,13
Norsk Polarinstitutt,2024,gull,50
Norsk Polarinstitutt,2024,hybrid,18
Norsk Polarinstitutt,2024,hybrid_avtale,26
Norsk Polarinstitutt,2024,grønn,9
Norsk Polarinstitutt,2024,lukket,7
Norsk Polarinstitutt,2025,gull,76
Norsk Polarinstitutt,2025,hybrid,30
Norsk Polarinstitutt,2025,hybrid_avtale,6
Norsk Polarinstitutt,2025,grønn,16
Norsk Polarinstitutt,2025,lukket,1
Norsk Regnesentral,2013,diamant,1
Norsk Regnesentral,2013,gull,8
Norsk Regnesentral,2013,hybrid,2
Norsk Regnesentral,2013,grønn,6
Norsk Regnesentral,2013,lukket,21
Norsk Regnesentral,2014,gull,5
Norsk Regnesentral,2014,hybrid,6
Norsk Regnesentral,2014,grønn,3
Norsk Regnesentral,2014,lukket,21
Norsk Regnesentral,2015,gull,10
Norsk Regnesentral,2015,hybrid,3
Norsk Regnesentral,2015,grønn,5
Norsk Regnesentral,2015,lukket,26
Norsk Regnesentral,2016,gull,4
Norsk Regnesentral,2016,hybrid,2
Norsk Regnesentral,2016,grønn,4
Norsk Regnesentral,2016,lukket,17
Norsk Regnesentral,2017,gull,8
Norsk Regnesentral,2017,hybrid,3
Norsk Regnesentral,2017,grønn,5
Norsk Regnesentral,2017,lukket,15
Norsk Regnesentral,2018,diamant,2
Norsk Regnesentral,2018,gull,6
Norsk Regnesentral,2018,hybrid,4
Norsk Regnesentral,2018,grønn,8
Norsk Regnesentral,2018,lukket,13
Norsk Regnesentral,2019,diamant,1
Norsk Regnesentral,2019,gull,6
Norsk Regnesentral,2019,hybrid,3
Norsk Regnesentral,2019,hybrid_avtale,1
Norsk Regnesentral,2019,grønn,8
Norsk Regnesentral,2019,lukket,15
Norsk Regnesentral,2020,diamant,5
Norsk Regnesentral,2020,gull,8
Norsk Regnesentral,2020,hybrid,8
Norsk Regnesentral,2020,hybrid_avtale,2
Norsk Regnesentral,2020,grønn,22
Norsk Regnesentral,2020,lukket,8
Norsk Regnesentral,2021,diamant,2
Norsk Regnesentral,2021,gull,17
Norsk Regnesentral,2021,hybrid,9
Norsk Regnesentral,2021,hybrid_avtale,6
Norsk Regnesentral,2021,grønn,13
Norsk Regnesentral,2021,lukket,8
Norsk Regnesentral,2022,diamant,3
Norsk Regnesentral,2022,gull,18
Norsk Regnesentral,2022,hybrid,11
Norsk Regnesentral,2022,hybrid_avtale,10
Norsk Regnesentral,2022,grønn,13
Norsk Regnesentral,2022,lukket,9
Norsk Regnesentral,2023,diamant,3
Norsk Regnesentral,2023,gull,13
Norsk Regnesentral,2023,hybrid,4
Norsk Regnesentral,2023,hybrid_avtale,10
Norsk Regnesentral,2023,grønn,20
Norsk Regnesentral,2023,lukket,8
Norsk Regnesentral,2024,gull,17
Norsk Regnesentral,2024,hybrid,13
Norsk Regnesentral,2024,hybrid_avtale,8
Norsk Regnesentral,2024,grønn,16
Norsk Regnesentral,2024,lukket,4
Norsk Regnesentral,2025,diamant,6
Norsk Regnesentral,2025,gull,12
Norsk Regnesentral,2025,hybrid,6
Norsk Regnesentral,2025,hybrid_avtale,10
Norsk Regnesentral,2025,grønn,29
Norsk Regnesentral,2025,deponert,1
Norsk Regnesentral,2025,lukket,9
Norsk Utenrikspolitisk Institutt,2013,gull,5
Norsk Utenrikspolitisk Institutt,2013,hybrid,1
Norsk Utenrikspolitisk Institutt,2013,grønn,4
Norsk Utenrikspolitisk Institutt,2013,lukket,42
Norsk Utenrikspolitisk Institutt,2014,diamant,2
Norsk Utenrikspolitisk Institutt,2014,gull,2
Norsk Utenrikspolitisk Institutt,2014,hybrid,3
Norsk Utenrikspolitisk Institutt,2014,grønn,9
Norsk Utenrikspolitisk Institutt,2014,lukket,45
Norsk Utenrikspolitisk Institutt,2015,diamant,5
Norsk Utenrikspolitisk Institutt,2015,gull,7
Norsk Utenrikspolitisk Institutt,2015,hybrid,4
Norsk Utenrikspolitisk Institutt,2015,grønn,10
Norsk Utenrikspolitisk Institutt,2015,lukket,25
Norsk Utenrikspolitisk Institutt,2016,diamant,6
Norsk Utenrikspolitisk Institutt,2016,gull,3
Norsk Utenrikspolitisk Institutt,2016,hybrid,5
Norsk Utenrikspolitisk Institutt,2016,grønn,12
Norsk Utenrikspolitisk Institutt,2016,lukket,16
Norsk Utenrikspolitisk Institutt,2017,diamant,10
Norsk Utenrikspolitisk Institutt,2017,gull,3
Norsk Utenrikspolitisk Institutt,2017,hybrid,15
Norsk Utenrikspolitisk Institutt,2017,grønn,17
Norsk Utenrikspolitisk Institutt,2017,lukket,13
Norsk Utenrikspolitisk Institutt,2018,diamant,8
Norsk Utenrikspolitisk Institutt,2018,gull,2
Norsk Utenrikspolitisk Institutt,2018,hybrid,6
Norsk Utenrikspolitisk Institutt,2018,grønn,13
Norsk Utenrikspolitisk Institutt,2018,lukket,13
Norsk Utenrikspolitisk Institutt,2019,diamant,12
Norsk Utenrikspolitisk Institutt,2019,gull,4
Norsk Utenrikspolitisk Institutt,2019,hybrid,5
Norsk Utenrikspolitisk Institutt,2019,hybrid_avtale,1
Norsk Utenrikspolitisk Institutt,2019,grønn,16
Norsk Utenrikspolitisk Institutt,2019,lukket,6
Norsk Utenrikspolitisk Institutt,2020,diamant,6
Norsk Utenrikspolitisk Institutt,2020,gull,6
Norsk Utenrikspolitisk Institutt,2020,hybrid,9
Norsk Utenrikspolitisk Institutt,2020,hybrid_avtale,12
Norsk Utenrikspolitisk Institutt,2020,grønn,16
Norsk Utenrikspolitisk Institutt,2020,lukket,9
Norsk Utenrikspolitisk Institutt,2021,diamant,4
Norsk Utenrikspolitisk Institutt,2021,gull,5
Norsk Utenrikspolitisk Institutt,2021,hybrid,13
Norsk Utenrikspolitisk Institutt,2021,hybrid_avtale,8
Norsk Utenrikspolitisk Institutt,2021,grønn,11
Norsk Utenrikspolitisk Institutt,2021,lukket,12
Norsk Utenrikspolitisk Institutt,2022,diamant,13
Norsk Utenrikspolitisk Institutt,2022,gull,4
Norsk Utenrikspolitisk Institutt,2022,hybrid,18
Norsk Utenrikspolitisk Institutt,2022,hybrid_avtale,12
Norsk Utenrikspolitisk Institutt,2022,grønn,7
Norsk Utenrikspolitisk Institutt,2022,lukket,5
Norsk Utenrikspolitisk Institutt,2023,diamant,13
Norsk Utenrikspolitisk Institutt,2023,gull,7
Norsk Utenrikspolitisk Institutt,2023,hybrid,25
Norsk Utenrikspolitisk Institutt,2023,hybrid_avtale,10
Norsk Utenrikspolitisk Institutt,2023,grønn,3
Norsk Utenrikspolitisk Institutt,2023,lukket,11
Norsk Utenrikspolitisk Institutt,2024,diamant,14
Norsk Utenrikspolitisk Institutt,2024,gull,4
Norsk Utenrikspolitisk Institutt,2024,hybrid,23
Norsk Utenrikspolitisk Institutt,2024,hybrid_avtale,12
Norsk Utenrikspolitisk Institutt,2024,grønn,7
Norsk Utenrikspolitisk Institutt,2024,lukket,12
Norsk Utenrikspolitisk Institutt,2025,diamant,8
Norsk Utenrikspolitisk Institutt,2025,gull,10
Norsk Utenrikspolitisk Institutt,2025,hybrid,17
Norsk Utenrikspolitisk Institutt,2025,hybrid_avtale,12
Norsk Utenrikspolitisk Institutt,2025,grønn,8
Norsk Utenrikspolitisk Institutt,2025,deponert,2
Norsk Utenrikspolitisk Institutt,2025,lukket,13
Norsk institutt for bioøkonomi,2013,diamant,9
Norsk institutt for bioøkonomi,2013,gull,24
Norsk institutt for bioøkonomi,2013,hybrid,5
Norsk institutt for bioøkonomi,2013,grønn,25
Norsk institutt for bioøkonomi,2013,lukket,169
Norsk institutt for bioøkonomi,2014,diamant,4
Norsk institutt for bioøkonomi,2014,gull,30
Norsk institutt for bioøkonomi,2014,hybrid,20
Norsk institutt for bioøkonomi,2014,grønn,23
Norsk institutt for bioøkonomi,2014,lukket,202
Norsk institutt for bioøkonomi,2015,diamant,2
Norsk institutt for bioøkonomi,2015,gull,41
Norsk institutt for bioøkonomi,2015,hybrid,12
Norsk institutt for bioøkonomi,2015,grønn,24
Norsk institutt for bioøkonomi,2015,lukket,171
Norsk institutt for bioøkonomi,2016,diamant,4
Norsk institutt for bioøkonomi,2016,gull,44
Norsk institutt for bioøkonomi,2016,hybrid,24
Norsk institutt for bioøkonomi,2016,grønn,46
Norsk institutt for bioøkonomi,2016,lukket,130
Norsk institutt for bioøkonomi,2017,diamant,6
Norsk institutt for bioøkonomi,2017,gull,65
Norsk institutt for bioøkonomi,2017,hybrid,40
Norsk institutt for bioøkonomi,2017,grønn,70
Norsk institutt for bioøkonomi,2017,lukket,152
Norsk institutt for bioøkonomi,2018,diamant,9
Norsk institutt for bioøkonomi,2018,gull,67
Norsk institutt for bioøkonomi,2018,hybrid,40
Norsk institutt for bioøkonomi,2018,grønn,73
Norsk institutt for bioøkonomi,2018,lukket,95
Norsk institutt for bioøkonomi,2019,diamant,4
Norsk institutt for bioøkonomi,2019,gull,90
Norsk institutt for bioøkonomi,2019,hybrid,31
Norsk institutt for bioøkonomi,2019,hybrid_avtale,21
Norsk institutt for bioøkonomi,2019,grønn,49
Norsk institutt for bioøkonomi,2019,lukket,69
Norsk institutt for bioøkonomi,2020,diamant,12
Norsk institutt for bioøkonomi,2020,gull,123
Norsk institutt for bioøkonomi,2020,hybrid,37
Norsk institutt for bioøkonomi,2020,hybrid_avtale,55
Norsk institutt for bioøkonomi,2020,grønn,43
Norsk institutt for bioøkonomi,2020,lukket,57
Norsk institutt for bioøkonomi,2021,diamant,3
Norsk institutt for bioøkonomi,2021,gull,140
Norsk institutt for bioøkonomi,2021,hybrid,37
Norsk institutt for bioøkonomi,2021,hybrid_avtale,54
Norsk institutt for bioøkonomi,2021,grønn,34
Norsk institutt for bioøkonomi,2021,lukket,69
Norsk institutt for bioøkonomi,2022,diamant,3
Norsk institutt for bioøkonomi,2022,gull,133
Norsk institutt for bioøkonomi,2022,hybrid,42
Norsk institutt for bioøkonomi,2022,hybrid_avtale,48
Norsk institutt for bioøkonomi,2022,grønn,33
Norsk institutt for bioøkonomi,2022,lukket,50
Norsk institutt for bioøkonomi,2023,diamant,6
Norsk institutt for bioøkonomi,2023,gull,141
Norsk institutt for bioøkonomi,2023,hybrid,44
Norsk institutt for bioøkonomi,2023,hybrid_avtale,51
Norsk institutt for bioøkonomi,2023,grønn,25
Norsk institutt for bioøkonomi,2023,lukket,66
Norsk institutt for bioøkonomi,2024,diamant,9
Norsk institutt for bioøkonomi,2024,gull,130
Norsk institutt for bioøkonomi,2024,hybrid,60
Norsk institutt for bioøkonomi,2024,hybrid_avtale,71
Norsk institutt for bioøkonomi,2024,grønn,19
Norsk institutt for bioøkonomi,2024,lukket,46
Norsk institutt for bioøkonomi,2025,diamant,8
Norsk institutt for bioøkonomi,2025,gull,116
Norsk institutt for bioøkonomi,2025,hybrid,72
Norsk institutt for bioøkonomi,2025,hybrid_avtale,54
Norsk institutt for bioøkonomi,2025,grønn,25
Norsk institutt for bioøkonomi,2025,deponert,7
Norsk institutt for bioøkonomi,2025,lukket,42
Norsk institutt for kulturminneforskning,2013,diamant,2
Norsk institutt for kulturminneforskning,2013,gull,2
Norsk institutt for kulturminneforskning,2013,grønn,3
Norsk institutt for kulturminneforskning,2013,lukket,16
Norsk institutt for kulturminneforskning,2014,diamant,2
Norsk institutt for kulturminneforskning,2014,gull,2
Norsk institutt for kulturminneforskning,2014,hybrid,1
Norsk institutt for kulturminneforskning,2014,grønn,4
Norsk institutt for kulturminneforskning,2014,lukket,11
Norsk institutt for kulturminneforskning,2015,diamant,1
Norsk institutt for kulturminneforskning,2015,gull,2
Norsk institutt for kulturminneforskning,2015,grønn,13
Norsk institutt for kulturminneforskning,2015,lukket,15
Norsk institutt for kulturminneforskning,2016,hybrid,1
Norsk institutt for kulturminneforskning,2016,grønn,10
Norsk institutt for kulturminneforskning,2016,lukket,12
Norsk institutt for kulturminneforskning,2017,diamant,6
Norsk institutt for kulturminneforskning,2017,gull,1
Norsk institutt for kulturminneforskning,2017,hybrid,3
Norsk institutt for kulturminneforskning,2017,grønn,10
Norsk institutt for kulturminneforskning,2017,lukket,7
Norsk institutt for kulturminneforskning,2018,diamant,6
Norsk institutt for kulturminneforskning,2018,gull,4
Norsk institutt for kulturminneforskning,2018,hybrid,9
Norsk institutt for kulturminneforskning,2018,grønn,18
Norsk institutt for kulturminneforskning,2018,lukket,6
Norsk institutt for kulturminneforskning,2019,diamant,6
Norsk institutt for kulturminneforskning,2019,gull,8
Norsk institutt for kulturminneforskning,2019,hybrid,6
Norsk institutt for kulturminneforskning,2019,hybrid_avtale,1
Norsk institutt for kulturminneforskning,2019,grønn,5
Norsk institutt for kulturminneforskning,2019,lukket,8
Norsk institutt for kulturminneforskning,2020,diamant,7
Norsk institutt for kulturminneforskning,2020,gull,9
Norsk institutt for kulturminneforskning,2020,hybrid,5
Norsk institutt for kulturminneforskning,2020,grønn,13
Norsk institutt for kulturminneforskning,2020,lukket,6
Norsk institutt for kulturminneforskning,2021,diamant,8
Norsk institutt for kulturminneforskning,2021,gull,7
Norsk institutt for kulturminneforskning,2021,hybrid,9
Norsk institutt for kulturminneforskning,2021,hybrid_avtale,3
Norsk institutt for kulturminneforskning,2021,grønn,8
Norsk institutt for kulturminneforskning,2021,lukket,2
Norsk institutt for kulturminneforskning,2022,diamant,6
Norsk institutt for kulturminneforskning,2022,gull,5
Norsk institutt for kulturminneforskning,2022,hybrid,5
Norsk institutt for kulturminneforskning,2022,hybrid_avtale,1
Norsk institutt for kulturminneforskning,2022,grønn,8
Norsk institutt for kulturminneforskning,2022,lukket,2
Norsk institutt for kulturminneforskning,2023,diamant,7
Norsk institutt for kulturminneforskning,2023,gull,8
Norsk institutt for kulturminneforskning,2023,hybrid,7
Norsk institutt for kulturminneforskning,2023,hybrid_avtale,7
Norsk institutt for kulturminneforskning,2023,grønn,2
Norsk institutt for kulturminneforskning,2023,lukket,9
Norsk institutt for kulturminneforskning,2024,diamant,8
Norsk institutt for kulturminneforskning,2024,gull,4
Norsk institutt for kulturminneforskning,2024,hybrid,6
Norsk institutt for kulturminneforskning,2024,hybrid_avtale,6
Norsk institutt for kulturminneforskning,2024,grønn,2
Norsk institutt for kulturminneforskning,2024,lukket,4
Norsk institutt for kulturminneforskning,2025,diamant,8
Norsk institutt for kulturminneforskning,2025,gull,7
Norsk institutt for kulturminneforskning,2025,hybrid,8
Norsk institutt for kulturminneforskning,2025,hybrid_avtale,9
Norsk institutt for kulturminneforskning,2025,grønn,1
Norsk institutt for kulturminneforskning,2025,deponert,7
Norsk institutt for kulturminneforskning,2025,lukket,5
Norsk institutt for naturforskning,2013,diamant,6
Norsk institutt for naturforskning,2013,gull,37
Norsk institutt for naturforskning,2013,hybrid,6
Norsk institutt for naturforskning,2013,grønn,46
Norsk institutt for naturforskning,2013,lukket,124
Norsk institutt for naturforskning,2014,diamant,2
Norsk institutt for naturforskning,2014,gull,39
Norsk institutt for naturforskning,2014,hybrid,23
Norsk institutt for naturforskning,2014,grønn,37
Norsk institutt for naturforskning,2014,lukket,82
Norsk institutt for naturforskning,2015,diamant,2
Norsk institutt for naturforskning,2015,gull,37
Norsk institutt for naturforskning,2015,hybrid,16
Norsk institutt for naturforskning,2015,grønn,49
Norsk institutt for naturforskning,2015,lukket,76
Norsk institutt for naturforskning,2016,diamant,4
Norsk institutt for naturforskning,2016,gull,60
Norsk institutt for naturforskning,2016,hybrid,30
Norsk institutt for naturforskning,2016,grønn,56
Norsk institutt for naturforskning,2016,lukket,92
Norsk institutt for naturforskning,2017,diamant,5
Norsk institutt for naturforskning,2017,gull,53
Norsk institutt for naturforskning,2017,hybrid,40
Norsk institutt for naturforskning,2017,grønn,90
Norsk institutt for naturforskning,2017,lukket,70
Norsk institutt for naturforskning,2018,diamant,8
Norsk institutt for naturforskning,2018,gull,53
Norsk institutt for naturforskning,2018,hybrid,22
Norsk institutt for naturforskning,2018,grønn,132
Norsk institutt for naturforskning,2018,lukket,24
Norsk institutt for naturforskning,2019,diamant,2
Norsk institutt for naturforskning,2019,gull,79
Norsk institutt for naturforskning,2019,hybrid,27
Norsk institutt for naturforskning,2019,hybrid_avtale,28
Norsk institutt for naturforskning,2019,grønn,90
Norsk institutt for naturforskning,2019,lukket,35
Norsk institutt for naturforskning,2020,diamant,5
Norsk institutt for naturforskning,2020,gull,92
Norsk institutt for naturforskning,2020,hybrid,41
Norsk institutt for naturforskning,2020,hybrid_avtale,64
Norsk institutt for naturforskning,2020,grønn,74
Norsk institutt for naturforskning,2020,lukket,25
Norsk institutt for naturforskning,2021,diamant,1
Norsk institutt for naturforskning,2021,gull,124
Norsk institutt for naturforskning,2021,hybrid,62
Norsk institutt for naturforskning,2021,hybrid_avtale,79
Norsk institutt for naturforskning,2021,grønn,58
Norsk institutt for naturforskning,2021,lukket,16
Norsk institutt for naturforskning,2022,diamant,5
Norsk institutt for naturforskning,2022,gull,106
Norsk institutt for naturforskning,2022,hybrid,45
Norsk institutt for naturforskning,2022,hybrid_avtale,68
Norsk institutt for naturforskning,2022,grønn,47
Norsk institutt for naturforskning,2022,lukket,21
Norsk institutt for naturforskning,2023,diamant,3
Norsk institutt for naturforskning,2023,gull,110
Norsk institutt for naturforskning,2023,hybrid,62
Norsk institutt for naturforskning,2023,hybrid_avtale,63
Norsk institutt for naturforskning,2023,grønn,36
Norsk institutt for naturforskning,2023,deponert,1
Norsk institutt for naturforskning,2023,lukket,11
Norsk institutt for naturforskning,2024,diamant,7
Norsk institutt for naturforskning,2024,gull,119
Norsk institutt for naturforskning,2024,hybrid,54
Norsk institutt for naturforskning,2024,hybrid_avtale,66
Norsk institutt for naturforskning,2024,grønn,31
Norsk institutt for naturforskning,2024,lukket,11
Norsk institutt for naturforskning,2025,diamant,14
Norsk institutt for naturforskning,2025,gull,152
Norsk institutt for naturforskning,2025,hybrid,104
Norsk institutt for naturforskning,2025,hybrid_avtale,47
Norsk institutt for naturforskning,2025,grønn,46
Norsk institutt for naturforskning,2025,deponert,6
Norsk institutt for naturforskning,2025,lukket,8
Norsk institutt for vannforskning,2013,diamant,4
Norsk institutt for vannforskning,2013,gull,13
Norsk institutt for vannforskning,2013,hybrid,10
Norsk institutt for vannforskning,2013,grønn,39
Norsk institutt for vannforskning,2013,lukket,70
Norsk institutt for vannforskning,2014,diamant,2
Norsk institutt for vannforskning,2014,gull,24
Norsk institutt for vannforskning,2014,hybrid,12
Norsk institutt for vannforskning,2014,grønn,33
Norsk institutt for vannforskning,2014,lukket,58
Norsk institutt for vannforskning,2015,diamant,2
Norsk institutt for vannforskning,2015,gull,23
Norsk institutt for vannforskning,2015,hybrid,14
Norsk institutt for vannforskning,2015,grønn,31
Norsk institutt for vannforskning,2015,lukket,64
Norsk institutt for vannforskning,2016,diamant,5
Norsk institutt for vannforskning,2016,gull,18
Norsk institutt for vannforskning,2016,hybrid,20
Norsk institutt for vannforskning,2016,grønn,33
Norsk institutt for vannforskning,2016,lukket,65
Norsk institutt for vannforskning,2017,diamant,2
Norsk institutt for vannforskning,2017,gull,22
Norsk institutt for vannforskning,2017,hybrid,15
Norsk institutt for vannforskning,2017,grønn,46
Norsk institutt for vannforskning,2017,lukket,56
Norsk institutt for vannforskning,2018,diamant,2
Norsk institutt for vannforskning,2018,gull,22
Norsk institutt for vannforskning,2018,hybrid,21
Norsk institutt for vannforskning,2018,grønn,76
Norsk institutt for vannforskning,2018,lukket,27
Norsk institutt for vannforskning,2019,gull,38
Norsk institutt for vannforskning,2019,hybrid,16
Norsk institutt for vannforskning,2019,hybrid_avtale,20
Norsk institutt for vannforskning,2019,grønn,60
Norsk institutt for vannforskning,2019,lukket,13
Norsk institutt for vannforskning,2020,diamant,1
Norsk institutt for vannforskning,2020,gull,43
Norsk institutt for vannforskning,2020,hybrid,32
Norsk institutt for vannforskning,2020,hybrid_avtale,40
Norsk institutt for vannforskning,2020,grønn,46
Norsk institutt for vannforskning,2020,lukket,13
Norsk institutt for vannforskning,2021,diamant,1
Norsk institutt for vannforskning,2021,gull,60
Norsk institutt for vannforskning,2021,hybrid,37
Norsk institutt for vannforskning,2021,hybrid_avtale,45
Norsk institutt for vannforskning,2021,grønn,40
Norsk institutt for vannforskning,2021,lukket,12
Norsk institutt for vannforskning,2022,diamant,4
Norsk institutt for vannforskning,2022,gull,60
Norsk institutt for vannforskning,2022,hybrid,33
Norsk institutt for vannforskning,2022,hybrid_avtale,30
Norsk institutt for vannforskning,2022,grønn,30
Norsk institutt for vannforskning,2022,lukket,11
Norsk institutt for vannforskning,2023,diamant,2
Norsk institutt for vannforskning,2023,gull,53
Norsk institutt for vannforskning,2023,hybrid,31
Norsk institutt for vannforskning,2023,hybrid_avtale,52
Norsk institutt for vannforskning,2023,grønn,26
Norsk institutt for vannforskning,2023,lukket,11
Norsk institutt for vannforskning,2024,diamant,1
Norsk institutt for vannforskning,2024,gull,56
Norsk institutt for vannforskning,2024,hybrid,46
Norsk institutt for vannforskning,2024,hybrid_avtale,41
Norsk institutt for vannforskning,2024,grønn,14
Norsk institutt for vannforskning,2024,lukket,24
Norsk institutt for vannforskning,2025,diamant,3
Norsk institutt for vannforskning,2025,gull,58
Norsk institutt for vannforskning,2025,hybrid,48
Norsk institutt for vannforskning,2025,hybrid_avtale,29
Norsk institutt for vannforskning,2025,grønn,11
Norsk institutt for vannforskning,2025,deponert,3
Norsk institutt for vannforskning,2025,lukket,29
Norsk senter for økologisk landbruk,2018,gull,1
Norsk senter for økologisk landbruk,2018,hybrid,2
Norsk senter for økologisk landbruk,2018,grønn,1
Norsk senter for økologisk landbruk,2018,lukket,3
Norsk senter for økologisk landbruk,2019,gull,2
Norsk senter for økologisk landbruk,2019,lukket,2
Norsk senter for økologisk landbruk,2020,gull,1
Norsk senter for økologisk landbruk,2020,hybrid,1
Norsk senter for økologisk landbruk,2020,hybrid_avtale,3
Norsk senter for økologisk landbruk,2020,grønn,1
Norsk senter for økologisk landbruk,2020,lukket,4
Norsk senter for økologisk landbruk,2021,gull,2
Norsk senter for økologisk landbruk,2021,hybrid,4
Norsk senter for økologisk landbruk,2021,hybrid_avtale,2
Norsk senter for økologisk landbruk,2021,lukket,1
Norsk senter for økologisk landbruk,2022,gull,3
Norsk senter for økologisk landbruk,2022,hybrid,3
Norsk senter for økologisk landbruk,2022,hybrid_avtale,1
Norsk senter for økologisk landbruk,2022,lukket,1
Norsk senter for økologisk landbruk,2023,gull,5
Norsk senter for økologisk landbruk,2023,hybrid,2
Norsk senter for økologisk landbruk,2024,diamant,1
Norsk senter for økologisk landbruk,2024,gull,2
Norsk senter for økologisk landbruk,2024,hybrid,3
Norsk senter for økologisk landbruk,2024,lukket,1
Norsk senter for økologisk landbruk,2025,gull,4
Norsk senter for økologisk landbruk,2025,hybrid,3
Norsk senter for økologisk landbruk,2025,hybrid_avtale,3
Norsk senter for økologisk landbruk,2025,lukket,1
Oslo Nye Høyskole,2013,gull,1
Oslo Nye Høyskole,2013,hybrid,3
Oslo Nye Høyskole,2013,grønn,1
Oslo Nye Høyskole,2013,lukket,2
Oslo Nye Høyskole,2014,gull,1
Oslo Nye Høyskole,2014,hybrid,1
Oslo Nye Høyskole,2014,grønn,1
Oslo Nye Høyskole,2014,lukket,9
Oslo Nye Høyskole,2015,gull,2
Oslo Nye Høyskole,2015,hybrid,1
Oslo Nye Høyskole,2015,grønn,3
Oslo Nye Høyskole,2015,lukket,3
Oslo Nye Høyskole,2016,diamant,1
Oslo Nye Høyskole,2016,gull,6
Oslo Nye Høyskole,2016,hybrid,1
Oslo Nye Høyskole,2016,grønn,5
Oslo Nye Høyskole,2016,lukket,10
Oslo Nye Høyskole,2017,diamant,1
Oslo Nye Høyskole,2017,gull,7
Oslo Nye Høyskole,2017,hybrid,5
Oslo Nye Høyskole,2017,grønn,4
Oslo Nye Høyskole,2017,lukket,9
Oslo Nye Høyskole,2018,gull,13
Oslo Nye Høyskole,2018,hybrid,10
Oslo Nye Høyskole,2018,grønn,4
Oslo Nye Høyskole,2018,lukket,11
Oslo Nye Høyskole,2019,gull,12
Oslo Nye Høyskole,2019,hybrid,9
Oslo Nye Høyskole,2019,hybrid_avtale,1
Oslo Nye Høyskole,2019,grønn,17
Oslo Nye Høyskole,2019,lukket,14
Oslo Nye Høyskole,2020,diamant,3
Oslo Nye Høyskole,2020,gull,24
Oslo Nye Høyskole,2020,hybrid,8
Oslo Nye Høyskole,2020,hybrid_avtale,7
Oslo Nye Høyskole,2020,grønn,9
Oslo Nye Høyskole,2020,lukket,11
Oslo Nye Høyskole,2021,diamant,3
Oslo Nye Høyskole,2021,gull,42
Oslo Nye Høyskole,2021,hybrid,12
Oslo Nye Høyskole,2021,hybrid_avtale,7
Oslo Nye Høyskole,2021,grønn,11
Oslo Nye Høyskole,2021,lukket,20
Oslo Nye Høyskole,2022,diamant,4
Oslo Nye Høyskole,2022,gull,30
Oslo Nye Høyskole,2022,hybrid,13
Oslo Nye Høyskole,2022,hybrid_avtale,15
Oslo Nye Høyskole,2022,grønn,10
Oslo Nye Høyskole,2022,lukket,19
Oslo Nye Høyskole,2023,gull,35
Oslo Nye Høyskole,2023,hybrid,16
Oslo Nye Høyskole,2023,hybrid_avtale,9
Oslo Nye Høyskole,2023,grønn,7
Oslo Nye Høyskole,2023,lukket,9
Oslo Nye Høyskole,2024,diamant,7
Oslo Nye Høyskole,2024,gull,27
Oslo Nye Høyskole,2024,hybrid,12
Oslo Nye Høyskole,2024,hybrid_avtale,8
Oslo Nye Høyskole,2024,grønn,8
Oslo Nye Høyskole,2024,lukket,8
Oslo Nye Høyskole,2025,diamant,11
Oslo Nye Høyskole,2025,gull,45
Oslo Nye Høyskole,2025,hybrid,21
Oslo Nye Høyskole,2025,hybrid_avtale,6
Oslo Nye Høyskole,2025,grønn,13
Oslo Nye Høyskole,2025,deponert,5
Oslo Nye Høyskole,2025,lukket,10
Oslo universitetssykehus HF,2013,diamant,27
Oslo universitetssykehus HF,2013,gull,313
Oslo universitetssykehus HF,2013,hybrid,89
Oslo universitetssykehus HF,2013,grønn,120
Oslo universitetssykehus HF,2013,lukket,984
Oslo universitetssykehus HF,2014,diamant,31
Oslo universitetssykehus HF,2014,gull,379
Oslo universitetssykehus HF,2014,hybrid,159
Oslo universitetssykehus HF,2014,grønn,138
Oslo universitetssykehus HF,2014,lukket,1065
Oslo universitetssykehus HF,2015,diamant,34
Oslo universitetssykehus HF,2015,gull,444
Oslo universitetssykehus HF,2015,hybrid,181
Oslo universitetssykehus HF,2015,grønn,183
Oslo universitetssykehus HF,2015,lukket,1032
Oslo universitetssykehus HF,2016,diamant,36
Oslo universitetssykehus HF,2016,gull,530
Oslo universitetssykehus HF,2016,hybrid,199
Oslo universitetssykehus HF,2016,grønn,224
Oslo universitetssykehus HF,2016,lukket,940
Oslo universitetssykehus HF,2017,diamant,38
Oslo universitetssykehus HF,2017,gull,609
Oslo universitetssykehus HF,2017,hybrid,185
Oslo universitetssykehus HF,2017,grønn,357
Oslo universitetssykehus HF,2017,deponert,1
Oslo universitetssykehus HF,2017,lukket,817
Oslo universitetssykehus HF,2018,diamant,40
Oslo universitetssykehus HF,2018,gull,564
Oslo universitetssykehus HF,2018,hybrid,224
Oslo universitetssykehus HF,2018,grønn,507
Oslo universitetssykehus HF,2018,deponert,1
Oslo universitetssykehus HF,2018,lukket,731
Oslo universitetssykehus HF,2019,diamant,45
Oslo universitetssykehus HF,2019,gull,684
Oslo universitetssykehus HF,2019,hybrid,238
Oslo universitetssykehus HF,2019,hybrid_avtale,98
Oslo universitetssykehus HF,2019,grønn,607
Oslo universitetssykehus HF,2019,deponert,2
Oslo universitetssykehus HF,2019,lukket,542
Oslo universitetssykehus HF,2020,diamant,32
Oslo universitetssykehus HF,2020,gull,830
Oslo universitetssykehus HF,2020,hybrid,245
Oslo universitetssykehus HF,2020,hybrid_avtale,361
Oslo universitetssykehus HF,2020,grønn,397
Oslo universitetssykehus HF,2020,lukket,385
Oslo universitetssykehus HF,2021,diamant,49
Oslo universitetssykehus HF,2021,gull,976
Oslo universitetssykehus HF,2021,hybrid,285
Oslo universitetssykehus HF,2021,hybrid_avtale,472
Oslo universitetssykehus HF,2021,grønn,289
Oslo universitetssykehus HF,2021,deponert,2
Oslo universitetssykehus HF,2021,lukket,388
Oslo universitetssykehus HF,2022,diamant,38
Oslo universitetssykehus HF,2022,gull,1019
Oslo universitetssykehus HF,2022,hybrid,321
Oslo universitetssykehus HF,2022,hybrid_avtale,433
Oslo universitetssykehus HF,2022,grønn,269
Oslo universitetssykehus HF,2022,deponert,2
Oslo universitetssykehus HF,2022,lukket,339
Oslo universitetssykehus HF,2023,diamant,30
Oslo universitetssykehus HF,2023,gull,973
Oslo universitetssykehus HF,2023,hybrid,376
Oslo universitetssykehus HF,2023,hybrid_avtale,476
Oslo universitetssykehus HF,2023,grønn,200
Oslo universitetssykehus HF,2023,lukket,210
Oslo universitetssykehus HF,2024,diamant,44
Oslo universitetssykehus HF,2024,gull,1038
Oslo universitetssykehus HF,2024,hybrid,349
Oslo universitetssykehus HF,2024,hybrid_avtale,461
Oslo universitetssykehus HF,2024,grønn,203
Oslo universitetssykehus HF,2024,deponert,1
Oslo universitetssykehus HF,2024,lukket,239
Oslo universitetssykehus HF,2025,diamant,45
Oslo universitetssykehus HF,2025,gull,1004
Oslo universitetssykehus HF,2025,hybrid,411
Oslo universitetssykehus HF,2025,hybrid_avtale,368
Oslo universitetssykehus HF,2025,grønn,238
Oslo universitetssykehus HF,2025,deponert,50
Oslo universitetssykehus HF,2025,lukket,277
OsloMet - storbyuniversitetet,2013,diamant,47
OsloMet - storbyuniversitetet,2013,gull,60
OsloMet - storbyuniversitetet,2013,hybrid,9
OsloMet - storbyuniversitetet,2013,grønn,90
OsloMet - storbyuniversitetet,2013,deponert,1
OsloMet - storbyuniversitetet,2013,lukket,217
OsloMet - storbyuniversitetet,2014,diamant,46
OsloMet - storbyuniversitetet,2014,gull,65
OsloMet - storbyuniversitetet,2014,hybrid,24
OsloMet - storbyuniversitetet,2014,grønn,129
OsloMet - storbyuniversitetet,2014,lukket,222
OsloMet - storbyuniversitetet,2015,diamant,61
OsloMet - storbyuniversitetet,2015,gull,85
OsloMet - storbyuniversitetet,2015,hybrid,22
OsloMet - storbyuniversitetet,2015,grønn,156
OsloMet - storbyuniversitetet,2015,lukket,232
OsloMet - storbyuniversitetet,2016,diamant,73
OsloMet - storbyuniversitetet,2016,gull,132
OsloMet - storbyuniversitetet,2016,hybrid,36
OsloMet - storbyuniversitetet,2016,grønn,209
OsloMet - storbyuniversitetet,2016,lukket,271
OsloMet - storbyuniversitetet,2017,diamant,97
OsloMet - storbyuniversitetet,2017,gull,146
OsloMet - storbyuniversitetet,2017,hybrid,36
OsloMet - storbyuniversitetet,2017,grønn,246
OsloMet - storbyuniversitetet,2017,lukket,206
OsloMet - storbyuniversitetet,2018,diamant,108
OsloMet - storbyuniversitetet,2018,gull,164
OsloMet - storbyuniversitetet,2018,hybrid,50
OsloMet - storbyuniversitetet,2018,grønn,303
OsloMet - storbyuniversitetet,2018,deponert,1
OsloMet - storbyuniversitetet,2018,lukket,186
OsloMet - storbyuniversitetet,2019,diamant,121
OsloMet - storbyuniversitetet,2019,gull,238
OsloMet - storbyuniversitetet,2019,hybrid,55
OsloMet - storbyuniversitetet,2019,hybrid_avtale,40
OsloMet - storbyuniversitetet,2019,grønn,326
OsloMet - storbyuniversitetet,2019,deponert,1
OsloMet - storbyuniversitetet,2019,lukket,147
OsloMet - storbyuniversitetet,2020,diamant,150
OsloMet - storbyuniversitetet,2020,gull,270
OsloMet - storbyuniversitetet,2020,hybrid,63
OsloMet - storbyuniversitetet,2020,hybrid_avtale,206
OsloMet - storbyuniversitetet,2020,grønn,284
OsloMet - storbyuniversitetet,2020,lukket,130
OsloMet - storbyuniversitetet,2021,diamant,152
OsloMet - storbyuniversitetet,2021,gull,341
OsloMet - storbyuniversitetet,2021,hybrid,95
OsloMet - storbyuniversitetet,2021,hybrid_avtale,240
OsloMet - storbyuniversitetet,2021,grønn,238
OsloMet - storbyuniversitetet,2021,lukket,145
OsloMet - storbyuniversitetet,2022,diamant,159
OsloMet - storbyuniversitetet,2022,gull,366
OsloMet - storbyuniversitetet,2022,hybrid,103
OsloMet - storbyuniversitetet,2022,hybrid_avtale,269
OsloMet - storbyuniversitetet,2022,grønn,179
OsloMet - storbyuniversitetet,2022,deponert,1
OsloMet - storbyuniversitetet,2022,lukket,95
OsloMet - storbyuniversitetet,2023,diamant,158
OsloMet - storbyuniversitetet,2023,gull,409
OsloMet - storbyuniversitetet,2023,hybrid,113
OsloMet - storbyuniversitetet,2023,hybrid_avtale,291
OsloMet - storbyuniversitetet,2023,grønn,157
OsloMet - storbyuniversitetet,2023,deponert,1
OsloMet - storbyuniversitetet,2023,lukket,112
OsloMet - storbyuniversitetet,2024,diamant,138
OsloMet - storbyuniversitetet,2024,gull,432
OsloMet - storbyuniversitetet,2024,hybrid,140
OsloMet - storbyuniversitetet,2024,hybrid_avtale,334
OsloMet - storbyuniversitetet,2024,grønn,110
OsloMet - storbyuniversitetet,2024,deponert,3
OsloMet - storbyuniversitetet,2024,lukket,117
OsloMet - storbyuniversitetet,2025,diamant,165
OsloMet - storbyuniversitetet,2025,gull,434
OsloMet - storbyuniversitetet,2025,hybrid,152
OsloMet - storbyuniversitetet,2025,hybrid_avtale,255
OsloMet - storbyuniversitetet,2025,grønn,105
OsloMet - storbyuniversitetet,2025,deponert,51
OsloMet - storbyuniversitetet,2025,lukket,160
PRIO - Institutt for fredsforskning,2013,gull,1
PRIO - Institutt for fredsforskning,2013,hybrid,2
PRIO - Institutt for fredsforskning,2013,grønn,6
PRIO - Institutt for fredsforskning,2013,lukket,56
PRIO - Institutt for fredsforskning,2014,diamant,1
PRIO - Institutt for fredsforskning,2014,hybrid,13
PRIO - Institutt for fredsforskning,2014,grønn,1
PRIO - Institutt for fredsforskning,2014,lukket,51
PRIO - Institutt for fredsforskning,2015,diamant,3
PRIO - Institutt for fredsforskning,2015,gull,6
PRIO - Institutt for fredsforskning,2015,hybrid,14
PRIO - Institutt for fredsforskning,2015,grønn,7
PRIO - Institutt for fredsforskning,2015,lukket,36
PRIO - Institutt for fredsforskning,2016,gull,5
PRIO - Institutt for fredsforskning,2016,hybrid,13
PRIO - Institutt for fredsforskning,2016,grønn,6
PRIO - Institutt for fredsforskning,2016,lukket,36
PRIO - Institutt for fredsforskning,2017,diamant,3
PRIO - Institutt for fredsforskning,2017,gull,2
PRIO - Institutt for fredsforskning,2017,hybrid,13
PRIO - Institutt for fredsforskning,2017,grønn,11
PRIO - Institutt for fredsforskning,2017,lukket,34
PRIO - Institutt for fredsforskning,2018,diamant,1
PRIO - Institutt for fredsforskning,2018,gull,7
PRIO - Institutt for fredsforskning,2018,hybrid,15
PRIO - Institutt for fredsforskning,2018,grønn,9
PRIO - Institutt for fredsforskning,2018,lukket,32
PRIO - Institutt for fredsforskning,2019,diamant,1
PRIO - Institutt for fredsforskning,2019,gull,8
PRIO - Institutt for fredsforskning,2019,hybrid,19
PRIO - Institutt for fredsforskning,2019,hybrid_avtale,4
PRIO - Institutt for fredsforskning,2019,grønn,6
PRIO - Institutt for fredsforskning,2019,lukket,30
PRIO - Institutt for fredsforskning,2020,diamant,3
PRIO - Institutt for fredsforskning,2020,gull,8
PRIO - Institutt for fredsforskning,2020,hybrid,12
PRIO - Institutt for fredsforskning,2020,hybrid_avtale,9
PRIO - Institutt for fredsforskning,2020,grønn,5
PRIO - Institutt for fredsforskning,2020,lukket,33
PRIO - Institutt for fredsforskning,2021,diamant,6
PRIO - Institutt for fredsforskning,2021,gull,8
PRIO - Institutt for fredsforskning,2021,hybrid,17
PRIO - Institutt for fredsforskning,2021,hybrid_avtale,20
PRIO - Institutt for fredsforskning,2021,grønn,7
PRIO - Institutt for fredsforskning,2021,lukket,24
PRIO - Institutt for fredsforskning,2022,diamant,12
PRIO - Institutt for fredsforskning,2022,gull,8
PRIO - Institutt for fredsforskning,2022,hybrid,15
PRIO - Institutt for fredsforskning,2022,hybrid_avtale,20
PRIO - Institutt for fredsforskning,2022,grønn,3
PRIO - Institutt for fredsforskning,2022,lukket,28
PRIO - Institutt for fredsforskning,2023,diamant,9
PRIO - Institutt for fredsforskning,2023,gull,9
PRIO - Institutt for fredsforskning,2023,hybrid,20
PRIO - Institutt for fredsforskning,2023,hybrid_avtale,14
PRIO - Institutt for fredsforskning,2023,grønn,4
PRIO - Institutt for fredsforskning,2023,lukket,24
PRIO - Institutt for fredsforskning,2024,diamant,5
PRIO - Institutt for fredsforskning,2024,gull,4
PRIO - Institutt for fredsforskning,2024,hybrid,14
PRIO - Institutt for fredsforskning,2024,hybrid_avtale,14
PRIO - Institutt for fredsforskning,2024,grønn,6
PRIO - Institutt for fredsforskning,2024,lukket,12
PRIO - Institutt for fredsforskning,2025,diamant,7
PRIO - Institutt for fredsforskning,2025,gull,14
PRIO - Institutt for fredsforskning,2025,hybrid,16
PRIO - Institutt for fredsforskning,2025,hybrid_avtale,20
PRIO - Institutt for fredsforskning,2025,grønn,4
PRIO - Institutt for fredsforskning,2025,deponert,1
PRIO - Institutt for fredsforskning,2025,lukket,18
Politihøgskolen,2013,diamant,1
Politihøgskolen,2013,grønn,2
Politihøgskolen,2013,lukket,12
Politihøgskolen,2014,diamant,5
Politihøgskolen,2014,gull,2
Politihøgskolen,2014,grønn,5
Politihøgskolen,2014,lukket,16
Politihøgskolen,2015,diamant,3
Politihøgskolen,2015,gull,1
Politihøgskolen,2015,grønn,4
Politihøgskolen,2015,lukket,13
Politihøgskolen,2016,diamant,4
Politihøgskolen,2016,gull,4
Politihøgskolen,2016,hybrid,1
Politihøgskolen,2016,grønn,9
Politihøgskolen,2016,lukket,13
Politihøgskolen,2017,diamant,10
Politihøgskolen,2017,gull,5
Politihøgskolen,2017,hybrid,2
Politihøgskolen,2017,grønn,7
Politihøgskolen,2017,lukket,17
Politihøgskolen,2018,diamant,2
Politihøgskolen,2018,gull,2
Politihøgskolen,2018,hybrid,2
Politihøgskolen,2018,grønn,9
Politihøgskolen,2018,lukket,3
Politihøgskolen,2019,diamant,8
Politihøgskolen,2019,gull,4
Politihøgskolen,2019,hybrid,4
Politihøgskolen,2019,hybrid_avtale,2
Politihøgskolen,2019,grønn,7
Politihøgskolen,2019,lukket,9
Politihøgskolen,2020,diamant,18
Politihøgskolen,2020,gull,5
Politihøgskolen,2020,hybrid,1
Politihøgskolen,2020,hybrid_avtale,4
Politihøgskolen,2020,grønn,10
Politihøgskolen,2020,lukket,7
Politihøgskolen,2021,diamant,10
Politihøgskolen,2021,gull,5
Politihøgskolen,2021,hybrid,3
Politihøgskolen,2021,hybrid_avtale,6
Politihøgskolen,2021,grønn,3
Politihøgskolen,2021,lukket,14
Politihøgskolen,2022,diamant,10
Politihøgskolen,2022,gull,6
Politihøgskolen,2022,hybrid,2
Politihøgskolen,2022,hybrid_avtale,6
Politihøgskolen,2022,grønn,5
Politihøgskolen,2022,lukket,12
Politihøgskolen,2023,diamant,8
Politihøgskolen,2023,gull,3
Politihøgskolen,2023,hybrid,6
Politihøgskolen,2023,hybrid_avtale,4
Politihøgskolen,2023,grønn,7
Politihøgskolen,2023,lukket,23
Politihøgskolen,2024,diamant,9
Politihøgskolen,2024,gull,2
Politihøgskolen,2024,hybrid,1
Politihøgskolen,2024,hybrid_avtale,5
Politihøgskolen,2024,grønn,2
Politihøgskolen,2024,lukket,14
Politihøgskolen,2025,diamant,7
Politihøgskolen,2025,gull,9
Politihøgskolen,2025,hybrid,6
Politihøgskolen,2025,hybrid_avtale,2
Politihøgskolen,2025,grønn,4
Politihøgskolen,2025,deponert,1
Politihøgskolen,2025,lukket,10
Private ideelle i Helse Sør-Øst,2017,gull,2
Private ideelle i Helse Sør-Øst,2017,hybrid,2
Private ideelle i Helse Sør-Øst,2017,grønn,3
Private ideelle i Helse Sør-Øst,2017,lukket,4
Private ideelle i Helse Sør-Øst,2018,gull,2
Private ideelle i Helse Sør-Øst,2018,hybrid,4
Private ideelle i Helse Sør-Øst,2018,grønn,4
Private ideelle i Helse Sør-Øst,2018,lukket,4
Private ideelle i Helse Sør-Øst,2019,diamant,1
Private ideelle i Helse Sør-Øst,2019,gull,5
Private ideelle i Helse Sør-Øst,2019,hybrid,2
Private ideelle i Helse Sør-Øst,2019,hybrid_avtale,1
Private ideelle i Helse Sør-Øst,2019,grønn,4
Private ideelle i Helse Sør-Øst,2019,lukket,2
Private ideelle i Helse Sør-Øst,2020,gull,11
Private ideelle i Helse Sør-Øst,2020,hybrid,1
Private ideelle i Helse Sør-Øst,2020,hybrid_avtale,4
Private ideelle i Helse Sør-Øst,2020,grønn,2
Private ideelle i Helse Sør-Øst,2020,lukket,3
Private ideelle i Helse Sør-Øst,2021,diamant,2
Private ideelle i Helse Sør-Øst,2021,gull,11
Private ideelle i Helse Sør-Øst,2021,hybrid,2
Private ideelle i Helse Sør-Øst,2021,hybrid_avtale,1
Private ideelle i Helse Sør-Øst,2021,grønn,1
Private ideelle i Helse Sør-Øst,2021,lukket,9
Private ideelle i Helse Sør-Øst,2022,diamant,2
Private ideelle i Helse Sør-Øst,2022,gull,10
Private ideelle i Helse Sør-Øst,2022,hybrid,1
Private ideelle i Helse Sør-Øst,2022,lukket,2
Private ideelle i Helse Sør-Øst,2023,gull,5
Private ideelle i Helse Sør-Øst,2023,hybrid,1
Private ideelle i Helse Sør-Øst,2023,hybrid_avtale,1
Private ideelle i Helse Sør-Øst,2023,grønn,1
Private ideelle i Helse Sør-Øst,2024,gull,4
Private ideelle i Helse Sør-Øst,2024,hybrid_avtale,1
Private ideelle i Helse Sør-Øst,2024,grønn,1
Private ideelle i Helse Vest,2013,diamant,1
Private ideelle i Helse Vest,2013,gull,6
Private ideelle i Helse Vest,2013,grønn,3
Private ideelle i Helse Vest,2013,lukket,35
Private ideelle i Helse Vest,2014,gull,6
Private ideelle i Helse Vest,2014,hybrid,7
Private ideelle i Helse Vest,2014,grønn,3
Private ideelle i Helse Vest,2014,lukket,21
Private ideelle i Helse Vest,2015,diamant,1
Private ideelle i Helse Vest,2015,gull,7
Private ideelle i Helse Vest,2015,hybrid,7
Private ideelle i Helse Vest,2015,grønn,4
Private ideelle i Helse Vest,2015,lukket,22
Private ideelle i Helse Vest,2016,diamant,2
Private ideelle i Helse Vest,2016,gull,15
Private ideelle i Helse Vest,2016,hybrid,4
Private ideelle i Helse Vest,2016,grønn,5
Private ideelle i Helse Vest,2016,lukket,21
Private ideelle i Helse Vest,2017,diamant,1
Private ideelle i Helse Vest,2017,gull,10
Private ideelle i Helse Vest,2017,hybrid,5
Private ideelle i Helse Vest,2017,grønn,4
Private ideelle i Helse Vest,2017,lukket,29
Private ideelle i Helse Vest,2018,gull,20
Private ideelle i Helse Vest,2018,hybrid,5
Private ideelle i Helse Vest,2018,grønn,7
Private ideelle i Helse Vest,2018,lukket,29
Private ideelle i Helse Vest,2019,diamant,1
Private ideelle i Helse Vest,2019,gull,29
Private ideelle i Helse Vest,2019,hybrid,4
Private ideelle i Helse Vest,2019,hybrid_avtale,2
Private ideelle i Helse Vest,2019,grønn,16
Private ideelle i Helse Vest,2019,lukket,20
Private ideelle i Helse Vest,2020,diamant,2
Private ideelle i Helse Vest,2020,gull,27
Private ideelle i Helse Vest,2020,hybrid,6
Private ideelle i Helse Vest,2020,hybrid_avtale,16
Private ideelle i Helse Vest,2020,grønn,16
Private ideelle i Helse Vest,2020,lukket,21
Private ideelle i Helse Vest,2021,diamant,3
Private ideelle i Helse Vest,2021,gull,28
Private ideelle i Helse Vest,2021,hybrid,6
Private ideelle i Helse Vest,2021,hybrid_avtale,17
Private ideelle i Helse Vest,2021,grønn,16
Private ideelle i Helse Vest,2021,lukket,17
Private ideelle i Helse Vest,2022,gull,28
Private ideelle i Helse Vest,2022,hybrid,7
Private ideelle i Helse Vest,2022,hybrid_avtale,9
Private ideelle i Helse Vest,2022,grønn,4
Private ideelle i Helse Vest,2022,lukket,12
Private ideelle i Helse Vest,2023,diamant,3
Private ideelle i Helse Vest,2023,gull,30
Private ideelle i Helse Vest,2023,hybrid,15
Private ideelle i Helse Vest,2023,hybrid_avtale,10
Private ideelle i Helse Vest,2023,lukket,11
Private ideelle i Helse Vest,2024,diamant,1
Private ideelle i Helse Vest,2024,gull,24
Private ideelle i Helse Vest,2024,hybrid,5
Private ideelle i Helse Vest,2024,hybrid_avtale,16
Private ideelle i Helse Vest,2024,grønn,7
Private ideelle i Helse Vest,2024,lukket,10
RBUP Øst og Sør,2013,diamant,8
RBUP Øst og Sør,2013,gull,7
RBUP Øst og Sør,2013,hybrid,5
RBUP Øst og Sør,2013,grønn,1
RBUP Øst og Sør,2013,lukket,25
RBUP Øst og Sør,2014,diamant,9
RBUP Øst og Sør,2014,gull,5
RBUP Øst og Sør,2014,hybrid,8
RBUP Øst og Sør,2014,grønn,2
RBUP Øst og Sør,2014,lukket,22
RBUP Øst og Sør,2015,diamant,4
RBUP Øst og Sør,2015,gull,15
RBUP Øst og Sør,2015,hybrid,7
RBUP Øst og Sør,2015,grønn,4
RBUP Øst og Sør,2015,lukket,20
RBUP Øst og Sør,2016,diamant,5
RBUP Øst og Sør,2016,gull,10
RBUP Øst og Sør,2016,hybrid,3
RBUP Øst og Sør,2016,grønn,9
RBUP Øst og Sør,2016,lukket,16
RBUP Øst og Sør,2017,diamant,5
RBUP Øst og Sør,2017,gull,5
RBUP Øst og Sør,2017,hybrid,4
RBUP Øst og Sør,2017,grønn,3
RBUP Øst og Sør,2017,lukket,13
RBUP Øst og Sør,2018,diamant,2
RBUP Øst og Sør,2018,gull,10
RBUP Øst og Sør,2018,hybrid,6
RBUP Øst og Sør,2018,grønn,12
RBUP Øst og Sør,2018,lukket,11
RBUP Øst og Sør,2019,diamant,1
RBUP Øst og Sør,2019,gull,15
RBUP Øst og Sør,2019,hybrid,1
RBUP Øst og Sør,2019,hybrid_avtale,4
RBUP Øst og Sør,2019,grønn,11
RBUP Øst og Sør,2019,lukket,12
RBUP Øst og Sør,2020,diamant,2
RBUP Øst og Sør,2020,gull,17
RBUP Øst og Sør,2020,hybrid,5
RBUP Øst og Sør,2020,hybrid_avtale,11
RBUP Øst og Sør,2020,grønn,6
RBUP Øst og Sør,2020,lukket,4
RBUP Øst og Sør,2021,diamant,6
RBUP Øst og Sør,2021,gull,11
RBUP Øst og Sør,2021,hybrid,4
RBUP Øst og Sør,2021,hybrid_avtale,6
RBUP Øst og Sør,2021,grønn,1
RBUP Øst og Sør,2021,lukket,7
RBUP Øst og Sør,2022,diamant,1
RBUP Øst og Sør,2022,gull,12
RBUP Øst og Sør,2022,hybrid,5
RBUP Øst og Sør,2022,hybrid_avtale,23
RBUP Øst og Sør,2022,lukket,12
RBUP Øst og Sør,2023,diamant,3
RBUP Øst og Sør,2023,gull,12
RBUP Øst og Sør,2023,hybrid,6
RBUP Øst og Sør,2023,hybrid_avtale,14
RBUP Øst og Sør,2023,lukket,2
RBUP Øst og Sør,2024,diamant,2
RBUP Øst og Sør,2024,gull,14
RBUP Øst og Sør,2024,hybrid,1
RBUP Øst og Sør,2024,hybrid_avtale,15
RBUP Øst og Sør,2024,grønn,1
RBUP Øst og Sør,2024,lukket,2
RBUP Øst og Sør,2025,diamant,1
RBUP Øst og Sør,2025,gull,13
RBUP Øst og Sør,2025,hybrid,3
RBUP Øst og Sør,2025,hybrid_avtale,6
RBUP Øst og Sør,2025,grønn,1
RBUP Øst og Sør,2025,deponert,2
RBUP Øst og Sør,2025,lukket,1
RISE PFI AS,2022,gull,6
RISE PFI AS,2022,hybrid,7
RISE PFI AS,2022,hybrid_avtale,6
RISE PFI AS,2022,grønn,1
RISE PFI AS,2022,lukket,2
RISE PFI AS,2023,gull,7
RISE PFI AS,2023,hybrid,3
RISE PFI AS,2023,hybrid_avtale,3
RISE PFI AS,2023,lukket,1
RISE PFI AS,2024,gull,4
RISE PFI AS,2024,hybrid,10
RISE PFI AS,2024,hybrid_avtale,2
RISE PFI AS,2024,lukket,1
RISE PFI AS,2025,gull,5
RISE PFI AS,2025,hybrid,4
RISE PFI AS,2025,hybrid_avtale,2
RURALIS – Institutt for rural- og regionalforskning,2013,gull,1
RURALIS – Institutt for rural- og regionalforskning,2013,hybrid,1
RURALIS – Institutt for rural- og regionalforskning,2013,grønn,8
RURALIS – Institutt for rural- og regionalforskning,2013,lukket,5
RURALIS – Institutt for rural- og regionalforskning,2014,gull,1
RURALIS – Institutt for rural- og regionalforskning,2014,hybrid,1
RURALIS – Institutt for rural- og regionalforskning,2014,grønn,8
RURALIS – Institutt for rural- og regionalforskning,2014,lukket,6
RURALIS – Institutt for rural- og regionalforskning,2015,grønn,8
RURALIS – Institutt for rural- og regionalforskning,2015,lukket,6
RURALIS – Institutt for rural- og regionalforskning,2016,gull,1
RURALIS – Institutt for rural- og regionalforskning,2016,hybrid,1
RURALIS – Institutt for rural- og regionalforskning,2016,grønn,2
RURALIS – Institutt for rural- og regionalforskning,2016,lukket,6
RURALIS – Institutt for rural- og regionalforskning,2017,diamant,2
RURALIS – Institutt for rural- og regionalforskning,2017,gull,1
RURALIS – Institutt for rural- og regionalforskning,2017,hybrid,1
RURALIS – Institutt for rural- og regionalforskning,2017,grønn,11
RURALIS – Institutt for rural- og regionalforskning,2017,lukket,2
RURALIS – Institutt for rural- og regionalforskning,2018,diamant,1
RURALIS – Institutt for rural- og regionalforskning,2018,gull,3
RURALIS – Institutt for rural- og regionalforskning,2018,hybrid,3
RURALIS – Institutt for rural- og regionalforskning,2018,grønn,13
RURALIS – Institutt for rural- og regionalforskning,2019,diamant,1
RURALIS – Institutt for rural- og regionalforskning,2019,gull,2
RURALIS – Institutt for rural- og regionalforskning,2019,grønn,11
RURALIS – Institutt for rural- og regionalforskning,2020,diamant,1
RURALIS – Institutt for rural- og regionalforskning,2020,gull,1
RURALIS – Institutt for rural- og regionalforskning,2020,hybrid,5
RURALIS – Institutt for rural- og regionalforskning,2020,hybrid_avtale,1
RURALIS – Institutt for rural- og regionalforskning,2020,grønn,11
RURALIS – Institutt for rural- og regionalforskning,2020,lukket,2
RURALIS – Institutt for rural- og regionalforskning,2021,diamant,1
RURALIS – Institutt for rural- og regionalforskning,2021,gull,6
RURALIS – Institutt for rural- og regionalforskning,2021,hybrid,5
RURALIS – Institutt for rural- og regionalforskning,2021,hybrid_avtale,5
RURALIS – Institutt for rural- og regionalforskning,2021,grønn,14
RURALIS – Institutt for rural- og regionalforskning,2022,gull,3
RURALIS – Institutt for rural- og regionalforskning,2022,hybrid,8
RURALIS – Institutt for rural- og regionalforskning,2022,hybrid_avtale,3
RURALIS – Institutt for rural- og regionalforskning,2022,grønn,6
RURALIS – Institutt for rural- og regionalforskning,2022,lukket,2
RURALIS – Institutt for rural- og regionalforskning,2023,diamant,2
RURALIS – Institutt for rural- og regionalforskning,2023,gull,5
RURALIS – Institutt for rural- og regionalforskning,2023,hybrid,5
RURALIS – Institutt for rural- og regionalforskning,2023,hybrid_avtale,2
RURALIS – Institutt for rural- og regionalforskning,2023,grønn,4
RURALIS – Institutt for rural- og regionalforskning,2024,diamant,1
RURALIS – Institutt for rural- og regionalforskning,2024,gull,4
RURALIS – Institutt for rural- og regionalforskning,2024,hybrid,7
RURALIS – Institutt for rural- og regionalforskning,2024,hybrid_avtale,5
RURALIS – Institutt for rural- og regionalforskning,2024,grønn,6
RURALIS – Institutt for rural- og regionalforskning,2024,lukket,3
RURALIS – Institutt for rural- og regionalforskning,2025,gull,5
RURALIS – Institutt for rural- og regionalforskning,2025,hybrid,12
RURALIS – Institutt for rural- og regionalforskning,2025,hybrid_avtale,1
RURALIS – Institutt for rural- og regionalforskning,2025,deponert,1
RURALIS – Institutt for rural- og regionalforskning,2025,lukket,2
Revmatismesykehuset AS,2013,grønn,1
Revmatismesykehuset AS,2013,lukket,7
Revmatismesykehuset AS,2014,gull,2
Revmatismesykehuset AS,2014,grønn,1
Revmatismesykehuset AS,2014,lukket,4
Revmatismesykehuset AS,2015,gull,2
Revmatismesykehuset AS,2015,lukket,6
Revmatismesykehuset AS,2016,diamant,1
Revmatismesykehuset AS,2016,gull,3
Revmatismesykehuset AS,2016,hybrid,2
Revmatismesykehuset AS,2016,grønn,2
Revmatismesykehuset AS,2016,lukket,12
Revmatismesykehuset AS,2017,gull,6
Revmatismesykehuset AS,2017,grønn,2
Revmatismesykehuset AS,2017,lukket,7
Revmatismesykehuset AS,2018,gull,3
Revmatismesykehuset AS,2018,grønn,1
Revmatismesykehuset AS,2018,lukket,5
Revmatismesykehuset AS,2019,gull,5
Revmatismesykehuset AS,2019,hybrid,1
Revmatismesykehuset AS,2019,hybrid_avtale,1
Revmatismesykehuset AS,2019,grønn,2
Revmatismesykehuset AS,2019,lukket,6
Revmatismesykehuset AS,2020,hybrid,1
Revmatismesykehuset AS,2020,hybrid_avtale,2
Revmatismesykehuset AS,2020,grønn,1
Revmatismesykehuset AS,2020,lukket,3
Revmatismesykehuset AS,2021,diamant,2
Revmatismesykehuset AS,2021,gull,6
Revmatismesykehuset AS,2021,hybrid,1
Revmatismesykehuset AS,2021,hybrid_avtale,2
Revmatismesykehuset AS,2021,grønn,1
Revmatismesykehuset AS,2021,lukket,1
Revmatismesykehuset AS,2022,gull,5
Revmatismesykehuset AS,2022,grønn,1
Revmatismesykehuset AS,2023,gull,4
Revmatismesykehuset AS,2023,hybrid,1
Revmatismesykehuset AS,2023,hybrid_avtale,5
Revmatismesykehuset AS,2024,gull,2
Revmatismesykehuset AS,2024,hybrid_avtale,2
Revmatismesykehuset AS,2024,grønn,1
Revmatismesykehuset AS,2025,gull,1
Revmatismesykehuset AS,2025,hybrid_avtale,1
Revmatismesykehuset AS,2025,deponert,1
Revmatismesykehuset AS,2025,lukket,2
SINTEF AS,2013,diamant,1
SINTEF AS,2013,gull,68
SINTEF AS,2013,hybrid,11
SINTEF AS,2013,grønn,108
SINTEF AS,2013,lukket,290
SINTEF AS,2014,diamant,5
SINTEF AS,2014,gull,92
SINTEF AS,2014,hybrid,15
SINTEF AS,2014,grønn,104
SINTEF AS,2014,lukket,337
SINTEF AS,2015,diamant,7
SINTEF AS,2015,gull,78
SINTEF AS,2015,hybrid,31
SINTEF AS,2015,grønn,109
SINTEF AS,2015,lukket,266
SINTEF AS,2016,diamant,7
SINTEF AS,2016,gull,80
SINTEF AS,2016,hybrid,26
SINTEF AS,2016,grønn,145
SINTEF AS,2016,lukket,236
SINTEF AS,2017,diamant,7
SINTEF AS,2017,gull,167
SINTEF AS,2017,hybrid,40
SINTEF AS,2017,grønn,304
SINTEF AS,2017,lukket,147
SINTEF AS,2018,diamant,20
SINTEF AS,2018,gull,83
SINTEF AS,2018,hybrid,37
SINTEF AS,2018,grønn,280
SINTEF AS,2018,lukket,122
SINTEF AS,2019,diamant,19
SINTEF AS,2019,gull,136
SINTEF AS,2019,hybrid,45
SINTEF AS,2019,hybrid_avtale,74
SINTEF AS,2019,grønn,249
SINTEF AS,2019,lukket,96
SINTEF AS,2020,diamant,31
SINTEF AS,2020,gull,137
SINTEF AS,2020,hybrid,51
SINTEF AS,2020,hybrid_avtale,160
SINTEF AS,2020,grønn,129
SINTEF AS,2020,lukket,118
SINTEF AS,2021,diamant,15
SINTEF AS,2021,gull,194
SINTEF AS,2021,hybrid,78
SINTEF AS,2021,hybrid_avtale,185
SINTEF AS,2021,grønn,157
SINTEF AS,2021,lukket,110
SINTEF AS,2022,diamant,19
SINTEF AS,2022,gull,183
SINTEF AS,2022,hybrid,76
SINTEF AS,2022,hybrid_avtale,186
SINTEF AS,2022,grønn,90
SINTEF AS,2022,lukket,69
SINTEF AS,2023,diamant,13
SINTEF AS,2023,gull,207
SINTEF AS,2023,hybrid,74
SINTEF AS,2023,hybrid_avtale,180
SINTEF AS,2023,grønn,114
SINTEF AS,2023,deponert,5
SINTEF AS,2023,lukket,54
SINTEF AS,2024,diamant,22
SINTEF AS,2024,gull,216
SINTEF AS,2024,hybrid,89
SINTEF AS,2024,hybrid_avtale,175
SINTEF AS,2024,grønn,61
SINTEF AS,2024,deponert,2
SINTEF AS,2024,lukket,91
SINTEF AS,2025,diamant,30
SINTEF AS,2025,gull,203
SINTEF AS,2025,hybrid,115
SINTEF AS,2025,hybrid_avtale,193
SINTEF AS,2025,grønn,76
SINTEF AS,2025,deponert,12
SINTEF AS,2025,lukket,127
SINTEF Energi AS,2013,gull,34
SINTEF Energi AS,2013,hybrid,2
SINTEF Energi AS,2013,grønn,17
SINTEF Energi AS,2013,lukket,65
SINTEF Energi AS,2014,gull,45
SINTEF Energi AS,2014,hybrid,5
SINTEF Energi AS,2014,grønn,26
SINTEF Energi AS,2014,lukket,85
SINTEF Energi AS,2015,gull,27
SINTEF Energi AS,2015,hybrid,2
SINTEF Energi AS,2015,grønn,36
SINTEF Energi AS,2015,lukket,82
SINTEF Energi AS,2016,gull,34
SINTEF Energi AS,2016,hybrid,6
SINTEF Energi AS,2016,grønn,50
SINTEF Energi AS,2016,lukket,72
SINTEF Energi AS,2017,diamant,1
SINTEF Energi AS,2017,gull,64
SINTEF Energi AS,2017,hybrid,14
SINTEF Energi AS,2017,grønn,93
SINTEF Energi AS,2017,lukket,6
SINTEF Energi AS,2018,gull,15
SINTEF Energi AS,2018,hybrid,6
SINTEF Energi AS,2018,grønn,104
SINTEF Energi AS,2018,lukket,7
SINTEF Energi AS,2019,diamant,2
SINTEF Energi AS,2019,gull,30
SINTEF Energi AS,2019,hybrid,9
SINTEF Energi AS,2019,hybrid_avtale,21
SINTEF Energi AS,2019,grønn,82
SINTEF Energi AS,2019,lukket,25
SINTEF Energi AS,2020,diamant,2
SINTEF Energi AS,2020,gull,24
SINTEF Energi AS,2020,hybrid,16
SINTEF Energi AS,2020,hybrid_avtale,33
SINTEF Energi AS,2020,grønn,99
SINTEF Energi AS,2020,lukket,11
SINTEF Energi AS,2021,diamant,1
SINTEF Energi AS,2021,gull,53
SINTEF Energi AS,2021,hybrid,9
SINTEF Energi AS,2021,hybrid_avtale,51
SINTEF Energi AS,2021,grønn,50
SINTEF Energi AS,2021,deponert,1
SINTEF Energi AS,2021,lukket,13
SINTEF Energi AS,2022,diamant,3
SINTEF Energi AS,2022,gull,50
SINTEF Energi AS,2022,hybrid,18
SINTEF Energi AS,2022,hybrid_avtale,34
SINTEF Energi AS,2022,grønn,68
SINTEF Energi AS,2022,lukket,19
SINTEF Energi AS,2023,diamant,1
SINTEF Energi AS,2023,gull,48
SINTEF Energi AS,2023,hybrid,15
SINTEF Energi AS,2023,hybrid_avtale,34
SINTEF Energi AS,2023,grønn,72
SINTEF Energi AS,2023,deponert,5
SINTEF Energi AS,2023,lukket,20
SINTEF Energi AS,2024,diamant,3
SINTEF Energi AS,2024,gull,50
SINTEF Energi AS,2024,hybrid,18
SINTEF Energi AS,2024,hybrid_avtale,53
SINTEF Energi AS,2024,grønn,42
SINTEF Energi AS,2024,deponert,2
SINTEF Energi AS,2024,lukket,26
SINTEF Energi AS,2025,diamant,5
SINTEF Energi AS,2025,gull,51
SINTEF Energi AS,2025,hybrid,24
SINTEF Energi AS,2025,hybrid_avtale,41
SINTEF Energi AS,2025,grønn,35
SINTEF Energi AS,2025,lukket,29
SINTEF Manufacturing,2014,gull,2
SINTEF Manufacturing,2014,grønn,3
SINTEF Manufacturing,2014,lukket,4
SINTEF Manufacturing,2015,gull,3
SINTEF Manufacturing,2015,grønn,2
SINTEF Manufacturing,2015,lukket,1
SINTEF Manufacturing,2016,gull,10
SINTEF Manufacturing,2016,grønn,4
SINTEF Manufacturing,2016,lukket,4
SINTEF Manufacturing,2017,gull,2
SINTEF Manufacturing,2017,grønn,4
SINTEF Manufacturing,2017,lukket,5
SINTEF Manufacturing,2018,gull,2
SINTEF Manufacturing,2018,grønn,3
SINTEF Manufacturing,2018,lukket,4
SINTEF Manufacturing,2019,gull,5
SINTEF Manufacturing,2019,hybrid_avtale,1
SINTEF Manufacturing,2019,grønn,4
SINTEF Manufacturing,2019,lukket,7
SINTEF Manufacturing,2020,diamant,1
SINTEF Manufacturing,2020,gull,7
SINTEF Manufacturing,2020,hybrid_avtale,3
SINTEF Manufacturing,2020,grønn,10
SINTEF Manufacturing,2020,lukket,6
SINTEF Manufacturing,2021,diamant,1
SINTEF Manufacturing,2021,gull,10
SINTEF Manufacturing,2021,hybrid_avtale,3
SINTEF Manufacturing,2021,grønn,24
SINTEF Manufacturing,2021,lukket,1
SINTEF Manufacturing,2022,gull,8
SINTEF Manufacturing,2022,hybrid,4
SINTEF Manufacturing,2022,hybrid_avtale,3
SINTEF Manufacturing,2022,grønn,10
SINTEF Manufacturing,2022,lukket,1
SINTEF Manufacturing,2023,gull,7
SINTEF Manufacturing,2023,hybrid,4
SINTEF Manufacturing,2023,hybrid_avtale,6
SINTEF Manufacturing,2023,grønn,17
SINTEF Manufacturing,2023,deponert,1
SINTEF Manufacturing,2023,lukket,7
SINTEF Manufacturing,2024,gull,10
SINTEF Manufacturing,2024,hybrid,6
SINTEF Manufacturing,2024,hybrid_avtale,5
SINTEF Manufacturing,2024,grønn,7
SINTEF Manufacturing,2024,lukket,2
SINTEF Narvik,2013,gull,4
SINTEF Narvik,2013,hybrid,1
SINTEF Narvik,2013,grønn,7
SINTEF Narvik,2013,lukket,5
SINTEF Narvik,2014,gull,1
SINTEF Narvik,2014,hybrid,2
SINTEF Narvik,2014,grønn,3
SINTEF Narvik,2014,lukket,9
SINTEF Narvik,2015,hybrid,2
SINTEF Narvik,2015,grønn,8
SINTEF Narvik,2015,lukket,5
SINTEF Narvik,2016,gull,3
SINTEF Narvik,2016,grønn,1
SINTEF Narvik,2016,lukket,6
SINTEF Narvik,2017,gull,1
SINTEF Narvik,2017,grønn,11
SINTEF Narvik,2018,gull,2
SINTEF Narvik,2018,grønn,7
SINTEF Narvik,2019,gull,1
SINTEF Narvik,2019,grønn,8
SINTEF Narvik,2020,diamant,1
SINTEF Narvik,2020,gull,1
SINTEF Narvik,2020,grønn,6
SINTEF Narvik,2020,lukket,1
SINTEF Narvik,2021,diamant,1
SINTEF Narvik,2021,gull,3
SINTEF Narvik,2021,hybrid,4
SINTEF Narvik,2021,hybrid_avtale,1
SINTEF Narvik,2021,grønn,3
SINTEF Narvik,2021,lukket,4
SINTEF Narvik,2022,diamant,1
SINTEF Narvik,2022,gull,2
SINTEF Narvik,2022,hybrid_avtale,2
SINTEF Narvik,2022,grønn,5
SINTEF Narvik,2022,lukket,5
SINTEF Narvik,2023,gull,1
SINTEF Narvik,2023,hybrid,3
SINTEF Narvik,2023,hybrid_avtale,1
SINTEF Narvik,2023,grønn,3
SINTEF Narvik,2023,lukket,7
SINTEF Narvik,2024,diamant,1
SINTEF Narvik,2024,gull,2
SINTEF Narvik,2024,hybrid_avtale,1
SINTEF Narvik,2024,grønn,2
SINTEF Narvik,2024,lukket,1
SINTEF Narvik,2025,gull,1
SINTEF Narvik,2025,hybrid,1
SINTEF Narvik,2025,hybrid_avtale,2
SINTEF Ocean,2013,diamant,1
SINTEF Ocean,2013,gull,12
SINTEF Ocean,2013,hybrid,5
SINTEF Ocean,2013,grønn,8
SINTEF Ocean,2013,deponert,1
SINTEF Ocean,2013,lukket,72
SINTEF Ocean,2014,diamant,1
SINTEF Ocean,2014,gull,8
SINTEF Ocean,2014,hybrid,4
SINTEF Ocean,2014,grønn,15
SINTEF Ocean,2014,lukket,84
SINTEF Ocean,2015,gull,22
SINTEF Ocean,2015,hybrid,6
SINTEF Ocean,2015,grønn,29
SINTEF Ocean,2015,lukket,112
SINTEF Ocean,2016,diamant,1
SINTEF Ocean,2016,gull,27
SINTEF Ocean,2016,hybrid,7
SINTEF Ocean,2016,grønn,31
SINTEF Ocean,2016,lukket,87
SINTEF Ocean,2017,diamant,1
SINTEF Ocean,2017,gull,14
SINTEF Ocean,2017,hybrid,16
SINTEF Ocean,2017,grønn,92
SINTEF Ocean,2017,lukket,21
SINTEF Ocean,2018,diamant,5
SINTEF Ocean,2018,gull,27
SINTEF Ocean,2018,hybrid,14
SINTEF Ocean,2018,grønn,94
SINTEF Ocean,2018,lukket,25
SINTEF Ocean,2019,diamant,2
SINTEF Ocean,2019,gull,32
SINTEF Ocean,2019,hybrid,9
SINTEF Ocean,2019,hybrid_avtale,26
SINTEF Ocean,2019,grønn,69
SINTEF Ocean,2019,lukket,28
SINTEF Ocean,2020,diamant,3
SINTEF Ocean,2020,gull,47
SINTEF Ocean,2020,hybrid,10
SINTEF Ocean,2020,hybrid_avtale,56
SINTEF Ocean,2020,grønn,38
SINTEF Ocean,2020,lukket,37
SINTEF Ocean,2021,diamant,1
SINTEF Ocean,2021,gull,58
SINTEF Ocean,2021,hybrid,19
SINTEF Ocean,2021,hybrid_avtale,46
SINTEF Ocean,2021,grønn,40
SINTEF Ocean,2021,lukket,27
SINTEF Ocean,2022,diamant,4
SINTEF Ocean,2022,gull,56
SINTEF Ocean,2022,hybrid,11
SINTEF Ocean,2022,hybrid_avtale,51
SINTEF Ocean,2022,grønn,36
SINTEF Ocean,2022,lukket,18
SINTEF Ocean,2023,diamant,4
SINTEF Ocean,2023,gull,57
SINTEF Ocean,2023,hybrid,15
SINTEF Ocean,2023,hybrid_avtale,72
SINTEF Ocean,2023,grønn,37
SINTEF Ocean,2023,lukket,13
SINTEF Ocean,2024,diamant,2
SINTEF Ocean,2024,gull,61
SINTEF Ocean,2024,hybrid,22
SINTEF Ocean,2024,hybrid_avtale,63
SINTEF Ocean,2024,grønn,26
SINTEF Ocean,2024,deponert,1
SINTEF Ocean,2024,lukket,19
SINTEF Ocean,2025,diamant,1
SINTEF Ocean,2025,gull,56
SINTEF Ocean,2025,hybrid,29
SINTEF Ocean,2025,hybrid_avtale,53
SINTEF Ocean,2025,grønn,13
SINTEF Ocean,2025,deponert,2
SINTEF Ocean,2025,lukket,25
Samfunns- og næringslivsforskning AS,2013,grønn,4
Samfunns- og næringslivsforskning AS,2013,lukket,8
Samfunns- og næringslivsforskning AS,2014,grønn,2
Samfunns- og næringslivsforskning AS,2014,lukket,7
Samfunns- og næringslivsforskning AS,2015,hybrid,1
Samfunns- og næringslivsforskning AS,2015,grønn,2
Samfunns- og næringslivsforskning AS,2015,lukket,9
Samfunns- og næringslivsforskning AS,2016,gull,2
Samfunns- og næringslivsforskning AS,2016,grønn,4
Samfunns- og næringslivsforskning AS,2016,deponert,1
Samfunns- og næringslivsforskning AS,2016,lukket,16
Samfunns- og næringslivsforskning AS,2017,diamant,1
Samfunns- og næringslivsforskning AS,2017,grønn,12
Samfunns- og næringslivsforskning AS,2017,deponert,1
Samfunns- og næringslivsforskning AS,2017,lukket,15
Samfunns- og næringslivsforskning AS,2018,grønn,6
Samfunns- og næringslivsforskning AS,2018,lukket,15
Samfunns- og næringslivsforskning AS,2019,diamant,2
Samfunns- og næringslivsforskning AS,2019,gull,3
Samfunns- og næringslivsforskning AS,2019,grønn,4
Samfunns- og næringslivsforskning AS,2019,lukket,25
Samfunns- og næringslivsforskning AS,2020,gull,1
Samfunns- og næringslivsforskning AS,2020,hybrid,4
Samfunns- og næringslivsforskning AS,2020,hybrid_avtale,5
Samfunns- og næringslivsforskning AS,2020,grønn,6
Samfunns- og næringslivsforskning AS,2020,deponert,1
Samfunns- og næringslivsforskning AS,2020,lukket,21
Samfunns- og næringslivsforskning AS,2021,diamant,1
Samfunns- og næringslivsforskning AS,2021,gull,6
Samfunns- og næringslivsforskning AS,2021,hybrid,2
Samfunns- og næringslivsforskning AS,2021,hybrid_avtale,9
Samfunns- og næringslivsforskning AS,2021,grønn,4
Samfunns- og næringslivsforskning AS,2021,lukket,21
Samfunns- og næringslivsforskning AS,2022,diamant,3
Samfunns- og næringslivsforskning AS,2022,gull,7
Samfunns- og næringslivsforskning AS,2022,hybrid,7
Samfunns- og næringslivsforskning AS,2022,hybrid_avtale,8
Samfunns- og næringslivsforskning AS,2022,grønn,3
Samfunns- og næringslivsforskning AS,2022,lukket,26
Samfunns- og næringslivsforskning AS,2023,gull,6
Samfunns- og næringslivsforskning AS,2023,hybrid,7
Samfunns- og næringslivsforskning AS,2023,hybrid_avtale,9
Samfunns- og næringslivsforskning AS,2023,grønn,5
Samfunns- og næringslivsforskning AS,2023,deponert,2
Samfunns- og næringslivsforskning AS,2023,lukket,9
Samfunns- og næringslivsforskning AS,2024,diamant,3
Samfunns- og næringslivsforskning AS,2024,gull,5
Samfunns- og næringslivsforskning AS,2024,hybrid,5
Samfunns- og næringslivsforskning AS,2024,hybrid_avtale,8
Samfunns- og næringslivsforskning AS,2024,lukket,6
Samfunns- og næringslivsforskning AS,2025,diamant,1
Samfunns- og næringslivsforskning AS,2025,gull,5
Samfunns- og næringslivsforskning AS,2025,hybrid,5
Samfunns- og næringslivsforskning AS,2025,hybrid_avtale,7
Samfunns- og næringslivsforskning AS,2025,grønn,4
Samfunns- og næringslivsforskning AS,2025,deponert,2
Samfunns- og næringslivsforskning AS,2025,lukket,8
Simula Research Laboratory,2025,diamant,4
Simula Research Laboratory,2025,gull,43
Simula Research Laboratory,2025,hybrid,25
Simula Research Laboratory,2025,hybrid_avtale,10
Simula Research Laboratory,2025,grønn,13
Simula Research Laboratory,2025,deponert,4
Simula Research Laboratory,2025,lukket,54
Sjukehusapoteka Vest HF,2013,gull,1
Sjukehusapoteka Vest HF,2014,grønn,1
Sjukehusapoteka Vest HF,2014,lukket,1
Sjukehusapoteka Vest HF,2015,lukket,1
Sjukehusapoteka Vest HF,2016,lukket,2
Sjukehusapoteka Vest HF,2017,gull,2
Sjukehusapoteka Vest HF,2017,lukket,1
Sjukehusapoteka Vest HF,2018,gull,2
Sjukehusapoteka Vest HF,2018,hybrid,1
Sjukehusapoteka Vest HF,2018,grønn,1
Sjukehusapoteka Vest HF,2018,lukket,1
Sjukehusapoteka Vest HF,2019,gull,4
Sjukehusapoteka Vest HF,2019,lukket,3
Sjukehusapoteka Vest HF,2020,gull,2
Sjukehusapoteka Vest HF,2020,hybrid_avtale,1
Sjukehusapoteka Vest HF,2020,lukket,1
Sjukehusapoteka Vest HF,2021,gull,1
Sjukehusapoteka Vest HF,2021,hybrid_avtale,1
Sjukehusapoteka Vest HF,2021,lukket,2
Sjukehusapoteka Vest HF,2022,gull,2
Sjukehusapoteka Vest HF,2022,hybrid_avtale,5
Sjukehusapoteka Vest HF,2022,lukket,1
Sjukehusapoteka Vest HF,2023,lukket,1
Sjukehusapoteka Vest HF,2025,gull,1
Sjukehusapoteka Vest HF,2025,hybrid,2
Sjukehusapoteka Vest HF,2025,hybrid_avtale,1
Solli Distriktspsykiatriske senter​,2025,gull,1
Solli Distriktspsykiatriske senter​,2025,hybrid,2
Solli Distriktspsykiatriske senter​,2025,hybrid_avtale,2
St. Olavs Hospital HF,2013,diamant,16
St. Olavs Hospital HF,2013,gull,85
St. Olavs Hospital HF,2013,hybrid,22
St. Olavs Hospital HF,2013,grønn,33
St. Olavs Hospital HF,2013,lukket,264
St. Olavs Hospital HF,2014,diamant,14
St. Olavs Hospital HF,2014,gull,109
St. Olavs Hospital HF,2014,hybrid,28
St. Olavs Hospital HF,2014,grønn,39
St. Olavs Hospital HF,2014,lukket,286
St. Olavs Hospital HF,2015,diamant,13
St. Olavs Hospital HF,2015,gull,124
St. Olavs Hospital HF,2015,hybrid,50
St. Olavs Hospital HF,2015,grønn,53
St. Olavs Hospital HF,2015,lukket,261
St. Olavs Hospital HF,2016,diamant,10
St. Olavs Hospital HF,2016,gull,136
St. Olavs Hospital HF,2016,hybrid,51
St. Olavs Hospital HF,2016,grønn,74
St. Olavs Hospital HF,2016,lukket,251
St. Olavs Hospital HF,2017,diamant,13
St. Olavs Hospital HF,2017,gull,161
St. Olavs Hospital HF,2017,hybrid,67
St. Olavs Hospital HF,2017,grønn,134
St. Olavs Hospital HF,2017,lukket,154
St. Olavs Hospital HF,2018,diamant,6
St. Olavs Hospital HF,2018,gull,179
St. Olavs Hospital HF,2018,hybrid,62
St. Olavs Hospital HF,2018,grønn,163
St. Olavs Hospital HF,2018,deponert,1
St. Olavs Hospital HF,2018,lukket,143
St. Olavs Hospital HF,2019,diamant,17
St. Olavs Hospital HF,2019,gull,223
St. Olavs Hospital HF,2019,hybrid,48
St. Olavs Hospital HF,2019,hybrid_avtale,42
St. Olavs Hospital HF,2019,grønn,181
St. Olavs Hospital HF,2019,lukket,103
St. Olavs Hospital HF,2020,diamant,19
St. Olavs Hospital HF,2020,gull,216
St. Olavs Hospital HF,2020,hybrid,82
St. Olavs Hospital HF,2020,hybrid_avtale,139
St. Olavs Hospital HF,2020,grønn,86
St. Olavs Hospital HF,2020,deponert,1
St. Olavs Hospital HF,2020,lukket,70
St. Olavs Hospital HF,2021,diamant,21
St. Olavs Hospital HF,2021,gull,302
St. Olavs Hospital HF,2021,hybrid,86
St. Olavs Hospital HF,2021,hybrid_avtale,161
St. Olavs Hospital HF,2021,grønn,88
St. Olavs Hospital HF,2021,deponert,1
St. Olavs Hospital HF,2021,lukket,82
St. Olavs Hospital HF,2022,diamant,11
St. Olavs Hospital HF,2022,gull,279
St. Olavs Hospital HF,2022,hybrid,88
St. Olavs Hospital HF,2022,hybrid_avtale,150
St. Olavs Hospital HF,2022,grønn,76
St. Olavs Hospital HF,2022,lukket,29
St. Olavs Hospital HF,2023,diamant,14
St. Olavs Hospital HF,2023,gull,262
St. Olavs Hospital HF,2023,hybrid,101
St. Olavs Hospital HF,2023,hybrid_avtale,160
St. Olavs Hospital HF,2023,grønn,45
St. Olavs Hospital HF,2023,lukket,25
St. Olavs Hospital HF,2024,diamant,16
St. Olavs Hospital HF,2024,gull,357
St. Olavs Hospital HF,2024,hybrid,72
St. Olavs Hospital HF,2024,hybrid_avtale,164
St. Olavs Hospital HF,2024,grønn,43
St. Olavs Hospital HF,2024,deponert,2
St. Olavs Hospital HF,2024,lukket,30
St. Olavs Hospital HF,2025,diamant,20
St. Olavs Hospital HF,2025,gull,349
St. Olavs Hospital HF,2025,hybrid,107
St. Olavs Hospital HF,2025,hybrid_avtale,131
St. Olavs Hospital HF,2025,grønn,54
St. Olavs Hospital HF,2025,deponert,6
St. Olavs Hospital HF,2025,lukket,58
Statens arbeidsmiljøinstitutt,2013,diamant,1
Statens arbeidsmiljøinstitutt,2013,gull,4
Statens arbeidsmiljøinstitutt,2013,hybrid,10
Statens arbeidsmiljøinstitutt,2013,grønn,5
Statens arbeidsmiljøinstitutt,2013,lukket,35
Statens arbeidsmiljøinstitutt,2014,diamant,2
Statens arbeidsmiljøinstitutt,2014,gull,7
Statens arbeidsmiljøinstitutt,2014,hybrid,10
Statens arbeidsmiljøinstitutt,2014,grønn,21
Statens arbeidsmiljøinstitutt,2014,lukket,23
Statens arbeidsmiljøinstitutt,2015,diamant,2
Statens arbeidsmiljøinstitutt,2015,gull,16
Statens arbeidsmiljøinstitutt,2015,hybrid,9
Statens arbeidsmiljøinstitutt,2015,grønn,32
Statens arbeidsmiljøinstitutt,2015,lukket,7
Statens arbeidsmiljøinstitutt,2016,diamant,1
Statens arbeidsmiljøinstitutt,2016,gull,21
Statens arbeidsmiljøinstitutt,2016,hybrid,16
Statens arbeidsmiljøinstitutt,2016,grønn,27
Statens arbeidsmiljøinstitutt,2016,lukket,8
Statens arbeidsmiljøinstitutt,2017,diamant,3
Statens arbeidsmiljøinstitutt,2017,gull,24
Statens arbeidsmiljøinstitutt,2017,hybrid,12
Statens arbeidsmiljøinstitutt,2017,grønn,28
Statens arbeidsmiljøinstitutt,2017,lukket,9
Statens arbeidsmiljøinstitutt,2018,diamant,1
Statens arbeidsmiljøinstitutt,2018,gull,20
Statens arbeidsmiljøinstitutt,2018,hybrid,21
Statens arbeidsmiljøinstitutt,2018,grønn,27
Statens arbeidsmiljøinstitutt,2018,lukket,2
Statens arbeidsmiljøinstitutt,2019,diamant,1
Statens arbeidsmiljøinstitutt,2019,gull,25
Statens arbeidsmiljøinstitutt,2019,hybrid,17
Statens arbeidsmiljøinstitutt,2019,hybrid_avtale,1
Statens arbeidsmiljøinstitutt,2019,grønn,28
Statens arbeidsmiljøinstitutt,2019,lukket,10
Statens arbeidsmiljøinstitutt,2020,diamant,1
Statens arbeidsmiljøinstitutt,2020,gull,26
Statens arbeidsmiljøinstitutt,2020,hybrid,11
Statens arbeidsmiljøinstitutt,2020,hybrid_avtale,9
Statens arbeidsmiljøinstitutt,2020,grønn,18
Statens arbeidsmiljøinstitutt,2020,lukket,1
Statens arbeidsmiljøinstitutt,2021,diamant,1
Statens arbeidsmiljøinstitutt,2021,gull,34
Statens arbeidsmiljøinstitutt,2021,hybrid,17
Statens arbeidsmiljøinstitutt,2021,hybrid_avtale,13
Statens arbeidsmiljøinstitutt,2021,grønn,11
Statens arbeidsmiljøinstitutt,2022,diamant,1
Statens arbeidsmiljøinstitutt,2022,gull,40
Statens arbeidsmiljøinstitutt,2022,hybrid,22
Statens arbeidsmiljøinstitutt,2022,hybrid_avtale,7
Statens arbeidsmiljøinstitutt,2022,grønn,13
Statens arbeidsmiljøinstitutt,2022,lukket,1
Statens arbeidsmiljøinstitutt,2023,gull,19
Statens arbeidsmiljøinstitutt,2023,hybrid,22
Statens arbeidsmiljøinstitutt,2023,hybrid_avtale,13
Statens arbeidsmiljøinstitutt,2023,grønn,10
Statens arbeidsmiljøinstitutt,2023,lukket,5
Statens arbeidsmiljøinstitutt,2024,diamant,1
Statens arbeidsmiljøinstitutt,2024,gull,25
Statens arbeidsmiljøinstitutt,2024,hybrid,17
Statens arbeidsmiljøinstitutt,2024,hybrid_avtale,12
Statens arbeidsmiljøinstitutt,2024,grønn,6
Statens arbeidsmiljøinstitutt,2024,lukket,5
Statens arbeidsmiljøinstitutt,2025,gull,31
Statens arbeidsmiljøinstitutt,2025,hybrid,23
Statens arbeidsmiljøinstitutt,2025,hybrid_avtale,14
Statens arbeidsmiljøinstitutt,2025,grønn,14
Statens arbeidsmiljøinstitutt,2025,lukket,1
Statistisk sentralbyrå,2019,diamant,7
Statistisk sentralbyrå,2019,gull,3
Statistisk sentralbyrå,2019,hybrid,3
Statistisk sentralbyrå,2019,hybrid_avtale,5
Statistisk sentralbyrå,2019,grønn,21
Statistisk sentralbyrå,2019,lukket,14
Statistisk sentralbyrå,2020,diamant,3
Statistisk sentralbyrå,2020,gull,1
Statistisk sentralbyrå,2020,hybrid,6
Statistisk sentralbyrå,2020,hybrid_avtale,13
Statistisk sentralbyrå,2020,grønn,14
Statistisk sentralbyrå,2020,lukket,23
Statistisk sentralbyrå,2021,diamant,2
Statistisk sentralbyrå,2021,gull,4
Statistisk sentralbyrå,2021,hybrid,5
Statistisk sentralbyrå,2021,hybrid_avtale,19
Statistisk sentralbyrå,2021,grønn,22
Statistisk sentralbyrå,2021,lukket,5
Statistisk sentralbyrå,2022,diamant,6
Statistisk sentralbyrå,2022,gull,5
Statistisk sentralbyrå,2022,hybrid,5
Statistisk sentralbyrå,2022,hybrid_avtale,10
Statistisk sentralbyrå,2022,grønn,18
Statistisk sentralbyrå,2022,lukket,14
Statistisk sentralbyrå,2023,gull,6
Statistisk sentralbyrå,2023,hybrid,4
Statistisk sentralbyrå,2023,hybrid_avtale,21
Statistisk sentralbyrå,2023,grønn,16
Statistisk sentralbyrå,2023,lukket,7
Statistisk sentralbyrå,2024,diamant,1
Statistisk sentralbyrå,2024,gull,10
Statistisk sentralbyrå,2024,hybrid,5
Statistisk sentralbyrå,2024,hybrid_avtale,13
Statistisk sentralbyrå,2024,grønn,2
Statistisk sentralbyrå,2024,lukket,11
Statistisk sentralbyrå,2025,diamant,4
Statistisk sentralbyrå,2025,gull,8
Statistisk sentralbyrå,2025,hybrid,10
Statistisk sentralbyrå,2025,hybrid_avtale,15
Statistisk sentralbyrå,2025,grønn,7
Statistisk sentralbyrå,2025,deponert,1
Statistisk sentralbyrå,2025,lukket,12
Stiftelsen Beitostølen Helsesportsenter,2025,gull,4
Stiftelsen Beitostølen Helsesportsenter,2025,hybrid_avtale,3
Stiftelsen Beitostølen Helsesportsenter,2025,deponert,1
Stiftelsen Beitostølen Helsesportsenter,2025,lukket,1
Stiftelsen Frambu,2013,hybrid,1
Stiftelsen Frambu,2013,lukket,2
Stiftelsen Frambu,2014,gull,1
Stiftelsen Frambu,2014,lukket,2
Stiftelsen Frambu,2015,gull,1
Stiftelsen Frambu,2015,lukket,8
Stiftelsen Frambu,2016,gull,1
Stiftelsen Frambu,2016,lukket,3
Stiftelsen Frambu,2017,grønn,2
Stiftelsen Frambu,2017,lukket,4
Stiftelsen Frambu,2018,diamant,1
Stiftelsen Frambu,2018,gull,3
Stiftelsen Frambu,2018,grønn,1
Stiftelsen Frambu,2018,lukket,2
Stiftelsen Frambu,2019,gull,1
Stiftelsen Frambu,2019,grønn,2
Stiftelsen Frambu,2019,lukket,5
Stiftelsen Frambu,2020,gull,2
Stiftelsen Frambu,2020,hybrid,1
Stiftelsen Frambu,2020,hybrid_avtale,4
Stiftelsen Frambu,2020,grønn,6
Stiftelsen Frambu,2020,lukket,2
Stiftelsen Frambu,2021,hybrid,1
Stiftelsen Frambu,2021,hybrid_avtale,6
Stiftelsen Frambu,2021,grønn,2
Stiftelsen Frambu,2021,lukket,4
Stiftelsen Frambu,2022,diamant,1
Stiftelsen Frambu,2022,gull,2
Stiftelsen Frambu,2022,hybrid_avtale,3
Stiftelsen Frambu,2022,grønn,1
Stiftelsen Frambu,2023,gull,11
Stiftelsen Frambu,2023,hybrid,1
Stiftelsen Frambu,2023,grønn,1
Stiftelsen Frambu,2023,lukket,1
Stiftelsen Frambu,2024,diamant,2
Stiftelsen Frambu,2024,gull,9
Stiftelsen Frambu,2024,hybrid,3
Stiftelsen Frambu,2024,hybrid_avtale,7
Stiftelsen Frambu,2024,lukket,1
Stiftelsen Frambu,2025,gull,7
Stiftelsen Frambu,2025,hybrid,2
Stiftelsen Frambu,2025,hybrid_avtale,5
Stiftelsen Frambu,2025,grønn,1
Stiftelsen Frambu,2025,lukket,2
Stiftelsen Frischsenteret for samfunnsøkonomisk forskning,2013,gull,1
Stiftelsen Frischsenteret for samfunnsøkonomisk forskning,2013,hybrid,2
Stiftelsen Frischsenteret for samfunnsøkonomisk forskning,2013,grønn,6
Stiftelsen Frischsenteret for samfunnsøkonomisk forskning,2013,lukket,14
Stiftelsen Frischsenteret for samfunnsøkonomisk forskning,2014,grønn,5
Stiftelsen Frischsenteret for samfunnsøkonomisk forskning,2014,lukket,13
Stiftelsen Frischsenteret for samfunnsøkonomisk forskning,2015,diamant,1
Stiftelsen Frischsenteret for samfunnsøkonomisk forskning,2015,gull,2
Stiftelsen Frischsenteret for samfunnsøkonomisk forskning,2015,hybrid,2
Stiftelsen Frischsenteret for samfunnsøkonomisk forskning,2015,grønn,8
Stiftelsen Frischsenteret for samfunnsøkonomisk forskning,2015,lukket,11
Stiftelsen Frischsenteret for samfunnsøkonomisk forskning,2016,diamant,3
Stiftelsen Frischsenteret for samfunnsøkonomisk forskning,2016,gull,1
Stiftelsen Frischsenteret for samfunnsøkonomisk forskning,2016,hybrid,2
Stiftelsen Frischsenteret for samfunnsøkonomisk forskning,2016,grønn,4
Stiftelsen Frischsenteret for samfunnsøkonomisk forskning,2016,lukket,9
Stiftelsen Frischsenteret for samfunnsøkonomisk forskning,2017,diamant,2
Stiftelsen Frischsenteret for samfunnsøkonomisk forskning,2017,gull,1
Stiftelsen Frischsenteret for samfunnsøkonomisk forskning,2017,hybrid,4
Stiftelsen Frischsenteret for samfunnsøkonomisk forskning,2017,grønn,10
Stiftelsen Frischsenteret for samfunnsøkonomisk forskning,2017,lukket,11
Stiftelsen Frischsenteret for samfunnsøkonomisk forskning,2018,diamant,2
Stiftelsen Frischsenteret for samfunnsøkonomisk forskning,2018,hybrid,13
Stiftelsen Frischsenteret for samfunnsøkonomisk forskning,2018,grønn,6
Stiftelsen Frischsenteret for samfunnsøkonomisk forskning,2018,lukket,7
Stiftelsen Frischsenteret for samfunnsøkonomisk forskning,2019,diamant,2
Stiftelsen Frischsenteret for samfunnsøkonomisk forskning,2019,gull,4
Stiftelsen Frischsenteret for samfunnsøkonomisk forskning,2019,hybrid,3
Stiftelsen Frischsenteret for samfunnsøkonomisk forskning,2019,grønn,5
Stiftelsen Frischsenteret for samfunnsøkonomisk forskning,2019,lukket,11
Stiftelsen Frischsenteret for samfunnsøkonomisk forskning,2020,diamant,3
Stiftelsen Frischsenteret for samfunnsøkonomisk forskning,2020,gull,1
Stiftelsen Frischsenteret for samfunnsøkonomisk forskning,2020,hybrid,9
Stiftelsen Frischsenteret for samfunnsøkonomisk forskning,2020,hybrid_avtale,4
Stiftelsen Frischsenteret for samfunnsøkonomisk forskning,2020,grønn,4
Stiftelsen Frischsenteret for samfunnsøkonomisk forskning,2020,lukket,7
Stiftelsen Frischsenteret for samfunnsøkonomisk forskning,2021,diamant,2
Stiftelsen Frischsenteret for samfunnsøkonomisk forskning,2021,gull,2
Stiftelsen Frischsenteret for samfunnsøkonomisk forskning,2021,hybrid,6
Stiftelsen Frischsenteret for samfunnsøkonomisk forskning,2021,hybrid_avtale,10
Stiftelsen Frischsenteret for samfunnsøkonomisk forskning,2021,grønn,5
Stiftelsen Frischsenteret for samfunnsøkonomisk forskning,2021,deponert,1
Stiftelsen Frischsenteret for samfunnsøkonomisk forskning,2021,lukket,2
Stiftelsen Frischsenteret for samfunnsøkonomisk forskning,2022,diamant,3
Stiftelsen Frischsenteret for samfunnsøkonomisk forskning,2022,gull,3
Stiftelsen Frischsenteret for samfunnsøkonomisk forskning,2022,hybrid,9
Stiftelsen Frischsenteret for samfunnsøkonomisk forskning,2022,hybrid_avtale,5
Stiftelsen Frischsenteret for samfunnsøkonomisk forskning,2022,grønn,3
Stiftelsen Frischsenteret for samfunnsøkonomisk forskning,2022,lukket,1
Stiftelsen Frischsenteret for samfunnsøkonomisk forskning,2023,diamant,5
Stiftelsen Frischsenteret for samfunnsøkonomisk forskning,2023,gull,3
Stiftelsen Frischsenteret for samfunnsøkonomisk forskning,2023,hybrid,5
Stiftelsen Frischsenteret for samfunnsøkonomisk forskning,2023,hybrid_avtale,10
Stiftelsen Frischsenteret for samfunnsøkonomisk forskning,2023,grønn,7
Stiftelsen Frischsenteret for samfunnsøkonomisk forskning,2023,lukket,5
Stiftelsen Frischsenteret for samfunnsøkonomisk forskning,2024,diamant,7
Stiftelsen Frischsenteret for samfunnsøkonomisk forskning,2024,gull,3
Stiftelsen Frischsenteret for samfunnsøkonomisk forskning,2024,hybrid,5
Stiftelsen Frischsenteret for samfunnsøkonomisk forskning,2024,hybrid_avtale,6
Stiftelsen Frischsenteret for samfunnsøkonomisk forskning,2024,grønn,6
Stiftelsen Frischsenteret for samfunnsøkonomisk forskning,2024,lukket,2
Stiftelsen Frischsenteret for samfunnsøkonomisk forskning,2025,diamant,2
Stiftelsen Frischsenteret for samfunnsøkonomisk forskning,2025,gull,5
Stiftelsen Frischsenteret for samfunnsøkonomisk forskning,2025,hybrid,4
Stiftelsen Frischsenteret for samfunnsøkonomisk forskning,2025,hybrid_avtale,5
Stiftelsen Frischsenteret for samfunnsøkonomisk forskning,2025,grønn,7
Stiftelsen Frischsenteret for samfunnsøkonomisk forskning,2025,deponert,2
Stiftelsen Frischsenteret for samfunnsøkonomisk forskning,2025,lukket,12
Stiftelsen Steinerhøyskolen,2013,lukket,1
Stiftelsen Steinerhøyskolen,2014,lukket,1
Stiftelsen Steinerhøyskolen,2015,hybrid,1
Stiftelsen Steinerhøyskolen,2015,lukket,4
Stiftelsen Steinerhøyskolen,2016,gull,1
Stiftelsen Steinerhøyskolen,2016,hybrid,1
Stiftelsen Steinerhøyskolen,2016,lukket,8
Stiftelsen Steinerhøyskolen,2017,grønn,1
Stiftelsen Steinerhøyskolen,2018,hybrid,1
Stiftelsen Steinerhøyskolen,2018,grønn,1
Stiftelsen Steinerhøyskolen,2018,lukket,5
Stiftelsen Steinerhøyskolen,2019,diamant,5
Stiftelsen Steinerhøyskolen,2019,lukket,1
Stiftelsen Steinerhøyskolen,2020,diamant,1
Stiftelsen Steinerhøyskolen,2020,gull,2
Stiftelsen Steinerhøyskolen,2020,hybrid_avtale,1
Stiftelsen Steinerhøyskolen,2020,lukket,3
Stiftelsen Steinerhøyskolen,2021,diamant,1
Stiftelsen Steinerhøyskolen,2021,hybrid,1
Stiftelsen Steinerhøyskolen,2021,lukket,4
Stiftelsen Steinerhøyskolen,2022,diamant,2
Stiftelsen Steinerhøyskolen,2022,gull,2
Stiftelsen Steinerhøyskolen,2022,hybrid,1
Stiftelsen Steinerhøyskolen,2022,lukket,2
Stiftelsen Steinerhøyskolen,2023,diamant,2
Stiftelsen Steinerhøyskolen,2023,hybrid,1
Stiftelsen Steinerhøyskolen,2023,grønn,1
Stiftelsen Steinerhøyskolen,2023,lukket,4
Stiftelsen Steinerhøyskolen,2024,diamant,1
Stiftelsen Steinerhøyskolen,2024,gull,5
Stiftelsen Steinerhøyskolen,2024,hybrid,3
Stiftelsen Steinerhøyskolen,2024,lukket,3
Stiftelsen Steinerhøyskolen,2025,gull,2
Stiftelsen Steinerhøyskolen,2025,hybrid,3
Stiftelsen Steinerhøyskolen,2025,hybrid_avtale,1
Stiftelsen Steinerhøyskolen,2025,grønn,1
Stiftelsen Steinerhøyskolen,2025,lukket,1
Sunnaas sykehus HF,2013,diamant,1
Sunnaas sykehus HF,2013,gull,8
Sunnaas sykehus HF,2013,grønn,1
Sunnaas sykehus HF,2013,lukket,11
Sunnaas sykehus HF,2014,gull,3
Sunnaas sykehus HF,2014,hybrid,1
Sunnaas sykehus HF,2014,grønn,1
Sunnaas sykehus HF,2014,lukket,26
Sunnaas sykehus HF,2015,diamant,1
Sunnaas sykehus HF,2015,gull,4
Sunnaas sykehus HF,2015,hybrid,3
Sunnaas sykehus HF,2015,grønn,2
Sunnaas sykehus HF,2015,lukket,20
Sunnaas sykehus HF,2016,gull,9
Sunnaas sykehus HF,2016,hybrid,2
Sunnaas sykehus HF,2016,grønn,6
Sunnaas sykehus HF,2016,lukket,20
Sunnaas sykehus HF,2017,diamant,1
Sunnaas sykehus HF,2017,gull,6
Sunnaas sykehus HF,2017,grønn,14
Sunnaas sykehus HF,2017,lukket,27
Sunnaas sykehus HF,2018,gull,22
Sunnaas sykehus HF,2018,hybrid,3
Sunnaas sykehus HF,2018,grønn,10
Sunnaas sykehus HF,2018,lukket,21
Sunnaas sykehus HF,2019,diamant,1
Sunnaas sykehus HF,2019,gull,22
Sunnaas sykehus HF,2019,hybrid,5
Sunnaas sykehus HF,2019,hybrid_avtale,3
Sunnaas sykehus HF,2019,grønn,12
Sunnaas sykehus HF,2019,lukket,21
Sunnaas sykehus HF,2020,gull,29
Sunnaas sykehus HF,2020,hybrid,8
Sunnaas sykehus HF,2020,hybrid_avtale,6
Sunnaas sykehus HF,2020,grønn,8
Sunnaas sykehus HF,2020,lukket,10
Sunnaas sykehus HF,2021,diamant,1
Sunnaas sykehus HF,2021,gull,30
Sunnaas sykehus HF,2021,hybrid,10
Sunnaas sykehus HF,2021,hybrid_avtale,9
Sunnaas sykehus HF,2021,grønn,8
Sunnaas sykehus HF,2021,lukket,12
Sunnaas sykehus HF,2022,diamant,2
Sunnaas sykehus HF,2022,gull,33
Sunnaas sykehus HF,2022,hybrid,7
Sunnaas sykehus HF,2022,hybrid_avtale,2
Sunnaas sykehus HF,2022,grønn,4
Sunnaas sykehus HF,2022,lukket,8
Sunnaas sykehus HF,2023,diamant,1
Sunnaas sykehus HF,2023,gull,25
Sunnaas sykehus HF,2023,hybrid,5
Sunnaas sykehus HF,2023,hybrid_avtale,3
Sunnaas sykehus HF,2023,grønn,6
Sunnaas sykehus HF,2023,lukket,4
Sunnaas sykehus HF,2024,diamant,1
Sunnaas sykehus HF,2024,gull,31
Sunnaas sykehus HF,2024,hybrid,7
Sunnaas sykehus HF,2024,hybrid_avtale,10
Sunnaas sykehus HF,2024,grønn,3
Sunnaas sykehus HF,2024,lukket,6
Sunnaas sykehus HF,2025,gull,29
Sunnaas sykehus HF,2025,hybrid,5
Sunnaas sykehus HF,2025,hybrid_avtale,11
Sunnaas sykehus HF,2025,grønn,8
Sunnaas sykehus HF,2025,lukket,10
Sykehusapotek Nord HF,2014,gull,1
Sykehusapotek Nord HF,2014,lukket,2
Sykehusapotek Nord HF,2015,gull,1
Sykehusapotek Nord HF,2015,lukket,1
Sykehusapotek Nord HF,2016,gull,1
Sykehusapotek Nord HF,2016,lukket,4
Sykehusapotek Nord HF,2017,gull,2
Sykehusapotek Nord HF,2017,hybrid,1
Sykehusapotek Nord HF,2017,grønn,1
Sykehusapotek Nord HF,2017,lukket,2
Sykehusapotek Nord HF,2018,grønn,1
Sykehusapotek Nord HF,2018,lukket,1
Sykehusapotek Nord HF,2019,gull,1
Sykehusapotek Nord HF,2019,hybrid,1
Sykehusapotek Nord HF,2019,hybrid_avtale,1
Sykehusapotek Nord HF,2020,diamant,1
Sykehusapotek Nord HF,2020,gull,2
Sykehusapotek Nord HF,2021,hybrid_avtale,1
Sykehusapotek Nord HF,2022,gull,1
Sykehusapotek Nord HF,2023,gull,3
Sykehusapotek Nord HF,2023,hybrid_avtale,1
Sykehusapotek Nord HF,2023,grønn,1
Sykehusapotek Nord HF,2024,gull,4
Sykehusapotek Nord HF,2024,hybrid_avtale,1
Sykehusapotek Nord HF,2024,grønn,1
Sykehusapotek Nord HF,2025,gull,4
Sykehusapotekene i Midt-Norge HF,2013,lukket,3
Sykehusapotekene i Midt-Norge HF,2015,lukket,4
Sykehusapotekene i Midt-Norge HF,2016,lukket,4
Sykehusapotekene i Midt-Norge HF,2017,gull,3
Sykehusapotekene i Midt-Norge HF,2017,hybrid,1
Sykehusapotekene i Midt-Norge HF,2017,grønn,1
Sykehusapotekene i Midt-Norge HF,2017,lukket,1
Sykehusapotekene i Midt-Norge HF,2018,gull,1
Sykehusapotekene i Midt-Norge HF,2018,hybrid,1
Sykehusapotekene i Midt-Norge HF,2018,lukket,3
Sykehusapotekene i Midt-Norge HF,2019,lukket,1
Sykehusapotekene i Midt-Norge HF,2020,diamant,1
Sykehusapotekene i Midt-Norge HF,2020,hybrid_avtale,2
Sykehusapotekene i Midt-Norge HF,2022,gull,2
Sykehusapotekene i Midt-Norge HF,2024,gull,2
Sykehusapotekene i Midt-Norge HF,2024,hybrid_avtale,1
Sykehusapotekene i Midt-Norge HF,2025,gull,1
Sykehusapotekene i Sør-Øst RHF,2013,lukket,3
Sykehusapotekene i Sør-Øst RHF,2014,lukket,1
Sykehusapotekene i Sør-Øst RHF,2015,gull,1
Sykehusapotekene i Sør-Øst RHF,2015,lukket,5
Sykehusapotekene i Sør-Øst RHF,2016,gull,1
Sykehusapotekene i Sør-Øst RHF,2016,hybrid,1
Sykehusapotekene i Sør-Øst RHF,2016,lukket,1
Sykehusapotekene i Sør-Øst RHF,2017,gull,1
Sykehusapotekene i Sør-Øst RHF,2017,hybrid,1
Sykehusapotekene i Sør-Øst RHF,2017,grønn,2
Sykehusapotekene i Sør-Øst RHF,2018,hybrid,1
Sykehusapotekene i Sør-Øst RHF,2019,diamant,1
Sykehusapotekene i Sør-Øst RHF,2019,gull,4
Sykehusapotekene i Sør-Øst RHF,2019,hybrid,2
Sykehusapotekene i Sør-Øst RHF,2019,hybrid_avtale,1
Sykehusapotekene i Sør-Øst RHF,2019,lukket,1
Sykehusapotekene i Sør-Øst RHF,2020,gull,6
Sykehusapotekene i Sør-Øst RHF,2020,hybrid,1
Sykehusapotekene i Sør-Øst RHF,2020,hybrid_avtale,3
Sykehusapotekene i Sør-Øst RHF,2020,grønn,1
Sykehusapotekene i Sør-Øst RHF,2021,gull,4
Sykehusapotekene i Sør-Øst RHF,2021,hybrid,1
Sykehusapotekene i Sør-Øst RHF,2021,hybrid_avtale,3
Sykehusapotekene i Sør-Øst RHF,2021,grønn,2
Sykehusapotekene i Sør-Øst RHF,2021,lukket,1
Sykehusapotekene i Sør-Øst RHF,2022,gull,5
Sykehusapotekene i Sør-Øst RHF,2022,hybrid,2
Sykehusapotekene i Sør-Øst RHF,2022,hybrid_avtale,6
Sykehusapotekene i Sør-Øst RHF,2022,grønn,2
Sykehusapotekene i Sør-Øst RHF,2023,gull,2
Sykehusapotekene i Sør-Øst RHF,2023,hybrid_avtale,2
Sykehusapotekene i Sør-Øst RHF,2024,gull,2
Sykehusapotekene i Sør-Øst RHF,2024,hybrid_avtale,4
Sykehusapotekene i Sør-Øst RHF,2024,grønn,1
Sykehusapotekene i Sør-Øst RHF,2025,diamant,1
Sykehusapotekene i Sør-Øst RHF,2025,gull,4
Sykehusapotekene i Sør-Øst RHF,2025,hybrid,2
Sykehusapotekene i Sør-Øst RHF,2025,hybrid_avtale,2
Sykehuset Innlandet HF,2013,diamant,3
Sykehuset Innlandet HF,2013,gull,20
Sykehuset Innlandet HF,2013,hybrid,8
Sykehuset Innlandet HF,2013,grønn,9
Sykehuset Innlandet HF,2013,lukket,49
Sykehuset Innlandet HF,2014,diamant,2
Sykehuset Innlandet HF,2014,gull,27
Sykehuset Innlandet HF,2014,hybrid,9
Sykehuset Innlandet HF,2014,grønn,17
Sykehuset Innlandet HF,2014,lukket,42
Sykehuset Innlandet HF,2015,diamant,3
Sykehuset Innlandet HF,2015,gull,49
Sykehuset Innlandet HF,2015,hybrid,16
Sykehuset Innlandet HF,2015,grønn,7
Sykehuset Innlandet HF,2015,lukket,63
Sykehuset Innlandet HF,2016,diamant,4
Sykehuset Innlandet HF,2016,gull,55
Sykehuset Innlandet HF,2016,hybrid,18
Sykehuset Innlandet HF,2016,grønn,22
Sykehuset Innlandet HF,2016,lukket,48
Sykehuset Innlandet HF,2017,diamant,1
Sykehuset Innlandet HF,2017,gull,57
Sykehuset Innlandet HF,2017,hybrid,22
Sykehuset Innlandet HF,2017,grønn,30
Sykehuset Innlandet HF,2017,lukket,59
Sykehuset Innlandet HF,2018,diamant,4
Sykehuset Innlandet HF,2018,gull,57
Sykehuset Innlandet HF,2018,hybrid,16
Sykehuset Innlandet HF,2018,grønn,40
Sykehuset Innlandet HF,2018,lukket,58
Sykehuset Innlandet HF,2019,diamant,3
Sykehuset Innlandet HF,2019,gull,67
Sykehuset Innlandet HF,2019,hybrid,18
Sykehuset Innlandet HF,2019,hybrid_avtale,8
Sykehuset Innlandet HF,2019,grønn,42
Sykehuset Innlandet HF,2019,deponert,1
Sykehuset Innlandet HF,2019,lukket,42
Sykehuset Innlandet HF,2020,diamant,3
Sykehuset Innlandet HF,2020,gull,68
Sykehuset Innlandet HF,2020,hybrid,14
Sykehuset Innlandet HF,2020,hybrid_avtale,22
Sykehuset Innlandet HF,2020,grønn,15
Sykehuset Innlandet HF,2020,lukket,35
Sykehuset Innlandet HF,2021,diamant,8
Sykehuset Innlandet HF,2021,gull,78
Sykehuset Innlandet HF,2021,hybrid,17
Sykehuset Innlandet HF,2021,hybrid_avtale,19
Sykehuset Innlandet HF,2021,grønn,20
Sykehuset Innlandet HF,2021,deponert,1
Sykehuset Innlandet HF,2021,lukket,13
Sykehuset Innlandet HF,2022,diamant,5
Sykehuset Innlandet HF,2022,gull,81
Sykehuset Innlandet HF,2022,hybrid,22
Sykehuset Innlandet HF,2022,hybrid_avtale,33
Sykehuset Innlandet HF,2022,grønn,19
Sykehuset Innlandet HF,2022,lukket,11
Sykehuset Innlandet HF,2023,diamant,7
Sykehuset Innlandet HF,2023,gull,86
Sykehuset Innlandet HF,2023,hybrid,17
Sykehuset Innlandet HF,2023,hybrid_avtale,27
Sykehuset Innlandet HF,2023,grønn,13
Sykehuset Innlandet HF,2023,lukket,14
Sykehuset Innlandet HF,2024,diamant,3
Sykehuset Innlandet HF,2024,gull,93
Sykehuset Innlandet HF,2024,hybrid,18
Sykehuset Innlandet HF,2024,hybrid_avtale,37
Sykehuset Innlandet HF,2024,grønn,16
Sykehuset Innlandet HF,2024,lukket,17
Sykehuset Innlandet HF,2025,diamant,7
Sykehuset Innlandet HF,2025,gull,79
Sykehuset Innlandet HF,2025,hybrid,15
Sykehuset Innlandet HF,2025,hybrid_avtale,31
Sykehuset Innlandet HF,2025,grønn,10
Sykehuset Innlandet HF,2025,deponert,1
Sykehuset Innlandet HF,2025,lukket,13
Sykehuset Telemark HF,2013,diamant,1
Sykehuset Telemark HF,2013,gull,4
Sykehuset Telemark HF,2013,hybrid,6
Sykehuset Telemark HF,2013,grønn,4
Sykehuset Telemark HF,2013,lukket,25
Sykehuset Telemark HF,2014,diamant,2
Sykehuset Telemark HF,2014,gull,7
Sykehuset Telemark HF,2014,hybrid,5
Sykehuset Telemark HF,2014,grønn,2
Sykehuset Telemark HF,2014,lukket,26
Sykehuset Telemark HF,2015,diamant,3
Sykehuset Telemark HF,2015,gull,11
Sykehuset Telemark HF,2015,hybrid,2
Sykehuset Telemark HF,2015,lukket,28
Sykehuset Telemark HF,2016,diamant,1
Sykehuset Telemark HF,2016,gull,15
Sykehuset Telemark HF,2016,hybrid,8
Sykehuset Telemark HF,2016,grønn,3
Sykehuset Telemark HF,2016,lukket,25
Sykehuset Telemark HF,2017,diamant,2
Sykehuset Telemark HF,2017,gull,12
Sykehuset Telemark HF,2017,hybrid,5
Sykehuset Telemark HF,2017,grønn,5
Sykehuset Telemark HF,2017,lukket,26
Sykehuset Telemark HF,2018,diamant,2
Sykehuset Telemark HF,2018,gull,18
Sykehuset Telemark HF,2018,hybrid,3
Sykehuset Telemark HF,2018,grønn,9
Sykehuset Telemark HF,2018,lukket,18
Sykehuset Telemark HF,2019,diamant,1
Sykehuset Telemark HF,2019,gull,20
Sykehuset Telemark HF,2019,hybrid,8
Sykehuset Telemark HF,2019,grønn,12
Sykehuset Telemark HF,2019,deponert,1
Sykehuset Telemark HF,2019,lukket,16
Sykehuset Telemark HF,2020,gull,18
Sykehuset Telemark HF,2020,hybrid,5
Sykehuset Telemark HF,2020,hybrid_avtale,10
Sykehuset Telemark HF,2020,grønn,5
Sykehuset Telemark HF,2020,lukket,9
Sykehuset Telemark HF,2021,gull,18
Sykehuset Telemark HF,2021,hybrid,4
Sykehuset Telemark HF,2021,hybrid_avtale,7
Sykehuset Telemark HF,2021,grønn,7
Sykehuset Telemark HF,2021,lukket,11
Sykehuset Telemark HF,2022,diamant,3
Sykehuset Telemark HF,2022,gull,18
Sykehuset Telemark HF,2022,hybrid,10
Sykehuset Telemark HF,2022,hybrid_avtale,12
Sykehuset Telemark HF,2022,grønn,5
Sykehuset Telemark HF,2022,lukket,8
Sykehuset Telemark HF,2023,diamant,1
Sykehuset Telemark HF,2023,gull,24
Sykehuset Telemark HF,2023,hybrid,7
Sykehuset Telemark HF,2023,hybrid_avtale,14
Sykehuset Telemark HF,2023,grønn,2
Sykehuset Telemark HF,2023,lukket,8
Sykehuset Telemark HF,2024,gull,23
Sykehuset Telemark HF,2024,hybrid,7
Sykehuset Telemark HF,2024,hybrid_avtale,21
Sykehuset Telemark HF,2024,grønn,6
Sykehuset Telemark HF,2024,lukket,4
Sykehuset Telemark HF,2025,diamant,2
Sykehuset Telemark HF,2025,gull,26
Sykehuset Telemark HF,2025,hybrid,7
Sykehuset Telemark HF,2025,hybrid_avtale,13
Sykehuset Telemark HF,2025,lukket,5
Sykehuset i Vestfold HF,2013,diamant,2
Sykehuset i Vestfold HF,2013,gull,19
Sykehuset i Vestfold HF,2013,hybrid,5
Sykehuset i Vestfold HF,2013,grønn,6
Sykehuset i Vestfold HF,2013,lukket,43
Sykehuset i Vestfold HF,2014,diamant,2
Sykehuset i Vestfold HF,2014,gull,30
Sykehuset i Vestfold HF,2014,hybrid,10
Sykehuset i Vestfold HF,2014,grønn,9
Sykehuset i Vestfold HF,2014,lukket,53
Sykehuset i Vestfold HF,2015,diamant,1
Sykehuset i Vestfold HF,2015,gull,39
Sykehuset i Vestfold HF,2015,hybrid,10
Sykehuset i Vestfold HF,2015,grønn,8
Sykehuset i Vestfold HF,2015,lukket,54
Sykehuset i Vestfold HF,2016,diamant,4
Sykehuset i Vestfold HF,2016,gull,28
Sykehuset i Vestfold HF,2016,hybrid,13
Sykehuset i Vestfold HF,2016,grønn,11
Sykehuset i Vestfold HF,2016,lukket,52
Sykehuset i Vestfold HF,2017,diamant,8
Sykehuset i Vestfold HF,2017,gull,42
Sykehuset i Vestfold HF,2017,hybrid,22
Sykehuset i Vestfold HF,2017,grønn,22
Sykehuset i Vestfold HF,2017,lukket,43
Sykehuset i Vestfold HF,2018,diamant,5
Sykehuset i Vestfold HF,2018,gull,45
Sykehuset i Vestfold HF,2018,hybrid,17
Sykehuset i Vestfold HF,2018,grønn,25
Sykehuset i Vestfold HF,2018,lukket,40
Sykehuset i Vestfold HF,2019,diamant,8
Sykehuset i Vestfold HF,2019,gull,52
Sykehuset i Vestfold HF,2019,hybrid,13
Sykehuset i Vestfold HF,2019,hybrid_avtale,5
Sykehuset i Vestfold HF,2019,grønn,46
Sykehuset i Vestfold HF,2019,deponert,1
Sykehuset i Vestfold HF,2019,lukket,34
Sykehuset i Vestfold HF,2020,diamant,11
Sykehuset i Vestfold HF,2020,gull,64
Sykehuset i Vestfold HF,2020,hybrid,21
Sykehuset i Vestfold HF,2020,hybrid_avtale,22
Sykehuset i Vestfold HF,2020,grønn,20
Sykehuset i Vestfold HF,2020,lukket,26
Sykehuset i Vestfold HF,2021,diamant,6
Sykehuset i Vestfold HF,2021,gull,83
Sykehuset i Vestfold HF,2021,hybrid,15
Sykehuset i Vestfold HF,2021,hybrid_avtale,30
Sykehuset i Vestfold HF,2021,grønn,17
Sykehuset i Vestfold HF,2021,deponert,1
Sykehuset i Vestfold HF,2021,lukket,20
Sykehuset i Vestfold HF,2022,diamant,5
Sykehuset i Vestfold HF,2022,gull,88
Sykehuset i Vestfold HF,2022,hybrid,22
Sykehuset i Vestfold HF,2022,hybrid_avtale,35
Sykehuset i Vestfold HF,2022,grønn,15
Sykehuset i Vestfold HF,2022,lukket,22
Sykehuset i Vestfold HF,2023,diamant,8
Sykehuset i Vestfold HF,2023,gull,87
Sykehuset i Vestfold HF,2023,hybrid,21
Sykehuset i Vestfold HF,2023,hybrid_avtale,38
Sykehuset i Vestfold HF,2023,grønn,14
Sykehuset i Vestfold HF,2023,lukket,17
Sykehuset i Vestfold HF,2024,diamant,6
Sykehuset i Vestfold HF,2024,gull,71
Sykehuset i Vestfold HF,2024,hybrid,17
Sykehuset i Vestfold HF,2024,hybrid_avtale,34
Sykehuset i Vestfold HF,2024,grønn,13
Sykehuset i Vestfold HF,2024,lukket,12
Sykehuset i Vestfold HF,2025,diamant,4
Sykehuset i Vestfold HF,2025,gull,81
Sykehuset i Vestfold HF,2025,hybrid,45
Sykehuset i Vestfold HF,2025,hybrid_avtale,28
Sykehuset i Vestfold HF,2025,grønn,10
Sykehuset i Vestfold HF,2025,deponert,1
Sykehuset i Vestfold HF,2025,lukket,18
Sykehuset Østfold HF,2013,diamant,4
Sykehuset Østfold HF,2013,gull,8
Sykehuset Østfold HF,2013,hybrid,3
Sykehuset Østfold HF,2013,grønn,2
Sykehuset Østfold HF,2013,lukket,33
Sykehuset Østfold HF,2014,diamant,2
Sykehuset Østfold HF,2014,gull,11
Sykehuset Østfold HF,2014,hybrid,4
Sykehuset Østfold HF,2014,lukket,27
Sykehuset Østfold HF,2015,diamant,5
Sykehuset Østfold HF,2015,gull,8
Sykehuset Østfold HF,2015,grønn,2
Sykehuset Østfold HF,2015,lukket,27
Sykehuset Østfold HF,2016,diamant,1
Sykehuset Østfold HF,2016,gull,19
Sykehuset Østfold HF,2016,hybrid,6
Sykehuset Østfold HF,2016,grønn,7
Sykehuset Østfold HF,2016,lukket,46
Sykehuset Østfold HF,2017,diamant,2
Sykehuset Østfold HF,2017,gull,18
Sykehuset Østfold HF,2017,hybrid,7
Sykehuset Østfold HF,2017,grønn,8
Sykehuset Østfold HF,2017,lukket,37
Sykehuset Østfold HF,2018,diamant,1
Sykehuset Østfold HF,2018,gull,19
Sykehuset Østfold HF,2018,hybrid,9
Sykehuset Østfold HF,2018,grønn,13
Sykehuset Østfold HF,2018,lukket,21
Sykehuset Østfold HF,2019,diamant,3
Sykehuset Østfold HF,2019,gull,27
Sykehuset Østfold HF,2019,hybrid,8
Sykehuset Østfold HF,2019,hybrid_avtale,3
Sykehuset Østfold HF,2019,grønn,21
Sykehuset Østfold HF,2019,lukket,20
Sykehuset Østfold HF,2020,diamant,1
Sykehuset Østfold HF,2020,gull,50
Sykehuset Østfold HF,2020,hybrid,19
Sykehuset Østfold HF,2020,hybrid_avtale,18
Sykehuset Østfold HF,2020,grønn,23
Sykehuset Østfold HF,2020,lukket,22
Sykehuset Østfold HF,2021,diamant,3
Sykehuset Østfold HF,2021,gull,43
Sykehuset Østfold HF,2021,hybrid,14
Sykehuset Østfold HF,2021,hybrid_avtale,28
Sykehuset Østfold HF,2021,grønn,13
Sykehuset Østfold HF,2021,lukket,20
Sykehuset Østfold HF,2022,diamant,4
Sykehuset Østfold HF,2022,gull,62
Sykehuset Østfold HF,2022,hybrid,12
Sykehuset Østfold HF,2022,hybrid_avtale,23
Sykehuset Østfold HF,2022,grønn,7
Sykehuset Østfold HF,2022,lukket,18
Sykehuset Østfold HF,2023,diamant,4
Sykehuset Østfold HF,2023,gull,63
Sykehuset Østfold HF,2023,hybrid,18
Sykehuset Østfold HF,2023,hybrid_avtale,27
Sykehuset Østfold HF,2023,grønn,6
Sykehuset Østfold HF,2023,lukket,16
Sykehuset Østfold HF,2024,diamant,5
Sykehuset Østfold HF,2024,gull,57
Sykehuset Østfold HF,2024,hybrid,14
Sykehuset Østfold HF,2024,hybrid_avtale,30
Sykehuset Østfold HF,2024,grønn,3
Sykehuset Østfold HF,2024,lukket,13
Sykehuset Østfold HF,2025,diamant,5
Sykehuset Østfold HF,2025,gull,65
Sykehuset Østfold HF,2025,hybrid,29
Sykehuset Østfold HF,2025,hybrid_avtale,25
Sykehuset Østfold HF,2025,grønn,8
Sykehuset Østfold HF,2025,deponert,4
Sykehuset Østfold HF,2025,lukket,18
Sámi allaskuvla/Sámi University of Applied Sciences,2013,gull,2
Sámi allaskuvla/Sámi University of Applied Sciences,2013,lukket,3
Sámi allaskuvla/Sámi University of Applied Sciences,2014,diamant,2
Sámi allaskuvla/Sámi University of Applied Sciences,2014,grønn,2
Sámi allaskuvla/Sámi University of Applied Sciences,2014,lukket,8
Sámi allaskuvla/Sámi University of Applied Sciences,2015,gull,2
Sámi allaskuvla/Sámi University of Applied Sciences,2015,hybrid,1
Sámi allaskuvla/Sámi University of Applied Sciences,2015,grønn,3
Sámi allaskuvla/Sámi University of Applied Sciences,2015,lukket,14
Sámi allaskuvla/Sámi University of Applied Sciences,2016,diamant,1
Sámi allaskuvla/Sámi University of Applied Sciences,2016,gull,1
Sámi allaskuvla/Sámi University of Applied Sciences,2016,lukket,6
Sámi allaskuvla/Sámi University of Applied Sciences,2017,diamant,5
Sámi allaskuvla/Sámi University of Applied Sciences,2017,gull,2
Sámi allaskuvla/Sámi University of Applied Sciences,2017,grønn,2
Sámi allaskuvla/Sámi University of Applied Sciences,2017,lukket,4
Sámi allaskuvla/Sámi University of Applied Sciences,2018,diamant,4
Sámi allaskuvla/Sámi University of Applied Sciences,2018,gull,1
Sámi allaskuvla/Sámi University of Applied Sciences,2018,lukket,6
Sámi allaskuvla/Sámi University of Applied Sciences,2019,diamant,1
Sámi allaskuvla/Sámi University of Applied Sciences,2019,gull,3
Sámi allaskuvla/Sámi University of Applied Sciences,2019,lukket,6
Sámi allaskuvla/Sámi University of Applied Sciences,2020,diamant,2
Sámi allaskuvla/Sámi University of Applied Sciences,2020,gull,3
Sámi allaskuvla/Sámi University of Applied Sciences,2020,hybrid,2
Sámi allaskuvla/Sámi University of Applied Sciences,2020,hybrid_avtale,1
Sámi allaskuvla/Sámi University of Applied Sciences,2020,grønn,2
Sámi allaskuvla/Sámi University of Applied Sciences,2020,lukket,6
Sámi allaskuvla/Sámi University of Applied Sciences,2021,diamant,3
Sámi allaskuvla/Sámi University of Applied Sciences,2021,grønn,1
Sámi allaskuvla/Sámi University of Applied Sciences,2021,lukket,6
Sámi allaskuvla/Sámi University of Applied Sciences,2022,diamant,3
Sámi allaskuvla/Sámi University of Applied Sciences,2022,gull,3
Sámi allaskuvla/Sámi University of Applied Sciences,2022,hybrid,6
Sámi allaskuvla/Sámi University of Applied Sciences,2022,hybrid_avtale,1
Sámi allaskuvla/Sámi University of Applied Sciences,2022,grønn,2
Sámi allaskuvla/Sámi University of Applied Sciences,2022,lukket,6
Sámi allaskuvla/Sámi University of Applied Sciences,2023,diamant,1
Sámi allaskuvla/Sámi University of Applied Sciences,2023,gull,2
Sámi allaskuvla/Sámi University of Applied Sciences,2023,hybrid,6
Sámi allaskuvla/Sámi University of Applied Sciences,2023,grønn,2
Sámi allaskuvla/Sámi University of Applied Sciences,2023,lukket,4
Sámi allaskuvla/Sámi University of Applied Sciences,2024,diamant,10
Sámi allaskuvla/Sámi University of Applied Sciences,2024,gull,4
Sámi allaskuvla/Sámi University of Applied Sciences,2024,hybrid,1
Sámi allaskuvla/Sámi University of Applied Sciences,2024,lukket,8
Sámi allaskuvla/Sámi University of Applied Sciences,2025,diamant,4
Sámi allaskuvla/Sámi University of Applied Sciences,2025,gull,6
Sámi allaskuvla/Sámi University of Applied Sciences,2025,hybrid_avtale,3
Sámi allaskuvla/Sámi University of Applied Sciences,2025,grønn,2
Sámi allaskuvla/Sámi University of Applied Sciences,2025,lukket,6
Sørlandet sykehus HF,2013,diamant,2
Sørlandet sykehus HF,2013,gull,18
Sørlandet sykehus HF,2013,hybrid,3
Sørlandet sykehus HF,2013,grønn,6
Sørlandet sykehus HF,2013,lukket,52
Sørlandet sykehus HF,2014,diamant,4
Sørlandet sykehus HF,2014,gull,21
Sørlandet sykehus HF,2014,hybrid,10
Sørlandet sykehus HF,2014,grønn,7
Sørlandet sykehus HF,2014,lukket,47
Sørlandet sykehus HF,2015,diamant,3
Sørlandet sykehus HF,2015,gull,24
Sørlandet sykehus HF,2015,hybrid,10
Sørlandet sykehus HF,2015,grønn,3
Sørlandet sykehus HF,2015,lukket,58
Sørlandet sykehus HF,2016,diamant,7
Sørlandet sykehus HF,2016,gull,28
Sørlandet sykehus HF,2016,hybrid,8
Sørlandet sykehus HF,2016,grønn,10
Sørlandet sykehus HF,2016,lukket,51
Sørlandet sykehus HF,2017,diamant,8
Sørlandet sykehus HF,2017,gull,36
Sørlandet sykehus HF,2017,hybrid,9
Sørlandet sykehus HF,2017,grønn,19
Sørlandet sykehus HF,2017,lukket,42
Sørlandet sykehus HF,2018,diamant,6
Sørlandet sykehus HF,2018,gull,37
Sørlandet sykehus HF,2018,hybrid,6
Sørlandet sykehus HF,2018,grønn,25
Sørlandet sykehus HF,2018,lukket,37
Sørlandet sykehus HF,2019,diamant,11
Sørlandet sykehus HF,2019,gull,45
Sørlandet sykehus HF,2019,hybrid,16
Sørlandet sykehus HF,2019,hybrid_avtale,5
Sørlandet sykehus HF,2019,grønn,18
Sørlandet sykehus HF,2019,lukket,34
Sørlandet sykehus HF,2020,diamant,4
Sørlandet sykehus HF,2020,gull,44
Sørlandet sykehus HF,2020,hybrid,11
Sørlandet sykehus HF,2020,hybrid_avtale,20
Sørlandet sykehus HF,2020,grønn,11
Sørlandet sykehus HF,2020,lukket,21
Sørlandet sykehus HF,2021,diamant,6
Sørlandet sykehus HF,2021,gull,50
Sørlandet sykehus HF,2021,hybrid,20
Sørlandet sykehus HF,2021,hybrid_avtale,34
Sørlandet sykehus HF,2021,grønn,17
Sørlandet sykehus HF,2021,lukket,25
Sørlandet sykehus HF,2022,diamant,3
Sørlandet sykehus HF,2022,gull,81
Sørlandet sykehus HF,2022,hybrid,25
Sørlandet sykehus HF,2022,hybrid_avtale,33
Sørlandet sykehus HF,2022,grønn,14
Sørlandet sykehus HF,2022,lukket,13
Sørlandet sykehus HF,2023,diamant,6
Sørlandet sykehus HF,2023,gull,72
Sørlandet sykehus HF,2023,hybrid,22
Sørlandet sykehus HF,2023,hybrid_avtale,33
Sørlandet sykehus HF,2023,grønn,11
Sørlandet sykehus HF,2023,lukket,19
Sørlandet sykehus HF,2024,diamant,5
Sørlandet sykehus HF,2024,gull,75
Sørlandet sykehus HF,2024,hybrid,21
Sørlandet sykehus HF,2024,hybrid_avtale,49
Sørlandet sykehus HF,2024,grønn,6
Sørlandet sykehus HF,2024,lukket,13
Sørlandet sykehus HF,2025,diamant,3
Sørlandet sykehus HF,2025,gull,88
Sørlandet sykehus HF,2025,hybrid,24
Sørlandet sykehus HF,2025,hybrid_avtale,22
Sørlandet sykehus HF,2025,grønn,11
Sørlandet sykehus HF,2025,deponert,1
Sørlandet sykehus HF,2025,lukket,17
Tannhelsetjenestens kompetansesenter Nord-Norge,2025,gull,14
Tannhelsetjenestens kompetansesenter Nord-Norge,2025,hybrid,2
Tannhelsetjenestens kompetansesenter Nord-Norge,2025,hybrid_avtale,1
Tannhelsetjenestens kompetansesenter Nord-Norge,2025,grønn,3
Tannhelsetjenestens kompetansesenter Rogaland,2025,gull,9
Tannhelsetjenestens kompetansesenter Rogaland,2025,hybrid,3
Tannhelsetjenestens kompetansesenter Rogaland,2025,hybrid_avtale,1
Tannhelsetjenestens kompetansesenter Rogaland,2025,grønn,4
Tannhelsetjenestens kompetansesenter Vestland,2025,gull,16
Tannhelsetjenestens kompetansesenter Vestland,2025,hybrid,6
Tannhelsetjenestens kompetansesenter Vestland,2025,grønn,3
Tannhelsetjenestens kompetansesenter Vestland,2025,deponert,1
Tannhelsetjenestens kompetansesenter Øst,2025,gull,7
Tannhelsetjenestens kompetansesenter Øst,2025,hybrid,4
Tannhelsetjenestens kompetansesenter Øst,2025,lukket,6
Tannhelsetjenestens kompetansesentre,2017,gull,9
Tannhelsetjenestens kompetansesentre,2017,grønn,3
Tannhelsetjenestens kompetansesentre,2017,lukket,11
Tannhelsetjenestens kompetansesentre,2018,gull,7
Tannhelsetjenestens kompetansesentre,2018,hybrid,1
Tannhelsetjenestens kompetansesentre,2018,grønn,2
Tannhelsetjenestens kompetansesentre,2018,lukket,13
Tannhelsetjenestens kompetansesentre,2019,diamant,1
Tannhelsetjenestens kompetansesentre,2019,gull,12
Tannhelsetjenestens kompetansesentre,2019,hybrid,2
Tannhelsetjenestens kompetansesentre,2019,hybrid_avtale,3
Tannhelsetjenestens kompetansesentre,2019,grønn,5
Tannhelsetjenestens kompetansesentre,2019,lukket,13
Tannhelsetjenestens kompetansesentre,2020,diamant,1
Tannhelsetjenestens kompetansesentre,2020,gull,18
Tannhelsetjenestens kompetansesentre,2020,hybrid,8
Tannhelsetjenestens kompetansesentre,2020,hybrid_avtale,10
Tannhelsetjenestens kompetansesentre,2020,grønn,4
Tannhelsetjenestens kompetansesentre,2020,lukket,8
Tannhelsetjenestens kompetansesentre,2021,gull,38
Tannhelsetjenestens kompetansesentre,2021,hybrid,11
Tannhelsetjenestens kompetansesentre,2021,hybrid_avtale,10
Tannhelsetjenestens kompetansesentre,2021,grønn,6
Tannhelsetjenestens kompetansesentre,2021,lukket,7
Tannhelsetjenestens kompetansesentre,2022,gull,22
Tannhelsetjenestens kompetansesentre,2022,hybrid,8
Tannhelsetjenestens kompetansesentre,2022,hybrid_avtale,26
Tannhelsetjenestens kompetansesentre,2022,grønn,10
Tannhelsetjenestens kompetansesentre,2022,lukket,6
Tannhelsetjenestens kompetansesentre,2023,gull,33
Tannhelsetjenestens kompetansesentre,2023,hybrid,10
Tannhelsetjenestens kompetansesentre,2023,hybrid_avtale,9
Tannhelsetjenestens kompetansesentre,2023,grønn,2
Tannhelsetjenestens kompetansesentre,2023,lukket,8
Tannhelsetjenestens kompetansesentre,2024,gull,37
Tannhelsetjenestens kompetansesentre,2024,hybrid,10
Tannhelsetjenestens kompetansesentre,2024,hybrid_avtale,17
Tannhelsetjenestens kompetansesentre,2024,grønn,3
Tannhelsetjenestens kompetansesentre,2024,lukket,5
Telemarksforsking,2013,diamant,1
Telemarksforsking,2013,gull,1
Telemarksforsking,2013,lukket,6
Telemarksforsking,2014,diamant,3
Telemarksforsking,2014,grønn,1
Telemarksforsking,2014,lukket,3
Telemarksforsking,2015,diamant,2
Telemarksforsking,2015,gull,1
Telemarksforsking,2015,lukket,7
Telemarksforsking,2016,diamant,1
Telemarksforsking,2016,gull,1
Telemarksforsking,2016,grønn,1
Telemarksforsking,2016,lukket,7
Telemarksforsking,2017,diamant,8
Telemarksforsking,2017,grønn,1
Telemarksforsking,2017,lukket,5
Telemarksforsking,2018,diamant,4
Telemarksforsking,2018,lukket,3
Telemarksforsking,2019,diamant,5
Telemarksforsking,2019,gull,1
Telemarksforsking,2019,grønn,2
Telemarksforsking,2019,lukket,2
Telemarksforsking,2020,diamant,8
Telemarksforsking,2020,lukket,3
Telemarksforsking,2021,diamant,2
Telemarksforsking,2021,gull,2
Telemarksforsking,2021,grønn,2
Telemarksforsking,2021,lukket,9
Telemarksforsking,2022,diamant,10
Telemarksforsking,2022,hybrid_avtale,1
Telemarksforsking,2022,grønn,3
Telemarksforsking,2022,lukket,2
Telemarksforsking,2023,diamant,6
Telemarksforsking,2023,gull,4
Telemarksforsking,2023,lukket,4
Telemarksforsking,2024,diamant,5
Telemarksforsking,2024,gull,2
Telemarksforsking,2024,hybrid,3
Telemarksforsking,2024,hybrid_avtale,2
Telemarksforsking,2024,lukket,7
Telemarksforsking,2025,diamant,6
Telemarksforsking,2025,gull,3
Telemarksforsking,2025,hybrid,1
Telemarksforsking,2025,hybrid_avtale,3
Telemarksforsking,2025,grønn,1
Telemarksforsking,2025,lukket,3
Transportøkonomisk institutt,2013,hybrid,1
Transportøkonomisk institutt,2013,grønn,22
Transportøkonomisk institutt,2013,lukket,12
Transportøkonomisk institutt,2014,diamant,1
Transportøkonomisk institutt,2014,gull,6
Transportøkonomisk institutt,2014,hybrid,1
Transportøkonomisk institutt,2014,grønn,23
Transportøkonomisk institutt,2014,lukket,14
Transportøkonomisk institutt,2015,gull,6
Transportøkonomisk institutt,2015,hybrid,1
Transportøkonomisk institutt,2015,grønn,27
Transportøkonomisk institutt,2015,lukket,14
Transportøkonomisk institutt,2016,diamant,1
Transportøkonomisk institutt,2016,gull,9
Transportøkonomisk institutt,2016,hybrid,5
Transportøkonomisk institutt,2016,grønn,26
Transportøkonomisk institutt,2016,lukket,2
Transportøkonomisk institutt,2017,diamant,1
Transportøkonomisk institutt,2017,gull,14
Transportøkonomisk institutt,2017,hybrid,3
Transportøkonomisk institutt,2017,grønn,33
Transportøkonomisk institutt,2018,gull,3
Transportøkonomisk institutt,2018,hybrid,11
Transportøkonomisk institutt,2018,grønn,34
Transportøkonomisk institutt,2019,diamant,4
Transportøkonomisk institutt,2019,gull,13
Transportøkonomisk institutt,2019,hybrid,2
Transportøkonomisk institutt,2019,hybrid_avtale,20
Transportøkonomisk institutt,2019,grønn,13
Transportøkonomisk institutt,2019,lukket,1
Transportøkonomisk institutt,2020,gull,13
Transportøkonomisk institutt,2020,hybrid_avtale,18
Transportøkonomisk institutt,2020,grønn,12
Transportøkonomisk institutt,2020,lukket,2
Transportøkonomisk institutt,2021,diamant,1
Transportøkonomisk institutt,2021,gull,19
Transportøkonomisk institutt,2021,hybrid,10
Transportøkonomisk institutt,2021,hybrid_avtale,25
Transportøkonomisk institutt,2021,grønn,16
Transportøkonomisk institutt,2021,lukket,1
Transportøkonomisk institutt,2022,gull,25
Transportøkonomisk institutt,2022,hybrid,7
Transportøkonomisk institutt,2022,hybrid_avtale,25
Transportøkonomisk institutt,2022,grønn,5
Transportøkonomisk institutt,2022,lukket,4
Transportøkonomisk institutt,2023,gull,20
Transportøkonomisk institutt,2023,hybrid,12
Transportøkonomisk institutt,2023,hybrid_avtale,28
Transportøkonomisk institutt,2023,grønn,12
Transportøkonomisk institutt,2023,lukket,1
Transportøkonomisk institutt,2024,diamant,6
Transportøkonomisk institutt,2024,gull,19
Transportøkonomisk institutt,2024,hybrid,9
Transportøkonomisk institutt,2024,hybrid_avtale,30
Transportøkonomisk institutt,2024,grønn,6
Transportøkonomisk institutt,2025,diamant,1
Transportøkonomisk institutt,2025,gull,25
Transportøkonomisk institutt,2025,hybrid,10
Transportøkonomisk institutt,2025,hybrid_avtale,25
Transportøkonomisk institutt,2025,grønn,8
Transportøkonomisk institutt,2025,deponert,1
Transportøkonomisk institutt,2025,lukket,1
UiT Norges arktiske universitet,2013,diamant,43
UiT Norges arktiske universitet,2013,gull,219
UiT Norges arktiske universitet,2013,hybrid,66
UiT Norges arktiske universitet,2013,grønn,191
UiT Norges arktiske universitet,2013,lukket,835
UiT Norges arktiske universitet,2014,diamant,90
UiT Norges arktiske universitet,2014,gull,250
UiT Norges arktiske universitet,2014,hybrid,84
UiT Norges arktiske universitet,2014,grønn,257
UiT Norges arktiske universitet,2014,lukket,755
UiT Norges arktiske universitet,2015,diamant,75
UiT Norges arktiske universitet,2015,gull,313
UiT Norges arktiske universitet,2015,hybrid,127
UiT Norges arktiske universitet,2015,grønn,304
UiT Norges arktiske universitet,2015,deponert,2
UiT Norges arktiske universitet,2015,lukket,782
UiT Norges arktiske universitet,2016,diamant,85
UiT Norges arktiske universitet,2016,gull,367
UiT Norges arktiske universitet,2016,hybrid,116
UiT Norges arktiske universitet,2016,grønn,353
UiT Norges arktiske universitet,2016,deponert,1
UiT Norges arktiske universitet,2016,lukket,715
UiT Norges arktiske universitet,2017,diamant,89
UiT Norges arktiske universitet,2017,gull,387
UiT Norges arktiske universitet,2017,hybrid,134
UiT Norges arktiske universitet,2017,grønn,518
UiT Norges arktiske universitet,2017,lukket,529
UiT Norges arktiske universitet,2018,diamant,108
UiT Norges arktiske universitet,2018,gull,519
UiT Norges arktiske universitet,2018,hybrid,151
UiT Norges arktiske universitet,2018,grønn,548
UiT Norges arktiske universitet,2018,lukket,493
UiT Norges arktiske universitet,2019,diamant,121
UiT Norges arktiske universitet,2019,gull,556
UiT Norges arktiske universitet,2019,hybrid,147
UiT Norges arktiske universitet,2019,hybrid_avtale,102
UiT Norges arktiske universitet,2019,grønn,690
UiT Norges arktiske universitet,2019,lukket,252
UiT Norges arktiske universitet,2020,diamant,127
UiT Norges arktiske universitet,2020,gull,675
UiT Norges arktiske universitet,2020,hybrid,170
UiT Norges arktiske universitet,2020,hybrid_avtale,350
UiT Norges arktiske universitet,2020,grønn,475
UiT Norges arktiske universitet,2020,lukket,214
UiT Norges arktiske universitet,2021,diamant,117
UiT Norges arktiske universitet,2021,gull,851
UiT Norges arktiske universitet,2021,hybrid,227
UiT Norges arktiske universitet,2021,hybrid_avtale,383
UiT Norges arktiske universitet,2021,grønn,408
UiT Norges arktiske universitet,2021,deponert,1
UiT Norges arktiske universitet,2021,lukket,184
UiT Norges arktiske universitet,2022,diamant,143
UiT Norges arktiske universitet,2022,gull,860
UiT Norges arktiske universitet,2022,hybrid,226
UiT Norges arktiske universitet,2022,hybrid_avtale,385
UiT Norges arktiske universitet,2022,grønn,403
UiT Norges arktiske universitet,2022,lukket,156
UiT Norges arktiske universitet,2023,diamant,121
UiT Norges arktiske universitet,2023,gull,819
UiT Norges arktiske universitet,2023,hybrid,253
UiT Norges arktiske universitet,2023,hybrid_avtale,403
UiT Norges arktiske universitet,2023,grønn,353
UiT Norges arktiske universitet,2023,deponert,1
UiT Norges arktiske universitet,2023,lukket,96
UiT Norges arktiske universitet,2024,diamant,97
UiT Norges arktiske universitet,2024,gull,768
UiT Norges arktiske universitet,2024,hybrid,257
UiT Norges arktiske universitet,2024,hybrid_avtale,400
UiT Norges arktiske universitet,2024,grønn,293
UiT Norges arktiske universitet,2024,deponert,1
UiT Norges arktiske universitet,2024,lukket,76
UiT Norges arktiske universitet,2025,diamant,87
UiT Norges arktiske universitet,2025,gull,845
UiT Norges arktiske universitet,2025,hybrid,300
UiT Norges arktiske universitet,2025,hybrid_avtale,362
UiT Norges arktiske universitet,2025,grønn,292
UiT Norges arktiske universitet,2025,deponert,42
UiT Norges arktiske universitet,2025,lukket,94
Unicare,2022,gull,2
Unicare,2022,hybrid,1
Unicare,2022,hybrid_avtale,3
Unicare,2022,grønn,1
Unicare,2023,gull,9
Unicare,2023,hybrid,1
Unicare,2023,hybrid_avtale,4
Unicare,2023,grønn,1
Unicare,2024,gull,11
Unicare,2024,hybrid,1
Unicare,2024,hybrid_avtale,3
Unicare,2024,grønn,2
Unicare,2024,lukket,1
Universitetet i Agder,2013,diamant,13
Universitetet i Agder,2013,gull,66
Universitetet i Agder,2013,hybrid,54
Universitetet i Agder,2013,grønn,102
Universitetet i Agder,2013,lukket,247
Universitetet i Agder,2014,diamant,17
Universitetet i Agder,2014,gull,91
Universitetet i Agder,2014,hybrid,40
Universitetet i Agder,2014,grønn,112
Universitetet i Agder,2014,lukket,246
Universitetet i Agder,2015,diamant,22
Universitetet i Agder,2015,gull,60
Universitetet i Agder,2015,hybrid,12
Universitetet i Agder,2015,grønn,93
Universitetet i Agder,2015,lukket,288
Universitetet i Agder,2016,diamant,21
Universitetet i Agder,2016,gull,72
Universitetet i Agder,2016,hybrid,15
Universitetet i Agder,2016,grønn,102
Universitetet i Agder,2016,lukket,246
Universitetet i Agder,2017,diamant,45
Universitetet i Agder,2017,gull,82
Universitetet i Agder,2017,hybrid,42
Universitetet i Agder,2017,grønn,124
Universitetet i Agder,2017,lukket,247
Universitetet i Agder,2018,diamant,40
Universitetet i Agder,2018,gull,85
Universitetet i Agder,2018,hybrid,38
Universitetet i Agder,2018,grønn,142
Universitetet i Agder,2018,deponert,1
Universitetet i Agder,2018,lukket,239
Universitetet i Agder,2019,diamant,31
Universitetet i Agder,2019,gull,120
Universitetet i Agder,2019,hybrid,43
Universitetet i Agder,2019,hybrid_avtale,30
Universitetet i Agder,2019,grønn,162
Universitetet i Agder,2019,deponert,1
Universitetet i Agder,2019,lukket,209
Universitetet i Agder,2020,diamant,57
Universitetet i Agder,2020,gull,145
Universitetet i Agder,2020,hybrid,46
Universitetet i Agder,2020,hybrid_avtale,123
Universitetet i Agder,2020,grønn,204
Universitetet i Agder,2020,lukket,169
Universitetet i Agder,2021,diamant,68
Universitetet i Agder,2021,gull,226
Universitetet i Agder,2021,hybrid,72
Universitetet i Agder,2021,hybrid_avtale,204
Universitetet i Agder,2021,grønn,176
Universitetet i Agder,2021,lukket,185
Universitetet i Agder,2022,diamant,46
Universitetet i Agder,2022,gull,275
Universitetet i Agder,2022,hybrid,140
Universitetet i Agder,2022,hybrid_avtale,149
Universitetet i Agder,2022,grønn,119
Universitetet i Agder,2022,lukket,198
Universitetet i Agder,2023,diamant,74
Universitetet i Agder,2023,gull,278
Universitetet i Agder,2023,hybrid,105
Universitetet i Agder,2023,hybrid_avtale,159
Universitetet i Agder,2023,grønn,101
Universitetet i Agder,2023,deponert,1
Universitetet i Agder,2023,lukket,212
Universitetet i Agder,2024,diamant,63
Universitetet i Agder,2024,gull,278
Universitetet i Agder,2024,hybrid,97
Universitetet i Agder,2024,hybrid_avtale,180
Universitetet i Agder,2024,grønn,80
Universitetet i Agder,2024,lukket,202
Universitetet i Agder,2025,diamant,61
Universitetet i Agder,2025,gull,290
Universitetet i Agder,2025,hybrid,133
Universitetet i Agder,2025,hybrid_avtale,140
Universitetet i Agder,2025,grønn,118
Universitetet i Agder,2025,deponert,18
Universitetet i Agder,2025,lukket,167
Universitetet i Bergen,2013,diamant,55
Universitetet i Bergen,2013,gull,365
Universitetet i Bergen,2013,hybrid,215
Universitetet i Bergen,2013,grønn,262
Universitetet i Bergen,2013,deponert,2
Universitetet i Bergen,2013,lukket,1689
Universitetet i Bergen,2014,diamant,124
Universitetet i Bergen,2014,gull,437
Universitetet i Bergen,2014,hybrid,263
Universitetet i Bergen,2014,grønn,323
Universitetet i Bergen,2014,lukket,1344
Universitetet i Bergen,2015,diamant,154
Universitetet i Bergen,2015,gull,480
Universitetet i Bergen,2015,hybrid,371
Universitetet i Bergen,2015,grønn,260
Universitetet i Bergen,2015,deponert,1
Universitetet i Bergen,2015,lukket,1377
Universitetet i Bergen,2016,diamant,199
Universitetet i Bergen,2016,gull,554
Universitetet i Bergen,2016,hybrid,405
Universitetet i Bergen,2016,grønn,295
Universitetet i Bergen,2016,lukket,1303
Universitetet i Bergen,2017,diamant,161
Universitetet i Bergen,2017,gull,679
Universitetet i Bergen,2017,hybrid,380
Universitetet i Bergen,2017,grønn,373
Universitetet i Bergen,2017,deponert,1
Universitetet i Bergen,2017,lukket,1224
Universitetet i Bergen,2018,diamant,180
Universitetet i Bergen,2018,gull,727
Universitetet i Bergen,2018,hybrid,433
Universitetet i Bergen,2018,grønn,412
Universitetet i Bergen,2018,deponert,1
Universitetet i Bergen,2018,lukket,1208
Universitetet i Bergen,2019,diamant,224
Universitetet i Bergen,2019,gull,824
Universitetet i Bergen,2019,hybrid,385
Universitetet i Bergen,2019,hybrid_avtale,183
Universitetet i Bergen,2019,grønn,712
Universitetet i Bergen,2019,lukket,762
Universitetet i Bergen,2020,diamant,229
Universitetet i Bergen,2020,gull,967
Universitetet i Bergen,2020,hybrid,337
Universitetet i Bergen,2020,hybrid_avtale,536
Universitetet i Bergen,2020,grønn,523
Universitetet i Bergen,2020,lukket,574
Universitetet i Bergen,2021,diamant,219
Universitetet i Bergen,2021,gull,1091
Universitetet i Bergen,2021,hybrid,406
Universitetet i Bergen,2021,hybrid_avtale,678
Universitetet i Bergen,2021,grønn,407
Universitetet i Bergen,2021,deponert,2
Universitetet i Bergen,2021,lukket,525
Universitetet i Bergen,2022,diamant,166
Universitetet i Bergen,2022,gull,1137
Universitetet i Bergen,2022,hybrid,397
Universitetet i Bergen,2022,hybrid_avtale,602
Universitetet i Bergen,2022,grønn,345
Universitetet i Bergen,2022,lukket,383
Universitetet i Bergen,2023,diamant,289
Universitetet i Bergen,2023,gull,1091
Universitetet i Bergen,2023,hybrid,453
Universitetet i Bergen,2023,hybrid_avtale,660
Universitetet i Bergen,2023,grønn,260
Universitetet i Bergen,2023,lukket,374
Universitetet i Bergen,2024,diamant,215
Universitetet i Bergen,2024,gull,1122
Universitetet i Bergen,2024,hybrid,461
Universitetet i Bergen,2024,hybrid_avtale,729
Universitetet i Bergen,2024,grønn,235
Universitetet i Bergen,2024,deponert,2
Universitetet i Bergen,2024,lukket,280
Universitetet i Bergen,2025,diamant,259
Universitetet i Bergen,2025,gull,1132
Universitetet i Bergen,2025,hybrid,475
Universitetet i Bergen,2025,hybrid_avtale,537
Universitetet i Bergen,2025,grønn,297
Universitetet i Bergen,2025,deponert,114
Universitetet i Bergen,2025,lukket,213
Universitetet i Innlandet,2013,diamant,12
Universitetet i Innlandet,2013,gull,21
Universitetet i Innlandet,2013,hybrid,5
Universitetet i Innlandet,2013,grønn,27
Universitetet i Innlandet,2013,lukket,115
Universitetet i Innlandet,2014,diamant,18
Universitetet i Innlandet,2014,gull,35
Universitetet i Innlandet,2014,hybrid,11
Universitetet i Innlandet,2014,grønn,40
Universitetet i Innlandet,2014,lukket,125
Universitetet i Innlandet,2015,diamant,20
Universitetet i Innlandet,2015,gull,43
Universitetet i Innlandet,2015,hybrid,15
Universitetet i Innlandet,2015,grønn,16
Universitetet i Innlandet,2015,lukket,131
Universitetet i Innlandet,2016,diamant,17
Universitetet i Innlandet,2016,gull,55
Universitetet i Innlandet,2016,hybrid,18
Universitetet i Innlandet,2016,grønn,37
Universitetet i Innlandet,2016,lukket,133
Universitetet i Innlandet,2017,diamant,27
Universitetet i Innlandet,2017,gull,61
Universitetet i Innlandet,2017,hybrid,12
Universitetet i Innlandet,2017,grønn,64
Universitetet i Innlandet,2017,lukket,139
Universitetet i Innlandet,2018,diamant,33
Universitetet i Innlandet,2018,gull,70
Universitetet i Innlandet,2018,hybrid,20
Universitetet i Innlandet,2018,grønn,86
Universitetet i Innlandet,2018,lukket,105
Universitetet i Innlandet,2019,diamant,30
Universitetet i Innlandet,2019,gull,86
Universitetet i Innlandet,2019,hybrid,15
Universitetet i Innlandet,2019,hybrid_avtale,17
Universitetet i Innlandet,2019,grønn,115
Universitetet i Innlandet,2019,deponert,1
Universitetet i Innlandet,2019,lukket,98
Universitetet i Innlandet,2020,diamant,46
Universitetet i Innlandet,2020,gull,117
Universitetet i Innlandet,2020,hybrid,17
Universitetet i Innlandet,2020,hybrid_avtale,58
Universitetet i Innlandet,2020,grønn,63
Universitetet i Innlandet,2020,lukket,73
Universitetet i Innlandet,2021,diamant,42
Universitetet i Innlandet,2021,gull,156
Universitetet i Innlandet,2021,hybrid,47
Universitetet i Innlandet,2021,hybrid_avtale,78
Universitetet i Innlandet,2021,grønn,70
Universitetet i Innlandet,2021,lukket,64
Universitetet i Innlandet,2022,diamant,47
Universitetet i Innlandet,2022,gull,164
Universitetet i Innlandet,2022,hybrid,58
Universitetet i Innlandet,2022,hybrid_avtale,81
Universitetet i Innlandet,2022,grønn,69
Universitetet i Innlandet,2022,lukket,42
Universitetet i Innlandet,2023,diamant,48
Universitetet i Innlandet,2023,gull,200
Universitetet i Innlandet,2023,hybrid,79
Universitetet i Innlandet,2023,hybrid_avtale,127
Universitetet i Innlandet,2023,grønn,61
Universitetet i Innlandet,2023,lukket,86
Universitetet i Innlandet,2024,diamant,69
Universitetet i Innlandet,2024,gull,218
Universitetet i Innlandet,2024,hybrid,99
Universitetet i Innlandet,2024,hybrid_avtale,152
Universitetet i Innlandet,2024,grønn,58
Universitetet i Innlandet,2024,deponert,1
Universitetet i Innlandet,2024,lukket,104
Universitetet i Innlandet,2025,diamant,70
Universitetet i Innlandet,2025,gull,204
Universitetet i Innlandet,2025,hybrid,96
Universitetet i Innlandet,2025,hybrid_avtale,133
Universitetet i Innlandet,2025,grønn,67
Universitetet i Innlandet,2025,deponert,17
Universitetet i Innlandet,2025,lukket,45
Universitetet i Oslo,2013,diamant,84
Universitetet i Oslo,2013,gull,584
Universitetet i Oslo,2013,hybrid,278
Universitetet i Oslo,2013,grønn,511
Universitetet i Oslo,2013,deponert,1
Universitetet i Oslo,2013,lukket,2702
Universitetet i Oslo,2014,diamant,191
Universitetet i Oslo,2014,gull,697
Universitetet i Oslo,2014,hybrid,323
Universitetet i Oslo,2014,grønn,622
Universitetet i Oslo,2014,lukket,2625
Universitetet i Oslo,2015,diamant,204
Universitetet i Oslo,2015,gull,770
Universitetet i Oslo,2015,hybrid,373
Universitetet i Oslo,2015,grønn,659
Universitetet i Oslo,2015,lukket,2643
Universitetet i Oslo,2016,diamant,320
Universitetet i Oslo,2016,gull,918
Universitetet i Oslo,2016,hybrid,424
Universitetet i Oslo,2016,grønn,878
Universitetet i Oslo,2016,deponert,1
Universitetet i Oslo,2016,lukket,2508
Universitetet i Oslo,2017,diamant,286
Universitetet i Oslo,2017,gull,1128
Universitetet i Oslo,2017,hybrid,453
Universitetet i Oslo,2017,grønn,1726
Universitetet i Oslo,2017,deponert,1
Universitetet i Oslo,2017,lukket,1615
Universitetet i Oslo,2018,diamant,354
Universitetet i Oslo,2018,gull,1124
Universitetet i Oslo,2018,hybrid,562
Universitetet i Oslo,2018,grønn,1936
Universitetet i Oslo,2018,deponert,4
Universitetet i Oslo,2018,lukket,1470
Universitetet i Oslo,2019,diamant,362
Universitetet i Oslo,2019,gull,1339
Universitetet i Oslo,2019,hybrid,572
Universitetet i Oslo,2019,hybrid_avtale,305
Universitetet i Oslo,2019,grønn,1883
Universitetet i Oslo,2019,deponert,3
Universitetet i Oslo,2019,lukket,1179
Universitetet i Oslo,2020,diamant,345
Universitetet i Oslo,2020,gull,1491
Universitetet i Oslo,2020,hybrid,620
Universitetet i Oslo,2020,hybrid_avtale,987
Universitetet i Oslo,2020,grønn,1316
Universitetet i Oslo,2020,deponert,8
Universitetet i Oslo,2020,lukket,919
Universitetet i Oslo,2021,diamant,337
Universitetet i Oslo,2021,gull,1834
Universitetet i Oslo,2021,hybrid,779
Universitetet i Oslo,2021,hybrid_avtale,1226
Universitetet i Oslo,2021,grønn,1022
Universitetet i Oslo,2021,deponert,2
Universitetet i Oslo,2021,lukket,953
Universitetet i Oslo,2022,diamant,319
Universitetet i Oslo,2022,gull,1972
Universitetet i Oslo,2022,hybrid,769
Universitetet i Oslo,2022,hybrid_avtale,1243
Universitetet i Oslo,2022,grønn,873
Universitetet i Oslo,2022,deponert,7
Universitetet i Oslo,2022,lukket,733
Universitetet i Oslo,2023,diamant,487
Universitetet i Oslo,2023,gull,1953
Universitetet i Oslo,2023,hybrid,891
Universitetet i Oslo,2023,hybrid_avtale,1314
Universitetet i Oslo,2023,grønn,710
Universitetet i Oslo,2023,deponert,4
Universitetet i Oslo,2023,lukket,676
Universitetet i Oslo,2024,diamant,478
Universitetet i Oslo,2024,gull,1919
Universitetet i Oslo,2024,hybrid,862
Universitetet i Oslo,2024,hybrid_avtale,1355
Universitetet i Oslo,2024,grønn,610
Universitetet i Oslo,2024,deponert,10
Universitetet i Oslo,2024,lukket,676
Universitetet i Oslo,2025,diamant,490
Universitetet i Oslo,2025,gull,1836
Universitetet i Oslo,2025,hybrid,938
Universitetet i Oslo,2025,hybrid_avtale,1134
Universitetet i Oslo,2025,grønn,649
Universitetet i Oslo,2025,deponert,266
Universitetet i Oslo,2025,lukket,545
Universitetet i Stavanger,2013,diamant,8
Universitetet i Stavanger,2013,gull,33
Universitetet i Stavanger,2013,hybrid,10
Universitetet i Stavanger,2013,grønn,45
Universitetet i Stavanger,2013,lukket,309
Universitetet i Stavanger,2014,diamant,20
Universitetet i Stavanger,2014,gull,42
Universitetet i Stavanger,2014,hybrid,16
Universitetet i Stavanger,2014,grønn,45
Universitetet i Stavanger,2014,lukket,326
Universitetet i Stavanger,2015,diamant,17
Universitetet i Stavanger,2015,gull,48
Universitetet i Stavanger,2015,hybrid,31
Universitetet i Stavanger,2015,grønn,60
Universitetet i Stavanger,2015,deponert,1
Universitetet i Stavanger,2015,lukket,366
Universitetet i Stavanger,2016,diamant,25
Universitetet i Stavanger,2016,gull,67
Universitetet i Stavanger,2016,hybrid,26
Universitetet i Stavanger,2016,grønn,73
Universitetet i Stavanger,2016,lukket,389
Universitetet i Stavanger,2017,diamant,43
Universitetet i Stavanger,2017,gull,142
Universitetet i Stavanger,2017,hybrid,37
Universitetet i Stavanger,2017,grønn,105
Universitetet i Stavanger,2017,lukket,390
Universitetet i Stavanger,2018,diamant,48
Universitetet i Stavanger,2018,gull,139
Universitetet i Stavanger,2018,hybrid,63
Universitetet i Stavanger,2018,grønn,116
Universitetet i Stavanger,2018,deponert,1
Universitetet i Stavanger,2018,lukket,454
Universitetet i Stavanger,2019,diamant,68
Universitetet i Stavanger,2019,gull,209
Universitetet i Stavanger,2019,hybrid,71
Universitetet i Stavanger,2019,hybrid_avtale,55
Universitetet i Stavanger,2019,grønn,143
Universitetet i Stavanger,2019,lukket,407
Universitetet i Stavanger,2020,diamant,60
Universitetet i Stavanger,2020,gull,239
Universitetet i Stavanger,2020,hybrid,69
Universitetet i Stavanger,2020,hybrid_avtale,208
Universitetet i Stavanger,2020,grønn,135
Universitetet i Stavanger,2020,deponert,1
Universitetet i Stavanger,2020,lukket,295
Universitetet i Stavanger,2021,diamant,63
Universitetet i Stavanger,2021,gull,321
Universitetet i Stavanger,2021,hybrid,90
Universitetet i Stavanger,2021,hybrid_avtale,259
Universitetet i Stavanger,2021,grønn,151
Universitetet i Stavanger,2021,deponert,1
Universitetet i Stavanger,2021,lukket,264
Universitetet i Stavanger,2022,diamant,79
Universitetet i Stavanger,2022,gull,323
Universitetet i Stavanger,2022,hybrid,108
Universitetet i Stavanger,2022,hybrid_avtale,270
Universitetet i Stavanger,2022,grønn,125
Universitetet i Stavanger,2022,lukket,270
Universitetet i Stavanger,2023,diamant,69
Universitetet i Stavanger,2023,gull,390
Universitetet i Stavanger,2023,hybrid,124
Universitetet i Stavanger,2023,hybrid_avtale,280
Universitetet i Stavanger,2023,grønn,107
Universitetet i Stavanger,2023,lukket,248
Universitetet i Stavanger,2024,diamant,94
Universitetet i Stavanger,2024,gull,309
Universitetet i Stavanger,2024,hybrid,149
Universitetet i Stavanger,2024,hybrid_avtale,285
Universitetet i Stavanger,2024,grønn,74
Universitetet i Stavanger,2024,lukket,284
Universitetet i Stavanger,2025,diamant,100
Universitetet i Stavanger,2025,gull,354
Universitetet i Stavanger,2025,hybrid,129
Universitetet i Stavanger,2025,hybrid_avtale,224
Universitetet i Stavanger,2025,grønn,106
Universitetet i Stavanger,2025,deponert,23
Universitetet i Stavanger,2025,lukket,198
Universitetet i Sørøst-Norge,2013,diamant,26
Universitetet i Sørøst-Norge,2013,gull,56
Universitetet i Sørøst-Norge,2013,hybrid,31
Universitetet i Sørøst-Norge,2013,grønn,40
Universitetet i Sørøst-Norge,2013,lukket,260
Universitetet i Sørøst-Norge,2014,diamant,44
Universitetet i Sørøst-Norge,2014,gull,93
Universitetet i Sørøst-Norge,2014,hybrid,22
Universitetet i Sørøst-Norge,2014,grønn,65
Universitetet i Sørøst-Norge,2014,deponert,1
Universitetet i Sørøst-Norge,2014,lukket,240
Universitetet i Sørøst-Norge,2015,diamant,45
Universitetet i Sørøst-Norge,2015,gull,73
Universitetet i Sørøst-Norge,2015,hybrid,32
Universitetet i Sørøst-Norge,2015,grønn,70
Universitetet i Sørøst-Norge,2015,lukket,214
Universitetet i Sørøst-Norge,2016,diamant,47
Universitetet i Sørøst-Norge,2016,gull,88
Universitetet i Sørøst-Norge,2016,hybrid,44
Universitetet i Sørøst-Norge,2016,grønn,75
Universitetet i Sørøst-Norge,2016,lukket,237
Universitetet i Sørøst-Norge,2017,diamant,56
Universitetet i Sørøst-Norge,2017,gull,113
Universitetet i Sørøst-Norge,2017,hybrid,74
Universitetet i Sørøst-Norge,2017,grønn,130
Universitetet i Sørøst-Norge,2017,lukket,228
Universitetet i Sørøst-Norge,2018,diamant,73
Universitetet i Sørøst-Norge,2018,gull,113
Universitetet i Sørøst-Norge,2018,hybrid,45
Universitetet i Sørøst-Norge,2018,grønn,128
Universitetet i Sørøst-Norge,2018,lukket,245
Universitetet i Sørøst-Norge,2019,diamant,80
Universitetet i Sørøst-Norge,2019,gull,174
Universitetet i Sørøst-Norge,2019,hybrid,86
Universitetet i Sørøst-Norge,2019,hybrid_avtale,33
Universitetet i Sørøst-Norge,2019,grønn,195
Universitetet i Sørøst-Norge,2019,lukket,159
Universitetet i Sørøst-Norge,2020,diamant,106
Universitetet i Sørøst-Norge,2020,gull,229
Universitetet i Sørøst-Norge,2020,hybrid,54
Universitetet i Sørøst-Norge,2020,hybrid_avtale,124
Universitetet i Sørøst-Norge,2020,grønn,142
Universitetet i Sørøst-Norge,2020,lukket,181
Universitetet i Sørøst-Norge,2021,diamant,99
Universitetet i Sørøst-Norge,2021,gull,250
Universitetet i Sørøst-Norge,2021,hybrid,106
Universitetet i Sørøst-Norge,2021,hybrid_avtale,107
Universitetet i Sørøst-Norge,2021,grønn,154
Universitetet i Sørøst-Norge,2021,deponert,1
Universitetet i Sørøst-Norge,2021,lukket,145
Universitetet i Sørøst-Norge,2022,diamant,88
Universitetet i Sørøst-Norge,2022,gull,223
Universitetet i Sørøst-Norge,2022,hybrid,100
Universitetet i Sørøst-Norge,2022,hybrid_avtale,115
Universitetet i Sørøst-Norge,2022,grønn,79
Universitetet i Sørøst-Norge,2022,lukket,179
Universitetet i Sørøst-Norge,2023,diamant,103
Universitetet i Sørøst-Norge,2023,gull,249
Universitetet i Sørøst-Norge,2023,hybrid,123
Universitetet i Sørøst-Norge,2023,hybrid_avtale,150
Universitetet i Sørøst-Norge,2023,grønn,93
Universitetet i Sørøst-Norge,2023,deponert,4
Universitetet i Sørøst-Norge,2023,lukket,169
Universitetet i Sørøst-Norge,2024,diamant,115
Universitetet i Sørøst-Norge,2024,gull,217
Universitetet i Sørøst-Norge,2024,hybrid,97
Universitetet i Sørøst-Norge,2024,hybrid_avtale,171
Universitetet i Sørøst-Norge,2024,grønn,49
Universitetet i Sørøst-Norge,2024,lukket,126
Universitetet i Sørøst-Norge,2025,diamant,104
Universitetet i Sørøst-Norge,2025,gull,298
Universitetet i Sørøst-Norge,2025,hybrid,95
Universitetet i Sørøst-Norge,2025,hybrid_avtale,150
Universitetet i Sørøst-Norge,2025,grønn,77
Universitetet i Sørøst-Norge,2025,deponert,68
Universitetet i Sørøst-Norge,2025,lukket,98
Universitetssenteret på Svalbard,2013,diamant,1
Universitetssenteret på Svalbard,2013,gull,15
Universitetssenteret på Svalbard,2013,hybrid,7
Universitetssenteret på Svalbard,2013,grønn,10
Universitetssenteret på Svalbard,2013,lukket,59
Universitetssenteret på Svalbard,2014,diamant,1
Universitetssenteret på Svalbard,2014,gull,15
Universitetssenteret på Svalbard,2014,hybrid,11
Universitetssenteret på Svalbard,2014,grønn,12
Universitetssenteret på Svalbard,2014,lukket,58
Universitetssenteret på Svalbard,2015,diamant,2
Universitetssenteret på Svalbard,2015,gull,21
Universitetssenteret på Svalbard,2015,hybrid,15
Universitetssenteret på Svalbard,2015,grønn,14
Universitetssenteret på Svalbard,2015,lukket,68
Universitetssenteret på Svalbard,2016,diamant,1
Universitetssenteret på Svalbard,2016,gull,35
Universitetssenteret på Svalbard,2016,hybrid,18
Universitetssenteret på Svalbard,2016,grønn,13
Universitetssenteret på Svalbard,2016,lukket,80
Universitetssenteret på Svalbard,2017,diamant,3
Universitetssenteret på Svalbard,2017,gull,40
Universitetssenteret på Svalbard,2017,hybrid,12
Universitetssenteret på Svalbard,2017,grønn,31
Universitetssenteret på Svalbard,2017,lukket,68
Universitetssenteret på Svalbard,2018,diamant,6
Universitetssenteret på Svalbard,2018,gull,31
Universitetssenteret på Svalbard,2018,hybrid,24
Universitetssenteret på Svalbard,2018,grønn,40
Universitetssenteret på Svalbard,2018,lukket,64
Universitetssenteret på Svalbard,2019,diamant,8
Universitetssenteret på Svalbard,2019,gull,34
Universitetssenteret på Svalbard,2019,hybrid,19
Universitetssenteret på Svalbard,2019,hybrid_avtale,20
Universitetssenteret på Svalbard,2019,grønn,32
Universitetssenteret på Svalbard,2019,lukket,43
Universitetssenteret på Svalbard,2020,diamant,4
Universitetssenteret på Svalbard,2020,gull,41
Universitetssenteret på Svalbard,2020,hybrid,16
Universitetssenteret på Svalbard,2020,hybrid_avtale,39
Universitetssenteret på Svalbard,2020,grønn,23
Universitetssenteret på Svalbard,2020,lukket,31
Universitetssenteret på Svalbard,2021,diamant,3
Universitetssenteret på Svalbard,2021,gull,67
Universitetssenteret på Svalbard,2021,hybrid,29
Universitetssenteret på Svalbard,2021,hybrid_avtale,37
Universitetssenteret på Svalbard,2021,grønn,13
Universitetssenteret på Svalbard,2021,lukket,28
Universitetssenteret på Svalbard,2022,diamant,7
Universitetssenteret på Svalbard,2022,gull,59
Universitetssenteret på Svalbard,2022,hybrid,22
Universitetssenteret på Svalbard,2022,hybrid_avtale,18
Universitetssenteret på Svalbard,2022,grønn,14
Universitetssenteret på Svalbard,2022,lukket,17
Universitetssenteret på Svalbard,2023,diamant,5
Universitetssenteret på Svalbard,2023,gull,54
Universitetssenteret på Svalbard,2023,hybrid,24
Universitetssenteret på Svalbard,2023,hybrid_avtale,41
Universitetssenteret på Svalbard,2023,grønn,5
Universitetssenteret på Svalbard,2023,deponert,1
Universitetssenteret på Svalbard,2023,lukket,19
Universitetssenteret på Svalbard,2024,diamant,2
Universitetssenteret på Svalbard,2024,gull,69
Universitetssenteret på Svalbard,2024,hybrid,23
Universitetssenteret på Svalbard,2024,hybrid_avtale,25
Universitetssenteret på Svalbard,2024,grønn,10
Universitetssenteret på Svalbard,2024,lukket,10
Universitetssenteret på Svalbard,2025,diamant,1
Universitetssenteret på Svalbard,2025,gull,60
Universitetssenteret på Svalbard,2025,hybrid,34
Universitetssenteret på Svalbard,2025,hybrid_avtale,20
Universitetssenteret på Svalbard,2025,grønn,20
Universitetssenteret på Svalbard,2025,deponert,1
Universitetssenteret på Svalbard,2025,lukket,5
Universitetssykehuset Nord-Norge HF,2013,diamant,6
Universitetssykehuset Nord-Norge HF,2013,gull,67
Universitetssykehuset Nord-Norge HF,2013,hybrid,13
Universitetssykehuset Nord-Norge HF,2013,grønn,29
Universitetssykehuset Nord-Norge HF,2013,lukket,154
Universitetssykehuset Nord-Norge HF,2014,diamant,9
Universitetssykehuset Nord-Norge HF,2014,gull,88
Universitetssykehuset Nord-Norge HF,2014,hybrid,21
Universitetssykehuset Nord-Norge HF,2014,grønn,42
Universitetssykehuset Nord-Norge HF,2014,lukket,136
Universitetssykehuset Nord-Norge HF,2015,diamant,4
Universitetssykehuset Nord-Norge HF,2015,gull,82
Universitetssykehuset Nord-Norge HF,2015,hybrid,36
Universitetssykehuset Nord-Norge HF,2015,grønn,37
Universitetssykehuset Nord-Norge HF,2015,lukket,177
Universitetssykehuset Nord-Norge HF,2016,diamant,8
Universitetssykehuset Nord-Norge HF,2016,gull,91
Universitetssykehuset Nord-Norge HF,2016,hybrid,25
Universitetssykehuset Nord-Norge HF,2016,grønn,33
Universitetssykehuset Nord-Norge HF,2016,lukket,134
Universitetssykehuset Nord-Norge HF,2017,diamant,7
Universitetssykehuset Nord-Norge HF,2017,gull,104
Universitetssykehuset Nord-Norge HF,2017,hybrid,36
Universitetssykehuset Nord-Norge HF,2017,grønn,53
Universitetssykehuset Nord-Norge HF,2017,lukket,121
Universitetssykehuset Nord-Norge HF,2018,diamant,6
Universitetssykehuset Nord-Norge HF,2018,gull,117
Universitetssykehuset Nord-Norge HF,2018,hybrid,30
Universitetssykehuset Nord-Norge HF,2018,grønn,51
Universitetssykehuset Nord-Norge HF,2018,lukket,112
Universitetssykehuset Nord-Norge HF,2019,diamant,10
Universitetssykehuset Nord-Norge HF,2019,gull,129
Universitetssykehuset Nord-Norge HF,2019,hybrid,36
Universitetssykehuset Nord-Norge HF,2019,hybrid_avtale,21
Universitetssykehuset Nord-Norge HF,2019,grønn,100
Universitetssykehuset Nord-Norge HF,2019,lukket,81
Universitetssykehuset Nord-Norge HF,2020,diamant,11
Universitetssykehuset Nord-Norge HF,2020,gull,148
Universitetssykehuset Nord-Norge HF,2020,hybrid,48
Universitetssykehuset Nord-Norge HF,2020,hybrid_avtale,80
Universitetssykehuset Nord-Norge HF,2020,grønn,57
Universitetssykehuset Nord-Norge HF,2020,lukket,57
Universitetssykehuset Nord-Norge HF,2021,diamant,10
Universitetssykehuset Nord-Norge HF,2021,gull,156
Universitetssykehuset Nord-Norge HF,2021,hybrid,50
Universitetssykehuset Nord-Norge HF,2021,hybrid_avtale,73
Universitetssykehuset Nord-Norge HF,2021,grønn,56
Universitetssykehuset Nord-Norge HF,2021,lukket,48
Universitetssykehuset Nord-Norge HF,2022,diamant,10
Universitetssykehuset Nord-Norge HF,2022,gull,193
Universitetssykehuset Nord-Norge HF,2022,hybrid,54
Universitetssykehuset Nord-Norge HF,2022,hybrid_avtale,80
Universitetssykehuset Nord-Norge HF,2022,grønn,45
Universitetssykehuset Nord-Norge HF,2022,lukket,30
Universitetssykehuset Nord-Norge HF,2023,diamant,13
Universitetssykehuset Nord-Norge HF,2023,gull,171
Universitetssykehuset Nord-Norge HF,2023,hybrid,54
Universitetssykehuset Nord-Norge HF,2023,hybrid_avtale,64
Universitetssykehuset Nord-Norge HF,2023,grønn,50
Universitetssykehuset Nord-Norge HF,2023,lukket,16
Universitetssykehuset Nord-Norge HF,2024,diamant,6
Universitetssykehuset Nord-Norge HF,2024,gull,187
Universitetssykehuset Nord-Norge HF,2024,hybrid,58
Universitetssykehuset Nord-Norge HF,2024,hybrid_avtale,61
Universitetssykehuset Nord-Norge HF,2024,grønn,34
Universitetssykehuset Nord-Norge HF,2024,lukket,22
Universitetssykehuset Nord-Norge HF,2025,diamant,12
Universitetssykehuset Nord-Norge HF,2025,gull,217
Universitetssykehuset Nord-Norge HF,2025,hybrid,59
Universitetssykehuset Nord-Norge HF,2025,hybrid_avtale,69
Universitetssykehuset Nord-Norge HF,2025,grønn,29
Universitetssykehuset Nord-Norge HF,2025,deponert,5
Universitetssykehuset Nord-Norge HF,2025,lukket,31
VID vitenskapelige høgskole,2013,diamant,5
VID vitenskapelige høgskole,2013,gull,5
VID vitenskapelige høgskole,2013,hybrid,3
VID vitenskapelige høgskole,2013,grønn,8
VID vitenskapelige høgskole,2013,lukket,55
VID vitenskapelige høgskole,2014,diamant,5
VID vitenskapelige høgskole,2014,gull,8
VID vitenskapelige høgskole,2014,hybrid,4
VID vitenskapelige høgskole,2014,grønn,24
VID vitenskapelige høgskole,2014,lukket,48
VID vitenskapelige høgskole,2015,diamant,2
VID vitenskapelige høgskole,2015,gull,15
VID vitenskapelige høgskole,2015,hybrid,4
VID vitenskapelige høgskole,2015,grønn,15
VID vitenskapelige høgskole,2015,lukket,67
VID vitenskapelige høgskole,2016,diamant,3
VID vitenskapelige høgskole,2016,gull,14
VID vitenskapelige høgskole,2016,hybrid,3
VID vitenskapelige høgskole,2016,grønn,19
VID vitenskapelige høgskole,2016,lukket,67
VID vitenskapelige høgskole,2017,diamant,11
VID vitenskapelige høgskole,2017,gull,24
VID vitenskapelige høgskole,2017,hybrid,8
VID vitenskapelige høgskole,2017,grønn,26
VID vitenskapelige høgskole,2017,lukket,46
VID vitenskapelige høgskole,2018,diamant,22
VID vitenskapelige høgskole,2018,gull,32
VID vitenskapelige høgskole,2018,hybrid,3
VID vitenskapelige høgskole,2018,grønn,37
VID vitenskapelige høgskole,2018,lukket,55
VID vitenskapelige høgskole,2019,diamant,19
VID vitenskapelige høgskole,2019,gull,44
VID vitenskapelige høgskole,2019,hybrid,3
VID vitenskapelige høgskole,2019,hybrid_avtale,4
VID vitenskapelige høgskole,2019,grønn,39
VID vitenskapelige høgskole,2019,lukket,47
VID vitenskapelige høgskole,2020,diamant,21
VID vitenskapelige høgskole,2020,gull,39
VID vitenskapelige høgskole,2020,hybrid,10
VID vitenskapelige høgskole,2020,hybrid_avtale,19
VID vitenskapelige høgskole,2020,grønn,32
VID vitenskapelige høgskole,2020,lukket,48
VID vitenskapelige høgskole,2021,diamant,32
VID vitenskapelige høgskole,2021,gull,61
VID vitenskapelige høgskole,2021,hybrid,16
VID vitenskapelige høgskole,2021,hybrid_avtale,37
VID vitenskapelige høgskole,2021,grønn,29
VID vitenskapelige høgskole,2021,lukket,45
VID vitenskapelige høgskole,2022,diamant,23
VID vitenskapelige høgskole,2022,gull,83
VID vitenskapelige høgskole,2022,hybrid,25
VID vitenskapelige høgskole,2022,hybrid_avtale,37
VID vitenskapelige høgskole,2022,grønn,15
VID vitenskapelige høgskole,2022,lukket,24
VID vitenskapelige høgskole,2023,diamant,34
VID vitenskapelige høgskole,2023,gull,94
VID vitenskapelige høgskole,2023,hybrid,25
VID vitenskapelige høgskole,2023,hybrid_avtale,50
VID vitenskapelige høgskole,2023,grønn,11
VID vitenskapelige høgskole,2023,lukket,41
VID vitenskapelige høgskole,2024,diamant,33
VID vitenskapelige høgskole,2024,gull,69
VID vitenskapelige høgskole,2024,hybrid,15
VID vitenskapelige høgskole,2024,hybrid_avtale,56
VID vitenskapelige høgskole,2024,grønn,8
VID vitenskapelige høgskole,2024,lukket,36
VID vitenskapelige høgskole,2025,diamant,46
VID vitenskapelige høgskole,2025,gull,71
VID vitenskapelige høgskole,2025,hybrid,22
VID vitenskapelige høgskole,2025,hybrid_avtale,47
VID vitenskapelige høgskole,2025,grønn,8
VID vitenskapelige høgskole,2025,deponert,11
VID vitenskapelige høgskole,2025,lukket,34
Valnesfjord Helsesportssenter,2013,gull,1
Valnesfjord Helsesportssenter,2014,gull,1
Valnesfjord Helsesportssenter,2016,gull,1
Valnesfjord Helsesportssenter,2019,gull,2
Valnesfjord Helsesportssenter,2020,lukket,2
Valnesfjord Helsesportssenter,2021,gull,2
Valnesfjord Helsesportssenter,2021,hybrid,1
Valnesfjord Helsesportssenter,2022,diamant,1
Valnesfjord Helsesportssenter,2022,gull,2
Valnesfjord Helsesportssenter,2023,gull,1
Valnesfjord Helsesportssenter,2023,hybrid_avtale,1
Valnesfjord Helsesportssenter,2023,grønn,1
Valnesfjord Helsesportssenter,2024,hybrid_avtale,1
Vestlandsforsking,2013,gull,2
Vestlandsforsking,2013,lukket,9
Vestlandsforsking,2014,diamant,1
Vestlandsforsking,2014,gull,4
Vestlandsforsking,2014,grønn,1
Vestlandsforsking,2014,lukket,9
Vestlandsforsking,2015,gull,2
Vestlandsforsking,2015,hybrid,2
Vestlandsforsking,2015,grønn,3
Vestlandsforsking,2015,lukket,14
Vestlandsforsking,2016,gull,2
Vestlandsforsking,2016,hybrid,1
Vestlandsforsking,2016,grønn,2
Vestlandsforsking,2016,lukket,13
Vestlandsforsking,2017,gull,4
Vestlandsforsking,2017,grønn,1
Vestlandsforsking,2017,lukket,7
Vestlandsforsking,2018,gull,6
Vestlandsforsking,2018,hybrid,5
Vestlandsforsking,2018,grønn,4
Vestlandsforsking,2018,lukket,6
Vestlandsforsking,2019,diamant,2
Vestlandsforsking,2019,gull,5
Vestlandsforsking,2019,hybrid,3
Vestlandsforsking,2019,grønn,4
Vestlandsforsking,2019,lukket,13
Vestlandsforsking,2020,gull,4
Vestlandsforsking,2020,hybrid,7
Vestlandsforsking,2020,hybrid_avtale,1
Vestlandsforsking,2020,grønn,7
Vestlandsforsking,2020,lukket,9
Vestlandsforsking,2021,gull,2
Vestlandsforsking,2021,hybrid,10
Vestlandsforsking,2021,hybrid_avtale,1
Vestlandsforsking,2021,grønn,1
Vestlandsforsking,2021,lukket,13
Vestlandsforsking,2022,diamant,2
Vestlandsforsking,2022,gull,3
Vestlandsforsking,2022,hybrid,10
Vestlandsforsking,2022,hybrid_avtale,2
Vestlandsforsking,2022,grønn,3
Vestlandsforsking,2022,lukket,12
Vestlandsforsking,2023,diamant,1
Vestlandsforsking,2023,gull,7
Vestlandsforsking,2023,hybrid,8
Vestlandsforsking,2023,hybrid_avtale,3
Vestlandsforsking,2023,grønn,1
Vestlandsforsking,2023,lukket,3
Vestlandsforsking,2024,gull,4
Vestlandsforsking,2024,hybrid,15
Vestlandsforsking,2024,hybrid_avtale,3
Vestlandsforsking,2024,grønn,1
Vestlandsforsking,2024,lukket,7
Vestlandsforsking,2025,diamant,1
Vestlandsforsking,2025,gull,3
Vestlandsforsking,2025,hybrid,9
Vestlandsforsking,2025,hybrid_avtale,8
Vestlandsforsking,2025,grønn,1
Vestlandsforsking,2025,lukket,10
Vestre Viken HF,2013,diamant,2
Vestre Viken HF,2013,gull,14
Vestre Viken HF,2013,hybrid,1
Vestre Viken HF,2013,grønn,5
Vestre Viken HF,2013,lukket,76
Vestre Viken HF,2014,diamant,2
Vestre Viken HF,2014,gull,15
Vestre Viken HF,2014,hybrid,7
Vestre Viken HF,2014,grønn,4
Vestre Viken HF,2014,lukket,55
Vestre Viken HF,2015,diamant,2
Vestre Viken HF,2015,gull,19
Vestre Viken HF,2015,hybrid,5
Vestre Viken HF,2015,grønn,6
Vestre Viken HF,2015,lukket,58
Vestre Viken HF,2016,gull,34
Vestre Viken HF,2016,hybrid,9
Vestre Viken HF,2016,grønn,10
Vestre Viken HF,2016,lukket,63
Vestre Viken HF,2017,diamant,3
Vestre Viken HF,2017,gull,48
Vestre Viken HF,2017,hybrid,7
Vestre Viken HF,2017,grønn,19
Vestre Viken HF,2017,lukket,50
Vestre Viken HF,2018,diamant,6
Vestre Viken HF,2018,gull,29
Vestre Viken HF,2018,hybrid,12
Vestre Viken HF,2018,grønn,31
Vestre Viken HF,2018,lukket,43
Vestre Viken HF,2019,diamant,8
Vestre Viken HF,2019,gull,49
Vestre Viken HF,2019,hybrid,9
Vestre Viken HF,2019,hybrid_avtale,8
Vestre Viken HF,2019,grønn,24
Vestre Viken HF,2019,deponert,1
Vestre Viken HF,2019,lukket,31
Vestre Viken HF,2020,diamant,5
Vestre Viken HF,2020,gull,54
Vestre Viken HF,2020,hybrid,13
Vestre Viken HF,2020,hybrid_avtale,29
Vestre Viken HF,2020,grønn,23
Vestre Viken HF,2020,lukket,24
Vestre Viken HF,2021,diamant,8
Vestre Viken HF,2021,gull,63
Vestre Viken HF,2021,hybrid,18
Vestre Viken HF,2021,hybrid_avtale,35
Vestre Viken HF,2021,grønn,16
Vestre Viken HF,2021,lukket,23
Vestre Viken HF,2022,diamant,4
Vestre Viken HF,2022,gull,96
Vestre Viken HF,2022,hybrid,17
Vestre Viken HF,2022,hybrid_avtale,45
Vestre Viken HF,2022,grønn,14
Vestre Viken HF,2022,lukket,21
Vestre Viken HF,2023,diamant,8
Vestre Viken HF,2023,gull,80
Vestre Viken HF,2023,hybrid,28
Vestre Viken HF,2023,hybrid_avtale,41
Vestre Viken HF,2023,grønn,14
Vestre Viken HF,2023,lukket,16
Vestre Viken HF,2024,diamant,6
Vestre Viken HF,2024,gull,68
Vestre Viken HF,2024,hybrid,12
Vestre Viken HF,2024,hybrid_avtale,57
Vestre Viken HF,2024,grønn,14
Vestre Viken HF,2024,lukket,9
Vestre Viken HF,2025,diamant,3
Vestre Viken HF,2025,gull,81
Vestre Viken HF,2025,hybrid,24
Vestre Viken HF,2025,hybrid_avtale,42
Vestre Viken HF,2025,grønn,8
Vestre Viken HF,2025,deponert,5
Vestre Viken HF,2025,lukket,18
Veterinærinstituttet,2013,diamant,1
Veterinærinstituttet,2013,gull,27
Veterinærinstituttet,2013,hybrid,9
Veterinærinstituttet,2013,grønn,11
Veterinærinstituttet,2013,lukket,75
Veterinærinstituttet,2014,gull,29
Veterinærinstituttet,2014,hybrid,11
Veterinærinstituttet,2014,grønn,15
Veterinærinstituttet,2014,lukket,64
Veterinærinstituttet,2015,gull,28
Veterinærinstituttet,2015,hybrid,14
Veterinærinstituttet,2015,grønn,12
Veterinærinstituttet,2015,lukket,46
Veterinærinstituttet,2016,diamant,1
Veterinærinstituttet,2016,gull,33
Veterinærinstituttet,2016,hybrid,13
Veterinærinstituttet,2016,grønn,6
Veterinærinstituttet,2016,lukket,45
Veterinærinstituttet,2017,diamant,3
Veterinærinstituttet,2017,gull,30
Veterinærinstituttet,2017,hybrid,15
Veterinærinstituttet,2017,grønn,8
Veterinærinstituttet,2017,lukket,39
Veterinærinstituttet,2018,diamant,6
Veterinærinstituttet,2018,gull,42
Veterinærinstituttet,2018,hybrid,18
Veterinærinstituttet,2018,grønn,11
Veterinærinstituttet,2018,lukket,33
Veterinærinstituttet,2019,diamant,1
Veterinærinstituttet,2019,gull,52
Veterinærinstituttet,2019,hybrid,19
Veterinærinstituttet,2019,hybrid_avtale,10
Veterinærinstituttet,2019,grønn,20
Veterinærinstituttet,2019,lukket,22
Veterinærinstituttet,2020,diamant,2
Veterinærinstituttet,2020,gull,72
Veterinærinstituttet,2020,hybrid,19
Veterinærinstituttet,2020,hybrid_avtale,18
Veterinærinstituttet,2020,grønn,18
Veterinærinstituttet,2020,lukket,19
Veterinærinstituttet,2021,diamant,2
Veterinærinstituttet,2021,gull,79
Veterinærinstituttet,2021,hybrid,17
Veterinærinstituttet,2021,hybrid_avtale,19
Veterinærinstituttet,2021,grønn,19
Veterinærinstituttet,2021,lukket,12
Veterinærinstituttet,2022,diamant,2
Veterinærinstituttet,2022,gull,43
Veterinærinstituttet,2022,hybrid,16
Veterinærinstituttet,2022,hybrid_avtale,19
Veterinærinstituttet,2022,grønn,19
Veterinærinstituttet,2022,lukket,7
Veterinærinstituttet,2023,diamant,1
Veterinærinstituttet,2023,gull,68
Veterinærinstituttet,2023,hybrid,12
Veterinærinstituttet,2023,hybrid_avtale,14
Veterinærinstituttet,2023,grønn,7
Veterinærinstituttet,2023,lukket,6
Veterinærinstituttet,2024,diamant,3
Veterinærinstituttet,2024,gull,60
Veterinærinstituttet,2024,hybrid,25
Veterinærinstituttet,2024,hybrid_avtale,22
Veterinærinstituttet,2024,grønn,9
Veterinærinstituttet,2024,lukket,9
Veterinærinstituttet,2025,diamant,3
Veterinærinstituttet,2025,gull,62
Veterinærinstituttet,2025,hybrid,23
Veterinærinstituttet,2025,hybrid_avtale,13
Veterinærinstituttet,2025,grønn,9
Veterinærinstituttet,2025,deponert,5
Veterinærinstituttet,2025,lukket,6
Vigør rehabiliteringssykehus AS,2025,hybrid_avtale,1
